Workbook

Sheet ReadMe
A2: Ce fichier permet de construire des données marché à partir de données ICV de production pour l'aluminium
A3: Il fournit le pourcentage de chaque données ICV d'arrière plan à prendre en compte pour construire la données ICV recherchée.
A4: Les indicateurs d'impacts des données d'arrière plan ne peuvent être fournies pour des raisons de licence (base de données Ecoinvent).
A5: Pour cette raison, les indicateurs d'impacts des données construite sont à zero. Elles sont complétées automatiquement si les données d'arrière plan sont fournies.
A7: Onglet | B7: Description
A8: Résultat | B8: Construction du mix marché par pays. Calcul des émissions et Cout Environnemental, selon les données d'Arrière plan complétées
A9: Données ArrièrePlan | B9: Données ICV de production, à compléter
A10: Autoconsommation | B10: Synthèse par pays analysé des quantités d'autoconsommation, y compris recyclage
A11: Import | B11: Synthèse par pays analysé des quantités importées
A12: Correspondance Pays | B12: Table de correspondance pays Analyse / Conpens8 / Ecoinvent
A13: compens8-Prod | B13: Table de données de production, pays par pays (compens8)
A14: compens8-Import | B14: Table de données d'importation, pays par pays (compens8)
A15: compens8-Prod | B15: Table de données d'exportation, pays par pays (compens8) (utiliser pour calculer des imports nets
A17: Auteurs :
A18: - Analyse et calcul de données GES : ADEME - STM (Caroline MIR, Laurent Gagnepain)
A19: - Refonte du fichier pour diffusion libre, intégration de données de Coût Environnemental : Ecobalyse (Nicolas Planchenault)
A20: - Données Production, Import et Export (onglets dédiés) : COMPENS8 (Clément Bonnault, Nancy, compens-8.com), basé sur des données 2022
A21: - Données Taux de recyclage (colonnes Colonne L, M et O de l'onglet "autoconsommation") : COMPENS8 (Clément Bonnault, Nancy, compens-8.com), basé sur des données 2022

Sheet Résultats
C1: Mix Pays (Primaire + secondaire) | Q1: Mix vierge (Primaire seul)
A2: Pays producteur de VE | B2: Origine | C2: Impact | D2: Scrap RER | E2: Scrap RoW | F2: Amérique du Nord | G2: Chine | H2: Afrique | I2: Asie hors Chine et pays du Golfe persique | J2: Europe | K2: Pays du Golfe Persique | L2: Russie | M2: Océanie | N2: Amérique du sud | O2: Reste du monde | Q2: Impact | R2: Amérique du Nord | S2: Chine | T2: Afrique | U2: Asie hors Chine et pays du Golfe persique | V2: Europe | W2: Pays du Golfe Persique | X2: Russie | Y2: Océanie | Z2: Amérique du sud | AA2: Reste du monde | AC2: % Scrap | AD2: RER | AE2: RoW | AG2: % Autoconso | AH2: Amérique du Nord | AI2: Chine | AJ2: Afrique | AK2: Asie hors Chine et pays du Golfe persique | AL2: Europe | AM2: Pays du Golfe Persique | AN2: Russie | AO2: Océanie | AP2: Amérique du sud | AQ2: Reste du monde | AS2: % Import | AT2: Amérique du Nord | AU2: Chine | AV2: Afrique | AW2: Asie hors Chine et pays du Golfe persique | AX2: Europe | AY2: Pays du Golfe Persique | AZ2: Russie | BA2: Océanie | BB2: Amérique du sud | BC2: Reste du monde
A3: Germany | B3: Europe | C3: =SUMPRODUCT('Données ArrièrePlan'!$B$3:$M$3,$D3:$O3) -> 0 | D3: =$AC3*AD3 -> 0.41933247 | E3: =$AC3*AE3 -> 0 | F3: =$AG3*AH3+$AS3*AT3 -> 0.0050913231 | G3: =$AG3*AI3+$AS3*AU3 -> 0 | H3: =$AG3*AJ3+$AS3*AV3 -> 0.022005263 | I3: =$AG3*AK3+$AS3*AW3 -> 0.014121509 | J3: =$AG3*AL3+$AS3*AX3 -> 0.44189803 | K3: =$AG3*AM3+$AS3*AY3 -> 0.057799057 | L3: =$AG3*AN3+$AS3*AZ3 -> 0.02967239 | M3: =$AG3*AO3+$AS3*BA3 -> 0 | ... O3: =$AG3*AQ3+$AS3*BC3 -> 0.01007996 | Q3: =SUMPRODUCT('Données ArrièrePlan'!$D$3:$M$3,$R3:$AA3) -> 0 | R3: =($AG3*AH3+$AS3*AT3)/($AS3+$AG3) -> 0.008768052 | S3: =($AG3*AI3+$AS3*AU3)/($AS3+$AG3) -> 0 | T3: =($AG3*AJ3+$AS3*AV3)/($AS3+$AG3) -> 0.037896492 | U3: =($AG3*AK3+$AS3*AW3)/($AS3+$AG3) -> 0.024319439 | V3: =($AG3*AL3+$AS3*AX3)/($AS3+$AG3) -> 0.76101729 | W3: =($AG3*AM3+$AS3*AY3)/($AS3+$AG3) -> 0.099538985 | X3: =($AG3*AN3+$AS3*AZ3)/($AS3+$AG3) -> 0.051100481 | Y3: =($AG3*AO3+$AS3*BA3)/($AS3+$AG3) -> 0 | ... AA3: =($AG3*AQ3+$AS3*BC3)/($AS3+$AG3) -> 0.017359262 | AC3: =(AutoConsommation!M3+AutoConsommation!O3)/SUM(AutoConsommation!$I3,AutoConsommation!$J3,AutoConsommation!$M3,AutoConsommation!$O3) -> 0.41933247 | AD3: =IF(_xlfn.XLOOKUP($A3,AutoConsommation!$B:$B,AutoConsommation!$A:$A)=Résultats!AD$2,1,0) -> 1 | AE3: =IF(_xlfn.XLOOKUP($A3,AutoConsommation!$B:$B,AutoConsommation!$A:$A)=Résultats!AE$2,1,0) -> 0 | AG3: =(AutoConsommation!I3)/SUM(AutoConsommation!$I3,AutoConsommation!$J3,AutoConsommation!$M3,AutoConsommation!$O3) -> 0.086566239 | AH3: =IF(_xlfn.XLOOKUP($A3,'Correspondances pays'!$A$4:$A$205,'Correspondances pays'!$C$4:$C$205)=Résultats!AH$2,1,0) -> 0 | AI3: =IF(_xlfn.XLOOKUP($A3,'Correspondances pays'!$A$4:$A$205,'Correspondances pays'!$C$4:$C$205)=Résultats!AI$2,1,0) -> 0 | AJ3: =IF(_xlfn.XLOOKUP($A3,'Correspondances pays'!$A$4:$A$205,'Correspondances pays'!$C$4:$C$205)=Résultats!AJ$2,1,0) -> 0 | AK3: =IF(_xlfn.XLOOKUP($A3,'Correspondances pays'!$A$4:$A$205,'Correspondances pays'!$C$4:$C$205)=Résultats!AK$2,1,0) -> 0 | AL3: =IF(_xlfn.XLOOKUP($A3,'Correspondances pays'!$A$4:$A$205,'Correspondances pays'!$C$4:$C$205)=Résultats!AL$2,1,0) -> 1 | AM3: =IF(_xlfn.XLOOKUP($A3,'Correspondances pays'!$A$4:$A$205,'Correspondances pays'!$C$4:$C$205)=Résultats!AM$2,1,0) -> 0 | AN3: =IF(_xlfn.XLOOKUP($A3,'Correspondances pays'!$A$4:$A$205,'Correspondances pays'!$C$4:$C$205)=Résultats!AN$2,1,0) -> 0 | AO3: =IF(_xlfn.XLOOKUP($A3,'Correspondances pays'!$A$4:$A$205,'Correspondances pays'!$C$4:$C$205)=Résultats!AO$2,1,0) -> 0 | ... AQ3: =IF(_xlfn.XLOOKUP($A3,'Correspondances pays'!$A$4:$A$205,'Correspondances pays'!$C$4:$C$205)=Résultats!AQ$2,1,0) -> 0 | AS3: =(AutoConsommation!J3)/SUM(AutoConsommation!$I3,AutoConsommation!$J3,AutoConsommation!$M3,AutoConsommation!$O3) -> 0.49410129 | AT3: =SUMIF(Import!$E$2:$CN$2,AT$2,Import!$E4:CN4)/Import!$D4 -> 0.010304209 | AU3: =SUMIF(Import!$E$2:$CN$2,AU$2,Import!$E4:CO4)/Import!$D4 -> 0 | AV3: =SUMIF(Import!$E$2:$CN$2,AV$2,Import!$E4:CP4)/Import!$D4 -> 0.044535934 | AW3: =SUMIF(Import!$E$2:$CN$2,AW$2,Import!$E4:CQ4)/Import!$D4 -> 0.02858019 | AX3: =SUMIF(Import!$E$2:$CN$2,AX$2,Import!$E4:CR4)/Import!$D4 -> 0.71914767 | AY3: =SUMIF(Import!$E$2:$CN$2,AY$2,Import!$E4:CS4)/Import!$D4 -> 0.11697815 | AZ3: =SUMIF(Import!$E$2:$CN$2,AZ$2,Import!$E4:CT4)/Import!$D4 -> 0.060053254 | BA3: =SUMIF(Import!$E$2:$CN$2,BA$2,Import!$E4:CU4)/Import!$D4 -> 0 | ... BC3: =SUMIF(Import!$E$2:$CN$2,BC$2,Import!$E4:CW4)/Import!$D4 -> 0.020400594
A4: Austria | B4: Europe | C4: =SUMPRODUCT('Données ArrièrePlan'!$B$3:$M$3,$D4:$O4) -> 0 | D4: =$AC4*AD4 -> 0.52270721 | E4: =$AC4*AE4 -> 0 | F4: =$AG4*AH4+$AS4*AT4 -> 0.0059135359 | G4: =$AG4*AI4+$AS4*AU4 -> 0.0011200933 | H4: =$AG4*AJ4+$AS4*AV4 -> 0.0016192653 | I4: =$AG4*AK4+$AS4*AW4 -> 0.0041873052 | J4: =$AG4*AL4+$AS4*AX4 -> 0.41543894 | K4: =$AG4*AM4+$AS4*AY4 -> 0.027700568 | L4: =$AG4*AN4+$AS4*AZ4 -> 0.013455903 | M4: =$AG4*AO4+$AS4*BA4 -> 0.0009035535 | ... O4: =$AG4*AQ4+$AS4*BC4 -> 0.0069536225 | Q4: =SUMPRODUCT('Données ArrièrePlan'!$D$3:$M$3,R4:AA4) -> 0 | R4: =($AG4*AH4+$AS4*AT4)/($AS4+$AG4) -> 0.012389745 | S4: =($AG4*AI4+$AS4*AU4)/($AS4+$AG4) -> 0.0023467635 | T4: =($AG4*AJ4+$AS4*AV4)/($AS4+$AG4) -> 0.0033926037 | U4: =($AG4*AK4+$AS4*AW4)/($AS4+$AG4) -> 0.0087730326 | V4: =($AG4*AL4+$AS4*AX4)/($AS4+$AG4) -> 0.87040691 | W4: =($AG4*AM4+$AS4*AY4)/($AS4+$AG4) -> 0.058036845 | X4: =($AG4*AN4+$AS4*AZ4)/($AS4+$AG4) -> 0.028192136 | Y4: =($AG4*AO4+$AS4*BA4)/($AS4+$AG4) -> 0.0018930801 | ... AA4: =($AG4*AQ4+$AS4*BC4)/($AS4+$AG4) -> 0.014568882 | AC4: =(AutoConsommation!M4+AutoConsommation!O4)/SUM(AutoConsommation!$I4,AutoConsommation!$J4,AutoConsommation!$M4,AutoConsommation!$O4) -> 0.52270721 | AD4: =IF(_xlfn.XLOOKUP($A4,AutoConsommation!$B:$B,AutoConsommation!$A:$A)=Résultats!AD$2,1,0) -> 1 | AE4: =IF(_xlfn.XLOOKUP($A4,AutoConsommation!$B:$B,AutoConsommation!$A:$A)=Résultats!AE$2,1,0) -> 0 | AG4: =(AutoConsommation!I4)/SUM(AutoConsommation!$I4,AutoConsommation!$J4,AutoConsommation!$M4,AutoConsommation!$O4) -> 0 | AH4: =IF(_xlfn.XLOOKUP($A4,'Correspondances pays'!$A$4:$A$205,'Correspondances pays'!$C$4:$C$205)=Résultats!AH$2,1,0) -> 0 | AI4: =IF(_xlfn.XLOOKUP($A4,'Correspondances pays'!$A$4:$A$205,'Correspondances pays'!$C$4:$C$205)=Résultats!AI$2,1,0) -> 0 | AJ4: =IF(_xlfn.XLOOKUP($A4,'Correspondances pays'!$A$4:$A$205,'Correspondances pays'!$C$4:$C$205)=Résultats!AJ$2,1,0) -> 0 | AK4: =IF(_xlfn.XLOOKUP($A4,'Correspondances pays'!$A$4:$A$205,'Correspondances pays'!$C$4:$C$205)=Résultats!AK$2,1,0) -> 0 | AL4: =IF(_xlfn.XLOOKUP($A4,'Correspondances pays'!$A$4:$A$205,'Correspondances pays'!$C$4:$C$205)=Résultats!AL$2,1,0) -> 1 | AM4: =IF(_xlfn.XLOOKUP($A4,'Correspondances pays'!$A$4:$A$205,'Correspondances pays'!$C$4:$C$205)=Résultats!AM$2,1,0) -> 0 | AN4: =IF(_xlfn.XLOOKUP($A4,'Correspondances pays'!$A$4:$A$205,'Correspondances pays'!$C$4:$C$205)=Résultats!AN$2,1,0) -> 0 | AO4: =IF(_xlfn.XLOOKUP($A4,'Correspondances pays'!$A$4:$A$205,'Correspondances pays'!$C$4:$C$205)=Résultats!AO$2,1,0) -> 0 | ... AQ4: =IF(_xlfn.XLOOKUP($A4,'Correspondances pays'!$A$4:$A$205,'Correspondances pays'!$C$4:$C$205)=Résultats!AQ$2,1,0) -> 0 | AS4: =(AutoConsommation!J4)/SUM(AutoConsommation!$I4,AutoConsommation!$J4,AutoConsommation!$M4,AutoConsommation!$O4) -> 0.47729279 | AT4: =SUMIF(Import!$E$2:$CN$2,AT$2,Import!$E5:CN5)/Import!$D5 -> 0.012389745 | AU4: =SUMIF(Import!$E$2:$CN$2,AU$2,Import!$E5:CO5)/Import!$D5 -> 0.0023467635 | AV4: =SUMIF(Import!$E$2:$CN$2,AV$2,Import!$E5:CP5)/Import!$D5 -> 0.0033926037 | AW4: =SUMIF(Import!$E$2:$CN$2,AW$2,Import!$E5:CQ5)/Import!$D5 -> 0.0087730326 | AX4: =SUMIF(Import!$E$2:$CN$2,AX$2,Import!$E5:CR5)/Import!$D5 -> 0.87040691 | AY4: =SUMIF(Import!$E$2:$CN$2,AY$2,Import!$E5:CS5)/Import!$D5 -> 0.058036845 | AZ4: =SUMIF(Import!$E$2:$CN$2,AZ$2,Import!$E5:CT5)/Import!$D5 -> 0.028192136 | BA4: =SUMIF(Import!$E$2:$CN$2,BA$2,Import!$E5:CU5)/Import!$D5 -> 0.0018930801 | ... BC4: =SUMIF(Import!$E$2:$CN$2,BC$2,Import!$E5:CW5)/Import!$D5 -> 0.014568882
A5: Belgium | B5: Europe | C5: =SUMPRODUCT('Données ArrièrePlan'!$B$3:$M$3,$D5:$O5) -> 0 | D5: =$AC5*AD5 -> 0.55148444 | E5: =$AC5*AE5 -> 0 | F5: =$AG5*AH5+$AS5*AT5 -> 0.00090252486 | G5: =$AG5*AI5+$AS5*AU5 -> 0 | H5: =$AG5*AJ5+$AS5*AV5 -> 0.034823263 | I5: =$AG5*AK5+$AS5*AW5 -> 0.031532596 | J5: =$AG5*AL5+$AS5*AX5 -> 0.34263875 | K5: =$AG5*AM5+$AS5*AY5 -> 0.011377898 | L5: =$AG5*AN5+$AS5*AZ5 -> 0.026425472 | M5: =$AG5*AO5+$AS5*BA5 -> 0.00061478168 | ... O5: =$AG5*AQ5+$AS5*BC5 -> 0 | Q5: =SUMPRODUCT('Données ArrièrePlan'!$D$3:$M$3,R5:AA5) -> 0 | R5: =($AG5*AH5+$AS5*AT5)/($AS5+$AG5) -> 0.0020122487 | S5: =($AG5*AI5+$AS5*AU5)/($AS5+$AG5) -> 0 | T5: =($AG5*AJ5+$AS5*AV5)/($AS5+$AG5) -> 0.077641147 | U5: =($AG5*AK5+$AS5*AW5)/($AS5+$AG5) -> 0.070304353 | V5: =($AG5*AL5+$AS5*AX5)/($AS5+$AG5) -> 0.76393949 | W5: =($AG5*AM5+$AS5*AY5)/($AS5+$AG5) -> 0.0253679 | X5: =($AG5*AN5+$AS5*AZ5)/($AS5+$AG5) -> 0.058917625 | Y5: =($AG5*AO5+$AS5*BA5)/($AS5+$AG5) -> 0.0013707031 | ... AA5: =($AG5*AQ5+$AS5*BC5)/($AS5+$AG5) -> 0 | AC5: =(AutoConsommation!M5+AutoConsommation!O5)/SUM(AutoConsommation!$I5,AutoConsommation!$J5,AutoConsommation!$M5,AutoConsommation!$O5) -> 0.55148444 | AD5: =IF(_xlfn.XLOOKUP($A5,AutoConsommation!$B:$B,AutoConsommation!$A:$A)=Résultats!AD$2,1,0) -> 1 | AE5: =IF(_xlfn.XLOOKUP($A5,AutoConsommation!$B:$B,AutoConsommation!$A:$A)=Résultats!AE$2,1,0) -> 0 | AG5: =(AutoConsommation!I5)/SUM(AutoConsommation!$I5,AutoConsommation!$J5,AutoConsommation!$M5,AutoConsommation!$O5) -> 0 | AH5: =IF(_xlfn.XLOOKUP($A5,'Correspondances pays'!$A$4:$A$205,'Correspondances pays'!$C$4:$C$205)=Résultats!AH$2,1,0) -> 0 | AI5: =IF(_xlfn.XLOOKUP($A5,'Correspondances pays'!$A$4:$A$205,'Correspondances pays'!$C$4:$C$205)=Résultats!AI$2,1,0) -> 0 | AJ5: =IF(_xlfn.XLOOKUP($A5,'Correspondances pays'!$A$4:$A$205,'Correspondances pays'!$C$4:$C$205)=Résultats!AJ$2,1,0) -> 0 | AK5: =IF(_xlfn.XLOOKUP($A5,'Correspondances pays'!$A$4:$A$205,'Correspondances pays'!$C$4:$C$205)=Résultats!AK$2,1,0) -> 0 | AL5: =IF(_xlfn.XLOOKUP($A5,'Correspondances pays'!$A$4:$A$205,'Correspondances pays'!$C$4:$C$205)=Résultats!AL$2,1,0) -> 1 | AM5: =IF(_xlfn.XLOOKUP($A5,'Correspondances pays'!$A$4:$A$205,'Correspondances pays'!$C$4:$C$205)=Résultats!AM$2,1,0) -> 0 | AN5: =IF(_xlfn.XLOOKUP($A5,'Correspondances pays'!$A$4:$A$205,'Correspondances pays'!$C$4:$C$205)=Résultats!AN$2,1,0) -> 0 | AO5: =IF(_xlfn.XLOOKUP($A5,'Correspondances pays'!$A$4:$A$205,'Correspondances pays'!$C$4:$C$205)=Résultats!AO$2,1,0) -> 0 | ... AQ5: =IF(_xlfn.XLOOKUP($A5,'Correspondances pays'!$A$4:$A$205,'Correspondances pays'!$C$4:$C$205)=Résultats!AQ$2,1,0) -> 0 | AS5: =(AutoConsommation!J5)/SUM(AutoConsommation!$I5,AutoConsommation!$J5,AutoConsommation!$M5,AutoConsommation!$O5) -> 0.44851556 | AT5: =SUMIF(Import!$E$2:$CN$2,AT$2,Import!$E6:CN6)/Import!$D6 -> 0.0020122487 | AU5: =SUMIF(Import!$E$2:$CN$2,AU$2,Import!$E6:CO6)/Import!$D6 -> 0 | AV5: =SUMIF(Import!$E$2:$CN$2,AV$2,Import!$E6:CP6)/Import!$D6 -> 0.077641147 | AW5: =SUMIF(Import!$E$2:$CN$2,AW$2,Import!$E6:CQ6)/Import!$D6 -> 0.070304353 | AX5: =SUMIF(Import!$E$2:$CN$2,AX$2,Import!$E6:CR6)/Import!$D6 -> 0.76393949 | AY5: =SUMIF(Import!$E$2:$CN$2,AY$2,Import!$E6:CS6)/Import!$D6 -> 0.0253679 | AZ5: =SUMIF(Import!$E$2:$CN$2,AZ$2,Import!$E6:CT6)/Import!$D6 -> 0.058917625 | BA5: =SUMIF(Import!$E$2:$CN$2,BA$2,Import!$E6:CU6)/Import!$D6 -> 0.0013707031 | ... BC5: =SUMIF(Import!$E$2:$CN$2,BC$2,Import!$E6:CW6)/Import!$D6 -> 0
A6: Brazil | B6: RoW | C6: =SUMPRODUCT('Données ArrièrePlan'!$B$3:$M$3,$D6:$O6) -> 0 | D6: =$AC6*AD6 -> 0 | E6: =$AC6*AE6 -> 0.39920395 | F6: =$AG6*AH6+$AS6*AT6 -> 0.000131888 | G6: =$AG6*AI6+$AS6*AU6 -> 0.00020285312 | H6: =$AG6*AJ6+$AS6*AV6 -> 0.019094303 | I6: =$AG6*AK6+$AS6*AW6 -> 0.050116771 | J6: =$AG6*AL6+$AS6*AX6 -> 0.0064370718 | K6: =$AG6*AM6+$AS6*AY6 -> 0.053660341 | L6: =$AG6*AN6+$AS6*AZ6 -> 0.0047151635 | M6: =$AG6*AO6+$AS6*BA6 -> 0.024241283 | ... O6: =$AG6*AQ6+$AS6*BC6 -> 0.0035509338 | Q6: =SUMPRODUCT('Données ArrièrePlan'!$D$3:$M$3,R6:AA6) -> 0 | R6: =($AG6*AH6+$AS6*AT6)/($AS6+$AG6) -> 0.00021952209 | S6: =($AG6*AI6+$AS6*AU6)/($AS6+$AG6) -> 0.00033764057 | T6: =($AG6*AJ6+$AS6*AV6)/($AS6+$AG6) -> 0.031781672 | U6: =($AG6*AK6+$AS6*AW6)/($AS6+$AG6) -> 0.083417279 | V6: =($AG6*AL6+$AS6*AX6)/($AS6+$AG6) -> 0.010714238 | W6: =($AG6*AM6+$AS6*AY6)/($AS6+$AG6) -> 0.089315403 | X6: =($AG6*AN6+$AS6*AZ6)/($AS6+$AG6) -> 0.0078481932 | Y6: =($AG6*AO6+$AS6*BA6)/($AS6+$AG6) -> 0.040348606 | ... AA6: =($AG6*AQ6+$AS6*BC6)/($AS6+$AG6) -> 0.0059103815 | AC6: =(AutoConsommation!M6+AutoConsommation!O6)/SUM(AutoConsommation!$I6,AutoConsommation!$J6,AutoConsommation!$M6,AutoConsommation!$O6) -> 0.39920395 | AD6: =IF(_xlfn.XLOOKUP($A6,AutoConsommation!$B:$B,AutoConsommation!$A:$A)=Résultats!AD$2,1,0) -> 0 | AE6: =IF(_xlfn.XLOOKUP($A6,AutoConsommation!$B:$B,AutoConsommation!$A:$A)=Résultats!AE$2,1,0) -> 1 | AG6: =(AutoConsommation!I6)/SUM(AutoConsommation!$I6,AutoConsommation!$J6,AutoConsommation!$M6,AutoConsommation!$O6) -> 0.39144627 | AH6: =IF(_xlfn.XLOOKUP($A6,'Correspondances pays'!$A$4:$A$205,'Correspondances pays'!$C$4:$C$205)=Résultats!AH$2,1,0) -> 0 | AI6: =IF(_xlfn.XLOOKUP($A6,'Correspondances pays'!$A$4:$A$205,'Correspondances pays'!$C$4:$C$205)=Résultats!AI$2,1,0) -> 0 | AJ6: =IF(_xlfn.XLOOKUP($A6,'Correspondances pays'!$A$4:$A$205,'Correspondances pays'!$C$4:$C$205)=Résultats!AJ$2,1,0) -> 0 | AK6: =IF(_xlfn.XLOOKUP($A6,'Correspondances pays'!$A$4:$A$205,'Correspondances pays'!$C$4:$C$205)=Résultats!AK$2,1,0) -> 0 | AL6: =IF(_xlfn.XLOOKUP($A6,'Correspondances pays'!$A$4:$A$205,'Correspondances pays'!$C$4:$C$205)=Résultats!AL$2,1,0) -> 0 | AM6: =IF(_xlfn.XLOOKUP($A6,'Correspondances pays'!$A$4:$A$205,'Correspondances pays'!$C$4:$C$205)=Résultats!AM$2,1,0) -> 0 | AN6: =IF(_xlfn.XLOOKUP($A6,'Correspondances pays'!$A$4:$A$205,'Correspondances pays'!$C$4:$C$205)=Résultats!AN$2,1,0) -> 0 | AO6: =IF(_xlfn.XLOOKUP($A6,'Correspondances pays'!$A$4:$A$205,'Correspondances pays'!$C$4:$C$205)=Résultats!AO$2,1,0) -> 0 | ... AQ6: =IF(_xlfn.XLOOKUP($A6,'Correspondances pays'!$A$4:$A$205,'Correspondances pays'!$C$4:$C$205)=Résultats!AQ$2,1,0) -> 0 | AS6: =(AutoConsommation!J6)/SUM(AutoConsommation!$I6,AutoConsommation!$J6,AutoConsommation!$M6,AutoConsommation!$O6) -> 0.20934978 | AT6: =SUMIF(Import!$E$2:$CN$2,AT$2,Import!$E7:CN7)/Import!$D7 -> 0.00062998874 | AU6: =SUMIF(Import!$E$2:$CN$2,AU$2,Import!$E7:CO7)/Import!$D7 -> 0.00096896746 | AV6: =SUMIF(Import!$E$2:$CN$2,AV$2,Import!$E7:CP7)/Import!$D7 -> 0.09120766 | AW6: =SUMIF(Import!$E$2:$CN$2,AW$2,Import!$E7:CQ7)/Import!$D7 -> 0.23939252 | AX6: =SUMIF(Import!$E$2:$CN$2,AX$2,Import!$E7:CR7)/Import!$D7 -> 0.030747928 | AY6: =SUMIF(Import!$E$2:$CN$2,AY$2,Import!$E7:CS7)/Import!$D7 -> 0.25631907 | AZ6: =SUMIF(Import!$E$2:$CN$2,AZ$2,Import!$E7:CT7)/Import!$D7 -> 0.022522897 | BA6: =SUMIF(Import!$E$2:$CN$2,BA$2,Import!$E7:CU7)/Import!$D7 -> 0.11579321 | ... BC6: =SUMIF(Import!$E$2:$CN$2,BC$2,Import!$E7:CW7)/Import!$D7 -> 0.016961727
A7: China | B7: RoW | C7: =SUMPRODUCT('Données ArrièrePlan'!$B$3:$M$3,$D7:$O7) -> 0 | D7: =$AC7*AD7 -> 0 | E7: =$AC7*AE7 -> 0.19368231 | F7: =$AG7*AH7+$AS7*AT7 -> 0 | G7: =$AG7*AI7+$AS7*AU7 -> 0.77132333 | H7: =$AG7*AJ7+$AS7*AV7 -> 0.00098142954 | I7: =$AG7*AK7+$AS7*AW7 -> 0.0081829589 | J7: =$AG7*AL7+$AS7*AX7 -> 0.00023740069 | K7: =$AG7*AM7+$AS7*AY7 -> 0.0013871241 | L7: =$AG7*AN7+$AS7*AZ7 -> 0.010075469 | M7: =$AG7*AO7+$AS7*BA7 -> 0.00054790596 | ... O7: =$AG7*AQ7+$AS7*BC7 -> 0.013105399 | Q7: =SUMPRODUCT('Données ArrièrePlan'!$D$3:$M$3,R7:AA7) -> 0 | R7: =($AG7*AH7+$AS7*AT7)/($AS7+$AG7) -> 0 | S7: =($AG7*AI7+$AS7*AU7)/($AS7+$AG7) -> 0.9565998 | T7: =($AG7*AJ7+$AS7*AV7)/($AS7+$AG7) -> 0.0012171748 | U7: =($AG7*AK7+$AS7*AW7)/($AS7+$AG7) -> 0.010148554 | V7: =($AG7*AL7+$AS7*AX7)/($AS7+$AG7) -> 0.00029442575 | W7: =($AG7*AM7+$AS7*AY7)/($AS7+$AG7) -> 0.0017203196 | X7: =($AG7*AN7+$AS7*AZ7)/($AS7+$AG7) -> 0.012495657 | Y7: =($AG7*AO7+$AS7*BA7)/($AS7+$AG7) -> 0.00067951624 | ... AA7: =($AG7*AQ7+$AS7*BC7)/($AS7+$AG7) -> 0.016253394 | AC7: =(AutoConsommation!M7+AutoConsommation!O7)/SUM(AutoConsommation!$I7,AutoConsommation!$J7,AutoConsommation!$M7,AutoConsommation!$O7) -> 0.19368231 | AD7: =IF(_xlfn.XLOOKUP($A7,AutoConsommation!$B:$B,AutoConsommation!$A:$A)=Résultats!AD$2,1,0) -> 0 | AE7: =IF(_xlfn.XLOOKUP($A7,AutoConsommation!$B:$B,AutoConsommation!$A:$A)=Résultats!AE$2,1,0) -> 1 | AG7: =(AutoConsommation!I7)/SUM(AutoConsommation!$I7,AutoConsommation!$J7,AutoConsommation!$M7,AutoConsommation!$O7) -> 0.77095059 | AH7: =IF(_xlfn.XLOOKUP($A7,'Correspondances pays'!$A$4:$A$205,'Correspondances pays'!$C$4:$C$205)=Résultats!AH$2,1,0) -> 0 | AI7: =IF(_xlfn.XLOOKUP($A7,'Correspondances pays'!$A$4:$A$205,'Correspondances pays'!$C$4:$C$205)=Résultats!AI$2,1,0) -> 1 | AJ7: =IF(_xlfn.XLOOKUP($A7,'Correspondances pays'!$A$4:$A$205,'Correspondances pays'!$C$4:$C$205)=Résultats!AJ$2,1,0) -> 0 | AK7: =IF(_xlfn.XLOOKUP($A7,'Correspondances pays'!$A$4:$A$205,'Correspondances pays'!$C$4:$C$205)=Résultats!AK$2,1,0) -> 0 | AL7: =IF(_xlfn.XLOOKUP($A7,'Correspondances pays'!$A$4:$A$205,'Correspondances pays'!$C$4:$C$205)=Résultats!AL$2,1,0) -> 0 | AM7: =IF(_xlfn.XLOOKUP($A7,'Correspondances pays'!$A$4:$A$205,'Correspondances pays'!$C$4:$C$205)=Résultats!AM$2,1,0) -> 0 | AN7: =IF(_xlfn.XLOOKUP($A7,'Correspondances pays'!$A$4:$A$205,'Correspondances pays'!$C$4:$C$205)=Résultats!AN$2,1,0) -> 0 | AO7: =IF(_xlfn.XLOOKUP($A7,'Correspondances pays'!$A$4:$A$205,'Correspondances pays'!$C$4:$C$205)=Résultats!AO$2,1,0) -> 0 | ... AQ7: =IF(_xlfn.XLOOKUP($A7,'Correspondances pays'!$A$4:$A$205,'Correspondances pays'!$C$4:$C$205)=Résultats!AQ$2,1,0) -> 0 | AS7: =(AutoConsommation!J7)/SUM(AutoConsommation!$I7,AutoConsommation!$J7,AutoConsommation!$M7,AutoConsommation!$O7) -> 0.035367094 | AT7: =SUMIF(Import!$E$2:$CN$2,AT$2,Import!$E8:CN8)/Import!$D8 -> 0 | AU7: =SUMIF(Import!$E$2:$CN$2,AU$2,Import!$E8:CO8)/Import!$D8 -> 0.010539237 | AV7: =SUMIF(Import!$E$2:$CN$2,AV$2,Import!$E8:CP8)/Import!$D8 -> 0.027749793 | AW7: =SUMIF(Import!$E$2:$CN$2,AW$2,Import!$E8:CQ8)/Import!$D8 -> 0.2313721 | AX7: =SUMIF(Import!$E$2:$CN$2,AX$2,Import!$E8:CR8)/Import!$D8 -> 0.0067124737 | AY7: =SUMIF(Import!$E$2:$CN$2,AY$2,Import!$E8:CS8)/Import!$D8 -> 0.039220754 | AZ7: =SUMIF(Import!$E$2:$CN$2,AZ$2,Import!$E8:CT8)/Import!$D8 -> 0.28488259 | BA7: =SUMIF(Import!$E$2:$CN$2,BA$2,Import!$E8:CU8)/Import!$D8 -> 0.01549197 | ... BC7: =SUMIF(Import!$E$2:$CN$2,BC$2,Import!$E8:CW8)/Import!$D8 -> 0.37055346
A8: Korea, South | B8: RoW | C8: =SUMPRODUCT('Données ArrièrePlan'!$B$3:$M$3,$D8:$O8) -> 0 | D8: =$AC8*AD8 -> 0 | E8: =$AC8*AE8 -> 0.47078651 | F8: =$AG8*AH8+$AS8*AT8 -> 0.00095631422 | G8: =$AG8*AI8+$AS8*AU8 -> 0.010167937 | H8: =$AG8*AJ8+$AS8*AV8 -> 0.0002731331 | I8: =$AG8*AK8+$AS8*AW8 -> 0.1903121 | J8: =$AG8*AL8+$AS8*AX8 -> 0.00338908 | K8: =$AG8*AM8+$AS8*AY8 -> 0.11169297 | L8: =$AG8*AN8+$AS8*AZ8 -> 0.048804077 | M8: =$AG8*AO8+$AS8*BA8 -> 0.10854253 | ... O8: =$AG8*AQ8+$AS8*BC8 -> 0.055075338 | Q8: =SUMPRODUCT('Données ArrièrePlan'!$D$3:$M$3,R8:AA8) -> 0 | R8: =($AG8*AH8+$AS8*AT8)/($AS8+$AG8) -> 0.0018070481 | S8: =($AG8*AI8+$AS8*AU8)/($AS8+$AG8) -> 0.019213299 | T8: =($AG8*AJ8+$AS8*AV8)/($AS8+$AG8) -> 0.00051611136 | U8: =($AG8*AK8+$AS8*AW8)/($AS8+$AG8) -> 0.3596131 | V8: =($AG8*AL8+$AS8*AX8)/($AS8+$AG8) -> 0.0064039941 | W8: =($AG8*AM8+$AS8*AY8)/($AS8+$AG8) -> 0.21105466 | X8: =($AG8*AN8+$AS8*AZ8)/($AS8+$AG8) -> 0.092220016 | Y8: =($AG8*AO8+$AS8*BA8)/($AS8+$AG8) -> 0.2051016 | ... AA8: =($AG8*AQ8+$AS8*BC8)/($AS8+$AG8) -> 0.10407017 | AC8: =(AutoConsommation!M8+AutoConsommation!O8)/SUM(AutoConsommation!$I8,AutoConsommation!$J8,AutoConsommation!$M8,AutoConsommation!$O8) -> 0.47078651 | AD8: =IF(_xlfn.XLOOKUP($A8,AutoConsommation!$B:$B,AutoConsommation!$A:$A)=Résultats!AD$2,1,0) -> 0 | AE8: =IF(_xlfn.XLOOKUP($A8,AutoConsommation!$B:$B,AutoConsommation!$A:$A)=Résultats!AE$2,1,0) -> 1 | AG8: =(AutoConsommation!I8)/SUM(AutoConsommation!$I8,AutoConsommation!$J8,AutoConsommation!$M8,AutoConsommation!$O8) -> 0 | AH8: =IF(_xlfn.XLOOKUP($A8,'Correspondances pays'!$A$4:$A$205,'Correspondances pays'!$C$4:$C$205)=Résultats!AH$2,1,0) -> 0 | AI8: =IF(_xlfn.XLOOKUP($A8,'Correspondances pays'!$A$4:$A$205,'Correspondances pays'!$C$4:$C$205)=Résultats!AI$2,1,0) -> 0 | AJ8: =IF(_xlfn.XLOOKUP($A8,'Correspondances pays'!$A$4:$A$205,'Correspondances pays'!$C$4:$C$205)=Résultats!AJ$2,1,0) -> 0 | AK8: =IF(_xlfn.XLOOKUP($A8,'Correspondances pays'!$A$4:$A$205,'Correspondances pays'!$C$4:$C$205)=Résultats!AK$2,1,0) -> 1 | AL8: =IF(_xlfn.XLOOKUP($A8,'Correspondances pays'!$A$4:$A$205,'Correspondances pays'!$C$4:$C$205)=Résultats!AL$2,1,0) -> 0 | AM8: =IF(_xlfn.XLOOKUP($A8,'Correspondances pays'!$A$4:$A$205,'Correspondances pays'!$C$4:$C$205)=Résultats!AM$2,1,0) -> 0 | AN8: =IF(_xlfn.XLOOKUP($A8,'Correspondances pays'!$A$4:$A$205,'Correspondances pays'!$C$4:$C$205)=Résultats!AN$2,1,0) -> 0 | AO8: =IF(_xlfn.XLOOKUP($A8,'Correspondances pays'!$A$4:$A$205,'Correspondances pays'!$C$4:$C$205)=Résultats!AO$2,1,0) -> 0 | ... AQ8: =IF(_xlfn.XLOOKUP($A8,'Correspondances pays'!$A$4:$A$205,'Correspondances pays'!$C$4:$C$205)=Résultats!AQ$2,1,0) -> 0 | AS8: =(AutoConsommation!J8)/SUM(AutoConsommation!$I8,AutoConsommation!$J8,AutoConsommation!$M8,AutoConsommation!$O8) -> 0.52921349 | AT8: =SUMIF(Import!$E$2:$CN$2,AT$2,Import!$E9:CN9)/Import!$D9 -> 0.0018070481 | AU8: =SUMIF(Import!$E$2:$CN$2,AU$2,Import!$E9:CO9)/Import!$D9 -> 0.019213299 | AV8: =SUMIF(Import!$E$2:$CN$2,AV$2,Import!$E9:CP9)/Import!$D9 -> 0.00051611136 | AW8: =SUMIF(Import!$E$2:$CN$2,AW$2,Import!$E9:CQ9)/Import!$D9 -> 0.3596131 | AX8: =SUMIF(Import!$E$2:$CN$2,AX$2,Import!$E9:CR9)/Import!$D9 -> 0.0064039941 | AY8: =SUMIF(Import!$E$2:$CN$2,AY$2,Import!$E9:CS9)/Import!$D9 -> 0.21105466 | AZ8: =SUMIF(Import!$E$2:$CN$2,AZ$2,Import!$E9:CT9)/Import!$D9 -> 0.092220016 | BA8: =SUMIF(Import!$E$2:$CN$2,BA$2,Import!$E9:CU9)/Import!$D9 -> 0.2051016 | ... BC8: =SUMIF(Import!$E$2:$CN$2,BC$2,Import!$E9:CW9)/Import!$D9 -> 0.10407017
A9: Spain | B9: Europe | C9: =SUMPRODUCT('Données ArrièrePlan'!$B$3:$M$3,$D9:$O9) -> 0 | D9: =$AC9*AD9 -> 0.54287318 | E9: =$AC9*AE9 -> 0 | F9: =$AG9*AH9+$AS9*AT9 -> 0 | G9: =$AG9*AI9+$AS9*AU9 -> 0 | H9: =$AG9*AJ9+$AS9*AV9 -> 0.076333662 | I9: =$AG9*AK9+$AS9*AW9 -> 0.054972074 | J9: =$AG9*AL9+$AS9*AX9 -> 0.1561141 | K9: =$AG9*AM9+$AS9*AY9 -> 0.10873981 | L9: =$AG9*AN9+$AS9*AZ9 -> 0.010366242 | M9: =$AG9*AO9+$AS9*BA9 -> 0.0013100781 | ... O9: =$AG9*AQ9+$AS9*BC9 -> 0.041161058 | Q9: =SUMPRODUCT('Données ArrièrePlan'!$D$3:$M$3,R9:AA9) -> 0 | R9: =($AG9*AH9+$AS9*AT9)/($AS9+$AG9) -> 0 | S9: =($AG9*AI9+$AS9*AU9)/($AS9+$AG9) -> 0 | T9: =($AG9*AJ9+$AS9*AV9)/($AS9+$AG9) -> 0.16698574 | U9: =($AG9*AK9+$AS9*AW9)/($AS9+$AG9) -> 0.12025563 | V9: =($AG9*AL9+$AS9*AX9)/($AS9+$AG9) -> 0.34151157 | W9: =($AG9*AM9+$AS9*AY9)/($AS9+$AG9) -> 0.23787667 | X9: =($AG9*AN9+$AS9*AZ9)/($AS9+$AG9) -> 0.022676951 | Y9: =($AG9*AO9+$AS9*BA9)/($AS9+$AG9) -> 0.0028658964 | ... AA9: =($AG9*AQ9+$AS9*BC9)/($AS9+$AG9) -> 0.090042973 | AC9: =(AutoConsommation!M9+AutoConsommation!O9)/SUM(AutoConsommation!$I9,AutoConsommation!$J9,AutoConsommation!$M9,AutoConsommation!$O9) -> 0.54287318 | AD9: =IF(_xlfn.XLOOKUP($A9,AutoConsommation!$B:$B,AutoConsommation!$A:$A)=Résultats!AD$2,1,0) -> 1 | AE9: =IF(_xlfn.XLOOKUP($A9,AutoConsommation!$B:$B,AutoConsommation!$A:$A)=Résultats!AE$2,1,0) -> 0 | AG9: =(AutoConsommation!I9)/SUM(AutoConsommation!$I9,AutoConsommation!$J9,AutoConsommation!$M9,AutoConsommation!$O9) -> 0 | AH9: =IF(_xlfn.XLOOKUP($A9,'Correspondances pays'!$A$4:$A$205,'Correspondances pays'!$C$4:$C$205)=Résultats!AH$2,1,0) -> 0 | AI9: =IF(_xlfn.XLOOKUP($A9,'Correspondances pays'!$A$4:$A$205,'Correspondances pays'!$C$4:$C$205)=Résultats!AI$2,1,0) -> 0 | AJ9: =IF(_xlfn.XLOOKUP($A9,'Correspondances pays'!$A$4:$A$205,'Correspondances pays'!$C$4:$C$205)=Résultats!AJ$2,1,0) -> 0 | AK9: =IF(_xlfn.XLOOKUP($A9,'Correspondances pays'!$A$4:$A$205,'Correspondances pays'!$C$4:$C$205)=Résultats!AK$2,1,0) -> 0 | AL9: =IF(_xlfn.XLOOKUP($A9,'Correspondances pays'!$A$4:$A$205,'Correspondances pays'!$C$4:$C$205)=Résultats!AL$2,1,0) -> 1 | AM9: =IF(_xlfn.XLOOKUP($A9,'Correspondances pays'!$A$4:$A$205,'Correspondances pays'!$C$4:$C$205)=Résultats!AM$2,1,0) -> 0 | AN9: =IF(_xlfn.XLOOKUP($A9,'Correspondances pays'!$A$4:$A$205,'Correspondances pays'!$C$4:$C$205)=Résultats!AN$2,1,0) -> 0 | AO9: =IF(_xlfn.XLOOKUP($A9,'Correspondances pays'!$A$4:$A$205,'Correspondances pays'!$C$4:$C$205)=Résultats!AO$2,1,0) -> 0 | ... AQ9: =IF(_xlfn.XLOOKUP($A9,'Correspondances pays'!$A$4:$A$205,'Correspondances pays'!$C$4:$C$205)=Résultats!AQ$2,1,0) -> 0 | AS9: =(AutoConsommation!J9)/SUM(AutoConsommation!$I9,AutoConsommation!$J9,AutoConsommation!$M9,AutoConsommation!$O9) -> 0.45712682 | AT9: =SUMIF(Import!$E$2:$CN$2,AT$2,Import!$E10:CN10)/Import!$D10 -> 0 | AU9: =SUMIF(Import!$E$2:$CN$2,AU$2,Import!$E10:CO10)/Import!$D10 -> 0 | AV9: =SUMIF(Import!$E$2:$CN$2,AV$2,Import!$E10:CP10)/Import!$D10 -> 0.16698574 | AW9: =SUMIF(Import!$E$2:$CN$2,AW$2,Import!$E10:CQ10)/Import!$D10 -> 0.12025563 | AX9: =SUMIF(Import!$E$2:$CN$2,AX$2,Import!$E10:CR10)/Import!$D10 -> 0.34151157 | AY9: =SUMIF(Import!$E$2:$CN$2,AY$2,Import!$E10:CS10)/Import!$D10 -> 0.23787667 | AZ9: =SUMIF(Import!$E$2:$CN$2,AZ$2,Import!$E10:CT10)/Import!$D10 -> 0.022676951 | BA9: =SUMIF(Import!$E$2:$CN$2,BA$2,Import!$E10:CU10)/Import!$D10 -> 0.0028658964 | ... BC9: =SUMIF(Import!$E$2:$CN$2,BC$2,Import!$E10:CW10)/Import!$D10 -> 0.090042973
A10: United States of America | B10: RoW | C10: =SUMPRODUCT('Données ArrièrePlan'!$B$3:$M$3,$D10:$O10) -> 0 | D10: =$AC10*AD10 -> 0 | E10: =$AC10*AE10 -> 0.34326988 | F10: =$AG10*AH10+$AS10*AT10 -> 0.40417072 | G10: =$AG10*AI10+$AS10*AU10 -> 0.00024963079 | H10: =$AG10*AJ10+$AS10*AV10 -> 0.012877587 | I10: =$AG10*AK10+$AS10*AW10 -> 0.02480277 | J10: =$AG10*AL10+$AS10*AX10 -> 0.0032150556 | K10: =$AG10*AM10+$AS10*AY10 -> 0.12580878 | L10: =$AG10*AN10+$AS10*AZ10 -> 0.026645204 | M10: =$AG10*AO10+$AS10*BA10 -> 0.029044827 | ... O10: =$AG10*AQ10+$AS10*BC10 -> 0.0037275141 | Q10: =SUMPRODUCT('Données ArrièrePlan'!$D$3:$M$3,R10:AA10) -> 0 | R10: =($AG10*AH10+$AS10*AT10)/($AS10+$AG10) -> 0.61542894 | S10: =($AG10*AI10+$AS10*AU10)/($AS10+$AG10) -> 0.00038011168 | T10: =($AG10*AJ10+$AS10*AV10)/($AS10+$AG10) -> 0.019608644 | U10: =($AG10*AK10+$AS10*AW10)/($AS10+$AG10) -> 0.037767067 | V10: =($AG10*AL10+$AS10*AX10)/($AS10+$AG10) -> 0.0048955507 | W10: =($AG10*AM10+$AS10*AY10)/($AS10+$AG10) -> 0.19156846 | X10: =($AG10*AN10+$AS10*AZ10)/($AS10+$AG10) -> 0.040572532 | Y10: =($AG10*AO10+$AS10*BA10)/($AS10+$AG10) -> 0.044226427 | ... AA10: =($AG10*AQ10+$AS10*BC10)/($AS10+$AG10) -> 0.005675869 | AC10: =(AutoConsommation!M10+AutoConsommation!O10)/SUM(AutoConsommation!$I10,AutoConsommation!$J10,AutoConsommation!$M10,AutoConsommation!$O10) -> 0.34326988 | AD10: =IF(_xlfn.XLOOKUP($A10,AutoConsommation!$B:$B,AutoConsommation!$A:$A)=Résultats!AD$2,1,0) -> 0 | AE10: =IF(_xlfn.XLOOKUP($A10,AutoConsommation!$B:$B,AutoConsommation!$A:$A)=Résultats!AE$2,1,0) -> 1 | AG10: =(AutoConsommation!I10)/SUM(AutoConsommation!$I10,AutoConsommation!$J10,AutoConsommation!$M10,AutoConsommation!$O10) -> 0.045792316 | AH10: =IF(_xlfn.XLOOKUP($A10,'Correspondances pays'!$A$4:$A$205,'Correspondances pays'!$C$4:$C$205)=Résultats!AH$2,1,0) -> 1 | AI10: =IF(_xlfn.XLOOKUP($A10,'Correspondances pays'!$A$4:$A$205,'Correspondances pays'!$C$4:$C$205)=Résultats!AI$2,1,0) -> 0 | AJ10: =IF(_xlfn.XLOOKUP($A10,'Correspondances pays'!$A$4:$A$205,'Correspondances pays'!$C$4:$C$205)=Résultats!AJ$2,1,0) -> 0 | AK10: =IF(_xlfn.XLOOKUP($A10,'Correspondances pays'!$A$4:$A$205,'Correspondances pays'!$C$4:$C$205)=Résultats!AK$2,1,0) -> 0 | AL10: =IF(_xlfn.XLOOKUP($A10,'Correspondances pays'!$A$4:$A$205,'Correspondances pays'!$C$4:$C$205)=Résultats!AL$2,1,0) -> 0 | AM10: =IF(_xlfn.XLOOKUP($A10,'Correspondances pays'!$A$4:$A$205,'Correspondances pays'!$C$4:$C$205)=Résultats!AM$2,1,0) -> 0 | AN10: =IF(_xlfn.XLOOKUP($A10,'Correspondances pays'!$A$4:$A$205,'Correspondances pays'!$C$4:$C$205)=Résultats!AN$2,1,0) -> 0 | AO10: =IF(_xlfn.XLOOKUP($A10,'Correspondances pays'!$A$4:$A$205,'Correspondances pays'!$C$4:$C$205)=Résultats!AO$2,1,0) -> 0 | ... AQ10: =IF(_xlfn.XLOOKUP($A10,'Correspondances pays'!$A$4:$A$205,'Correspondances pays'!$C$4:$C$205)=Résultats!AQ$2,1,0) -> 0 | AS10: =(AutoConsommation!J10)/SUM(AutoConsommation!$I10,AutoConsommation!$J10,AutoConsommation!$M10,AutoConsommation!$O10) -> 0.6109378 | AT10: =SUMIF(Import!$E$2:$CN$2,AT$2,Import!$E11:CN11)/Import!$D11 -> 0.58660375 | AU10: =SUMIF(Import!$E$2:$CN$2,AU$2,Import!$E11:CO11)/Import!$D11 -> 0.00040860262 | AV10: =SUMIF(Import!$E$2:$CN$2,AV$2,Import!$E11:CP11)/Import!$D11 -> 0.021078393 | AW10: =SUMIF(Import!$E$2:$CN$2,AW$2,Import!$E11:CQ11)/Import!$D11 -> 0.040597865 | AX10: =SUMIF(Import!$E$2:$CN$2,AX$2,Import!$E11:CR11)/Import!$D11 -> 0.0052624925 | AY10: =SUMIF(Import!$E$2:$CN$2,AY$2,Import!$E11:CS11)/Import!$D11 -> 0.20592731 | AZ10: =SUMIF(Import!$E$2:$CN$2,AZ$2,Import!$E11:CT11)/Import!$D11 -> 0.043613612 | BA10: =SUMIF(Import!$E$2:$CN$2,BA$2,Import!$E11:CU11)/Import!$D11 -> 0.047541381 | ... BC10: =SUMIF(Import!$E$2:$CN$2,BC$2,Import!$E11:CW11)/Import!$D11 -> 0.0061012989
A11: Finland | B11: Europe | C11: =SUMPRODUCT('Données ArrièrePlan'!$B$3:$M$3,$D11:$O11) -> 0 | D11: =$AC11*AD11 -> 0.64350695 | E11: =$AC11*AE11 -> 0 | F11: =$AG11*AH11+$AS11*AT11 -> 4.7028512e-05 | G11: =$AG11*AI11+$AS11*AU11 -> 0 | H11: =$AG11*AJ11+$AS11*AV11 -> 0 | I11: =$AG11*AK11+$AS11*AW11 -> 2.9702218e-05 | J11: =$AG11*AL11+$AS11*AX11 -> 0.32872051 | K11: =$AG11*AM11+$AS11*AY11 -> 0.021094962 | L11: =$AG11*AN11+$AS11*AZ11 -> 0.0016208468 | M11: =$AG11*AO11+$AS11*BA11 -> 0.00095813606 | ... O11: =$AG11*AQ11+$AS11*BC11 -> 0.0039203734 | Q11: =SUMPRODUCT('Données ArrièrePlan'!$D$3:$M$3,R11:AA11) -> 0 | R11: =($AG11*AH11+$AS11*AT11)/($AS11+$AG11) -> 0.00013191986 | S11: =($AG11*AI11+$AS11*AU11)/($AS11+$AG11) -> 0 | T11: =($AG11*AJ11+$AS11*AV11)/($AS11+$AG11) -> 0 | U11: =($AG11*AK11+$AS11*AW11)/($AS11+$AG11) -> 8.3317805e-05 | V11: =($AG11*AL11+$AS11*AX11)/($AS11+$AG11) -> 0.92209517 | W11: =($AG11*AM11+$AS11*AY11)/($AS11+$AG11) -> 0.059173559 | X11: =($AG11*AN11+$AS11*AZ11)/($AS11+$AG11) -> 0.0045466436 | Y11: =($AG11*AO11+$AS11*BA11)/($AS11+$AG11) -> 0.0026876711 | ... AA11: =($AG11*AQ11+$AS11*BC11)/($AS11+$AG11) -> 0.010997054 | AC11: =(AutoConsommation!M11+AutoConsommation!O11)/SUM(AutoConsommation!$I11,AutoConsommation!$J11,AutoConsommation!$M11,AutoConsommation!$O11) -> 0.64350695 | AD11: =IF(_xlfn.XLOOKUP($A11,AutoConsommation!$B:$B,AutoConsommation!$A:$A)=Résultats!AD$2,1,0) -> 1 | AE11: =IF(_xlfn.XLOOKUP($A11,AutoConsommation!$B:$B,AutoConsommation!$A:$A)=Résultats!AE$2,1,0) -> 0 | AG11: =(AutoConsommation!I11)/SUM(AutoConsommation!$I11,AutoConsommation!$J11,AutoConsommation!$M11,AutoConsommation!$O11) -> 0 | AH11: =IF(_xlfn.XLOOKUP($A11,'Correspondances pays'!$A$4:$A$205,'Correspondances pays'!$C$4:$C$205)=Résultats!AH$2,1,0) -> 0 | AI11: =IF(_xlfn.XLOOKUP($A11,'Correspondances pays'!$A$4:$A$205,'Correspondances pays'!$C$4:$C$205)=Résultats!AI$2,1,0) -> 0 | AJ11: =IF(_xlfn.XLOOKUP($A11,'Correspondances pays'!$A$4:$A$205,'Correspondances pays'!$C$4:$C$205)=Résultats!AJ$2,1,0) -> 0 | AK11: =IF(_xlfn.XLOOKUP($A11,'Correspondances pays'!$A$4:$A$205,'Correspondances pays'!$C$4:$C$205)=Résultats!AK$2,1,0) -> 0 | AL11: =IF(_xlfn.XLOOKUP($A11,'Correspondances pays'!$A$4:$A$205,'Correspondances pays'!$C$4:$C$205)=Résultats!AL$2,1,0) -> 1 | AM11: =IF(_xlfn.XLOOKUP($A11,'Correspondances pays'!$A$4:$A$205,'Correspondances pays'!$C$4:$C$205)=Résultats!AM$2,1,0) -> 0 | AN11: =IF(_xlfn.XLOOKUP($A11,'Correspondances pays'!$A$4:$A$205,'Correspondances pays'!$C$4:$C$205)=Résultats!AN$2,1,0) -> 0 | AO11: =IF(_xlfn.XLOOKUP($A11,'Correspondances pays'!$A$4:$A$205,'Correspondances pays'!$C$4:$C$205)=Résultats!AO$2,1,0) -> 0 | ... AQ11: =IF(_xlfn.XLOOKUP($A11,'Correspondances pays'!$A$4:$A$205,'Correspondances pays'!$C$4:$C$205)=Résultats!AQ$2,1,0) -> 0 | AS11: =(AutoConsommation!J11)/SUM(AutoConsommation!$I11,AutoConsommation!$J11,AutoConsommation!$M11,AutoConsommation!$O11) -> 0.35649305 | AT11: =SUMIF(Import!$E$2:$CN$2,AT$2,Import!$E12:CN12)/Import!$D12 -> 0.00013191986 | AU11: =SUMIF(Import!$E$2:$CN$2,AU$2,Import!$E12:CO12)/Import!$D12 -> 0 | AV11: =SUMIF(Import!$E$2:$CN$2,AV$2,Import!$E12:CP12)/Import!$D12 -> 0 | AW11: =SUMIF(Import!$E$2:$CN$2,AW$2,Import!$E12:CQ12)/Import!$D12 -> 8.3317805e-05 | AX11: =SUMIF(Import!$E$2:$CN$2,AX$2,Import!$E12:CR12)/Import!$D12 -> 0.92209517 | AY11: =SUMIF(Import!$E$2:$CN$2,AY$2,Import!$E12:CS12)/Import!$D12 -> 0.059173559 | AZ11: =SUMIF(Import!$E$2:$CN$2,AZ$2,Import!$E12:CT12)/Import!$D12 -> 0.0045466436 | BA11: =SUMIF(Import!$E$2:$CN$2,BA$2,Import!$E12:CU12)/Import!$D12 -> 0.0026876711 | ... BC11: =SUMIF(Import!$E$2:$CN$2,BC$2,Import!$E12:CW12)/Import!$D12 -> 0.010997054
A12: France | B12: Europe | C12: =SUMPRODUCT('Données ArrièrePlan'!$B$3:$M$3,$D12:$O12) -> 0 | D12: =$AC12*AD12 -> 0.44279546 | E12: =$AC12*AE12 -> 0 | F12: =$AG12*AH12+$AS12*AT12 -> 0.014526885 | G12: =$AG12*AI12+$AS12*AU12 -> 0 | H12: =$AG12*AJ12+$AS12*AV12 -> 0.032914385 | I12: =$AG12*AK12+$AS12*AW12 -> 0.0066402588 | J12: =$AG12*AL12+$AS12*AX12 -> 0.39341487 | K12: =$AG12*AM12+$AS12*AY12 -> 0.051963464 | L12: =$AG12*AN12+$AS12*AZ12 -> 0.047101198 | M12: =$AG12*AO12+$AS12*BA12 -> 0.010643485 | ... O12: =$AG12*AQ12+$AS12*BC12 -> 0 | Q12: =SUMPRODUCT('Données ArrièrePlan'!$D$3:$M$3,R12:AA12) -> 0 | R12: =($AG12*AH12+$AS12*AT12)/($AS12+$AG12) -> 0.026071009 | S12: =($AG12*AI12+$AS12*AU12)/($AS12+$AG12) -> 0 | T12: =($AG12*AJ12+$AS12*AV12)/($AS12+$AG12) -> 0.059070561 | U12: =($AG12*AK12+$AS12*AW12)/($AS12+$AG12) -> 0.011917094 | V12: =($AG12*AL12+$AS12*AX12)/($AS12+$AG12) -> 0.70605108 | W12: =($AG12*AM12+$AS12*AY12)/($AS12+$AG12) -> 0.09325743 | X12: =($AG12*AN12+$AS12*AZ12)/($AS12+$AG12) -> 0.084531252 | Y12: =($AG12*AO12+$AS12*BA12)/($AS12+$AG12) -> 0.019101576 | ... AA12: =($AG12*AQ12+$AS12*BC12)/($AS12+$AG12) -> 0 | AC12: =(AutoConsommation!M12+AutoConsommation!O12)/SUM(AutoConsommation!$I12,AutoConsommation!$J12,AutoConsommation!$M12,AutoConsommation!$O12) -> 0.44279546 | AD12: =IF(_xlfn.XLOOKUP($A12,AutoConsommation!$B:$B,AutoConsommation!$A:$A)=Résultats!AD$2,1,0) -> 1 | AE12: =IF(_xlfn.XLOOKUP($A12,AutoConsommation!$B:$B,AutoConsommation!$A:$A)=Résultats!AE$2,1,0) -> 0 | AG12: =(AutoConsommation!I12)/SUM(AutoConsommation!$I12,AutoConsommation!$J12,AutoConsommation!$M12,AutoConsommation!$O12) -> 0.094060628 | AH12: =IF(_xlfn.XLOOKUP($A12,'Correspondances pays'!$A$4:$A$205,'Correspondances pays'!$C$4:$C$205)=Résultats!AH$2,1,0) -> 0 | AI12: =IF(_xlfn.XLOOKUP($A12,'Correspondances pays'!$A$4:$A$205,'Correspondances pays'!$C$4:$C$205)=Résultats!AI$2,1,0) -> 0 | AJ12: =IF(_xlfn.XLOOKUP($A12,'Correspondances pays'!$A$4:$A$205,'Correspondances pays'!$C$4:$C$205)=Résultats!AJ$2,1,0) -> 0 | AK12: =IF(_xlfn.XLOOKUP($A12,'Correspondances pays'!$A$4:$A$205,'Correspondances pays'!$C$4:$C$205)=Résultats!AK$2,1,0) -> 0 | AL12: =IF(_xlfn.XLOOKUP($A12,'Correspondances pays'!$A$4:$A$205,'Correspondances pays'!$C$4:$C$205)=Résultats!AL$2,1,0) -> 1 | AM12: =IF(_xlfn.XLOOKUP($A12,'Correspondances pays'!$A$4:$A$205,'Correspondances pays'!$C$4:$C$205)=Résultats!AM$2,1,0) -> 0 | AN12: =IF(_xlfn.XLOOKUP($A12,'Correspondances pays'!$A$4:$A$205,'Correspondances pays'!$C$4:$C$205)=Résultats!AN$2,1,0) -> 0 | AO12: =IF(_xlfn.XLOOKUP($A12,'Correspondances pays'!$A$4:$A$205,'Correspondances pays'!$C$4:$C$205)=Résultats!AO$2,1,0) -> 0 | ... AQ12: =IF(_xlfn.XLOOKUP($A12,'Correspondances pays'!$A$4:$A$205,'Correspondances pays'!$C$4:$C$205)=Résultats!AQ$2,1,0) -> 0 | AS12: =(AutoConsommation!J12)/SUM(AutoConsommation!$I12,AutoConsommation!$J12,AutoConsommation!$M12,AutoConsommation!$O12) -> 0.46314392 | AT12: =SUMIF(Import!$E$2:$CN$2,AT$2,Import!$E13:CN13)/Import!$D13 -> 0.031365811 | AU12: =SUMIF(Import!$E$2:$CN$2,AU$2,Import!$E13:CO13)/Import!$D13 -> 0 | AV12: =SUMIF(Import!$E$2:$CN$2,AV$2,Import!$E13:CP13)/Import!$D13 -> 0.071067294 | AW12: =SUMIF(Import!$E$2:$CN$2,AW$2,Import!$E13:CQ13)/Import!$D13 -> 0.014337355 | AX12: =SUMIF(Import!$E$2:$CN$2,AX$2,Import!$E13:CR13)/Import!$D13 -> 0.64635253 | AY12: =SUMIF(Import!$E$2:$CN$2,AY$2,Import!$E13:CS13)/Import!$D13 -> 0.11219723 | AZ12: =SUMIF(Import!$E$2:$CN$2,AZ$2,Import!$E13:CT13)/Import!$D13 -> 0.10169884 | BA12: =SUMIF(Import!$E$2:$CN$2,BA$2,Import!$E13:CU13)/Import!$D13 -> 0.022980945 | ... BC12: =SUMIF(Import!$E$2:$CN$2,BC$2,Import!$E13:CW13)/Import!$D13 -> 0
A13: Hungary | B13: Europe | C13: =SUMPRODUCT('Données ArrièrePlan'!$B$3:$M$3,$D13:$O13) -> 0 | D13: =$AC13*AD13 -> 0.44292744 | E13: =$AC13*AE13 -> 0 | F13: =$AG13*AH13+$AS13*AT13 -> 0 | G13: =$AG13*AI13+$AS13*AU13 -> 3.9724686e-06 | H13: =$AG13*AJ13+$AS13*AV13 -> 0.00081832853 | I13: =$AG13*AK13+$AS13*AW13 -> 0.0031700299 | J13: =$AG13*AL13+$AS13*AX13 -> 0.54948713 | K13: =$AG13*AM13+$AS13*AY13 -> 4.7669623e-05 | L13: =$AG13*AN13+$AS13*AZ13 -> 0.0035454282 | M13: =$AG13*AO13+$AS13*BA13 -> 0 | ... O13: =$AG13*AQ13+$AS13*BC13 -> 0 | Q13: =SUMPRODUCT('Données ArrièrePlan'!$D$3:$M$3,R13:AA13) -> 0 | R13: =($AG13*AH13+$AS13*AT13)/($AS13+$AG13) -> 0 | S13: =($AG13*AI13+$AS13*AU13)/($AS13+$AG13) -> 7.1309716e-06 | T13: =($AG13*AJ13+$AS13*AV13)/($AS13+$AG13) -> 0.0014689801 | U13: =($AG13*AK13+$AS13*AW13)/($AS13+$AG13) -> 0.0056905153 | V13: =($AG13*AL13+$AS13*AX13)/($AS13+$AG13) -> 0.98638341 | W13: =($AG13*AM13+$AS13*AY13)/($AS13+$AG13) -> 8.5571659e-05 | X13: =($AG13*AN13+$AS13*AZ13)/($AS13+$AG13) -> 0.0063643921 | Y13: =($AG13*AO13+$AS13*BA13)/($AS13+$AG13) -> 0 | ... AA13: =($AG13*AQ13+$AS13*BC13)/($AS13+$AG13) -> 0 | AC13: =(AutoConsommation!M13+AutoConsommation!O13)/SUM(AutoConsommation!$I13,AutoConsommation!$J13,AutoConsommation!$M13,AutoConsommation!$O13) -> 0.44292744 | AD13: =IF(_xlfn.XLOOKUP($A13,AutoConsommation!$B:$B,AutoConsommation!$A:$A)=Résultats!AD$2,1,0) -> 1 | AE13: =IF(_xlfn.XLOOKUP($A13,AutoConsommation!$B:$B,AutoConsommation!$A:$A)=Résultats!AE$2,1,0) -> 0 | AG13: =(AutoConsommation!I13)/SUM(AutoConsommation!$I13,AutoConsommation!$J13,AutoConsommation!$M13,AutoConsommation!$O13) -> 0 | AH13: =IF(_xlfn.XLOOKUP($A13,'Correspondances pays'!$A$4:$A$205,'Correspondances pays'!$C$4:$C$205)=Résultats!AH$2,1,0) -> 0 | AI13: =IF(_xlfn.XLOOKUP($A13,'Correspondances pays'!$A$4:$A$205,'Correspondances pays'!$C$4:$C$205)=Résultats!AI$2,1,0) -> 0 | AJ13: =IF(_xlfn.XLOOKUP($A13,'Correspondances pays'!$A$4:$A$205,'Correspondances pays'!$C$4:$C$205)=Résultats!AJ$2,1,0) -> 0 | AK13: =IF(_xlfn.XLOOKUP($A13,'Correspondances pays'!$A$4:$A$205,'Correspondances pays'!$C$4:$C$205)=Résultats!AK$2,1,0) -> 0 | AL13: =IF(_xlfn.XLOOKUP($A13,'Correspondances pays'!$A$4:$A$205,'Correspondances pays'!$C$4:$C$205)=Résultats!AL$2,1,0) -> 1 | AM13: =IF(_xlfn.XLOOKUP($A13,'Correspondances pays'!$A$4:$A$205,'Correspondances pays'!$C$4:$C$205)=Résultats!AM$2,1,0) -> 0 | AN13: =IF(_xlfn.XLOOKUP($A13,'Correspondances pays'!$A$4:$A$205,'Correspondances pays'!$C$4:$C$205)=Résultats!AN$2,1,0) -> 0 | AO13: =IF(_xlfn.XLOOKUP($A13,'Correspondances pays'!$A$4:$A$205,'Correspondances pays'!$C$4:$C$205)=Résultats!AO$2,1,0) -> 0 | ... AQ13: =IF(_xlfn.XLOOKUP($A13,'Correspondances pays'!$A$4:$A$205,'Correspondances pays'!$C$4:$C$205)=Résultats!AQ$2,1,0) -> 0 | AS13: =(AutoConsommation!J13)/SUM(AutoConsommation!$I13,AutoConsommation!$J13,AutoConsommation!$M13,AutoConsommation!$O13) -> 0.55707256 | AT13: =SUMIF(Import!$E$2:$CN$2,AT$2,Import!$E14:CN14)/Import!$D14 -> 0 | AU13: =SUMIF(Import!$E$2:$CN$2,AU$2,Import!$E14:CO14)/Import!$D14 -> 7.1309716e-06 | AV13: =SUMIF(Import!$E$2:$CN$2,AV$2,Import!$E14:CP14)/Import!$D14 -> 0.0014689801 | AW13: =SUMIF(Import!$E$2:$CN$2,AW$2,Import!$E14:CQ14)/Import!$D14 -> 0.0056905153 | AX13: =SUMIF(Import!$E$2:$CN$2,AX$2,Import!$E14:CR14)/Import!$D14 -> 0.98638341 | AY13: =SUMIF(Import!$E$2:$CN$2,AY$2,Import!$E14:CS14)/Import!$D14 -> 8.5571659e-05 | AZ13: =SUMIF(Import!$E$2:$CN$2,AZ$2,Import!$E14:CT14)/Import!$D14 -> 0.0063643921 | BA13: =SUMIF(Import!$E$2:$CN$2,BA$2,Import!$E14:CU14)/Import!$D14 -> 0 | ... BC13: =SUMIF(Import!$E$2:$CN$2,BC$2,Import!$E14:CW14)/Import!$D14 -> 0
A14: India | B14: RoW | C14: =SUMPRODUCT('Données ArrièrePlan'!$B$3:$M$3,$D14:$O14) -> 0 | D14: =$AC14*AD14 -> 0 | E14: =$AC14*AE14 -> 0.66215134 | F14: =$AG14*AH14+$AS14*AT14 -> 0.00032103269 | G14: =$AG14*AI14+$AS14*AU14 -> 5.2670775e-05 | H14: =$AG14*AJ14+$AS14*AV14 -> 0.00043069152 | I14: =$AG14*AK14+$AS14*AW14 -> 0.2967639 | J14: =$AG14*AL14+$AS14*AX14 -> 5.7506125e-05 | K14: =$AG14*AM14+$AS14*AY14 -> 0.030982331 | L14: =$AG14*AN14+$AS14*AZ14 -> 0.0014381712 | M14: =$AG14*AO14+$AS14*BA14 -> 0 | ... O14: =$AG14*AQ14+$AS14*BC14 -> 0.0077571099 | Q14: =SUMPRODUCT('Données ArrièrePlan'!$D$3:$M$3,R14:AA14) -> 0 | R14: =($AG14*AH14+$AS14*AT14)/($AS14+$AG14) -> 0.00095022634 | S14: =($AG14*AI14+$AS14*AU14)/($AS14+$AG14) -> 0.0001559005 | T14: =($AG14*AJ14+$AS14*AV14)/($AS14+$AG14) -> 0.0012748061 | U14: =($AG14*AK14+$AS14*AW14)/($AS14+$AG14) -> 0.87839301 | V14: =($AG14*AL14+$AS14*AX14)/($AS14+$AG14) -> 0.00017021268 | W14: =($AG14*AM14+$AS14*AY14)/($AS14+$AG14) -> 0.091704764 | X14: =($AG14*AN14+$AS14*AZ14)/($AS14+$AG14) -> 0.0042568504 | Y14: =($AG14*AO14+$AS14*BA14)/($AS14+$AG14) -> 0 | ... AA14: =($AG14*AQ14+$AS14*BC14)/($AS14+$AG14) -> 0.02296031 | AC14: =(AutoConsommation!M14+AutoConsommation!O14)/SUM(AutoConsommation!$I14,AutoConsommation!$J14,AutoConsommation!$M14,AutoConsommation!$O14) -> 0.66215134 | AD14: =IF(_xlfn.XLOOKUP($A14,AutoConsommation!$B:$B,AutoConsommation!$A:$A)=Résultats!AD$2,1,0) -> 0 | AE14: =IF(_xlfn.XLOOKUP($A14,AutoConsommation!$B:$B,AutoConsommation!$A:$A)=Résultats!AE$2,1,0) -> 1 | AG14: =(AutoConsommation!I14)/SUM(AutoConsommation!$I14,AutoConsommation!$J14,AutoConsommation!$M14,AutoConsommation!$O14) -> 0.29348708 | AH14: =IF(_xlfn.XLOOKUP($A14,'Correspondances pays'!$A$4:$A$205,'Correspondances pays'!$C$4:$C$205)=Résultats!AH$2,1,0) -> 0 | AI14: =IF(_xlfn.XLOOKUP($A14,'Correspondances pays'!$A$4:$A$205,'Correspondances pays'!$C$4:$C$205)=Résultats!AI$2,1,0) -> 0 | AJ14: =IF(_xlfn.XLOOKUP($A14,'Correspondances pays'!$A$4:$A$205,'Correspondances pays'!$C$4:$C$205)=Résultats!AJ$2,1,0) -> 0 | AK14: =IF(_xlfn.XLOOKUP($A14,'Correspondances pays'!$A$4:$A$205,'Correspondances pays'!$C$4:$C$205)=Résultats!AK$2,1,0) -> 1 | AL14: =IF(_xlfn.XLOOKUP($A14,'Correspondances pays'!$A$4:$A$205,'Correspondances pays'!$C$4:$C$205)=Résultats!AL$2,1,0) -> 0 | AM14: =IF(_xlfn.XLOOKUP($A14,'Correspondances pays'!$A$4:$A$205,'Correspondances pays'!$C$4:$C$205)=Résultats!AM$2,1,0) -> 0 | AN14: =IF(_xlfn.XLOOKUP($A14,'Correspondances pays'!$A$4:$A$205,'Correspondances pays'!$C$4:$C$205)=Résultats!AN$2,1,0) -> 0 | AO14: =IF(_xlfn.XLOOKUP($A14,'Correspondances pays'!$A$4:$A$205,'Correspondances pays'!$C$4:$C$205)=Résultats!AO$2,1,0) -> 0 | ... AQ14: =IF(_xlfn.XLOOKUP($A14,'Correspondances pays'!$A$4:$A$205,'Correspondances pays'!$C$4:$C$205)=Résultats!AQ$2,1,0) -> 0 | AS14: =(AutoConsommation!J14)/SUM(AutoConsommation!$I14,AutoConsommation!$J14,AutoConsommation!$M14,AutoConsommation!$O14) -> 0.044361572 | AT14: =SUMIF(Import!$E$2:$CN$2,AT$2,Import!$E15:CN15)/Import!$D15 -> 0.0072367294 | AU14: =SUMIF(Import!$E$2:$CN$2,AU$2,Import!$E15:CO15)/Import!$D15 -> 0.0011873063 | AV14: =SUMIF(Import!$E$2:$CN$2,AV$2,Import!$E15:CP15)/Import!$D15 -> 0.0097086623 | AW14: =SUMIF(Import!$E$2:$CN$2,AW$2,Import!$E15:CQ15)/Import!$D15 -> 0.073866025 | AX14: =SUMIF(Import!$E$2:$CN$2,AX$2,Import!$E15:CR15)/Import!$D15 -> 0.0012963049 | AY14: =SUMIF(Import!$E$2:$CN$2,AY$2,Import!$E15:CS15)/Import!$D15 -> 0.69840473 | AZ14: =SUMIF(Import!$E$2:$CN$2,AZ$2,Import!$E15:CT15)/Import!$D15 -> 0.032419302 | BA14: =SUMIF(Import!$E$2:$CN$2,BA$2,Import!$E15:CU15)/Import!$D15 -> 0 | ... BC14: =SUMIF(Import!$E$2:$CN$2,BC$2,Import!$E15:CW15)/Import!$D15 -> 0.17486103
A15: Indonesia | B15: RoW | C15: =SUMPRODUCT('Données ArrièrePlan'!$B$3:$M$3,$D15:$O15) -> 0 | D15: =$AC15*AD15 -> 0 | E15: =$AC15*AE15 -> 0.60481894 | F15: =$AG15*AH15+$AS15*AT15 -> 0 | G15: =$AG15*AI15+$AS15*AU15 -> 0.0080853014 | H15: =$AG15*AJ15+$AS15*AV15 -> 0.017071331 | I15: =$AG15*AK15+$AS15*AW15 -> 0.1536467 | J15: =$AG15*AL15+$AS15*AX15 -> 0.014087006 | K15: =$AG15*AM15+$AS15*AY15 -> 0.086799235 | L15: =$AG15*AN15+$AS15*AZ15 -> 0.019660185 | M15: =$AG15*AO15+$AS15*BA15 -> 0.045095418 | ... O15: =$AG15*AQ15+$AS15*BC15 -> 0.04758511 | Q15: =SUMPRODUCT('Données ArrièrePlan'!$D$3:$M$3,R15:AA15) -> 0 | R15: =($AG15*AH15+$AS15*AT15)/($AS15+$AG15) -> 0 | S15: =($AG15*AI15+$AS15*AU15)/($AS15+$AG15) -> 0.020459739 | T15: =($AG15*AJ15+$AS15*AV15)/($AS15+$AG15) -> 0.043198757 | U15: =($AG15*AK15+$AS15*AW15)/($AS15+$AG15) -> 0.38880076 | V15: =($AG15*AL15+$AS15*AX15)/($AS15+$AG15) -> 0.035646966 | W15: =($AG15*AM15+$AS15*AY15)/($AS15+$AG15) -> 0.21964422 | X15: =($AG15*AN15+$AS15*AZ15)/($AS15+$AG15) -> 0.049749817 | Y15: =($AG15*AO15+$AS15*BA15)/($AS15+$AG15) -> 0.11411331 | ... AA15: =($AG15*AQ15+$AS15*BC15)/($AS15+$AG15) -> 0.12041344 | AC15: =(AutoConsommation!M15+AutoConsommation!O15)/SUM(AutoConsommation!$I15,AutoConsommation!$J15,AutoConsommation!$M15,AutoConsommation!$O15) -> 0.60481894 | AD15: =IF(_xlfn.XLOOKUP($A15,AutoConsommation!$B:$B,AutoConsommation!$A:$A)=Résultats!AD$2,1,0) -> 0 | AE15: =IF(_xlfn.XLOOKUP($A15,AutoConsommation!$B:$B,AutoConsommation!$A:$A)=Résultats!AE$2,1,0) -> 1 | AG15: =(AutoConsommation!I15)/SUM(AutoConsommation!$I15,AutoConsommation!$J15,AutoConsommation!$M15,AutoConsommation!$O15) -> 0.11062189 | AH15: =IF(_xlfn.XLOOKUP($A15,'Correspondances pays'!$A$4:$A$205,'Correspondances pays'!$C$4:$C$205)=Résultats!AH$2,1,0) -> 0 | AI15: =IF(_xlfn.XLOOKUP($A15,'Correspondances pays'!$A$4:$A$205,'Correspondances pays'!$C$4:$C$205)=Résultats!AI$2,1,0) -> 0 | AJ15: =IF(_xlfn.XLOOKUP($A15,'Correspondances pays'!$A$4:$A$205,'Correspondances pays'!$C$4:$C$205)=Résultats!AJ$2,1,0) -> 0 | AK15: =IF(_xlfn.XLOOKUP($A15,'Correspondances pays'!$A$4:$A$205,'Correspondances pays'!$C$4:$C$205)=Résultats!AK$2,1,0) -> 1 | AL15: =IF(_xlfn.XLOOKUP($A15,'Correspondances pays'!$A$4:$A$205,'Correspondances pays'!$C$4:$C$205)=Résultats!AL$2,1,0) -> 0 | AM15: =IF(_xlfn.XLOOKUP($A15,'Correspondances pays'!$A$4:$A$205,'Correspondances pays'!$C$4:$C$205)=Résultats!AM$2,1,0) -> 0 | AN15: =IF(_xlfn.XLOOKUP($A15,'Correspondances pays'!$A$4:$A$205,'Correspondances pays'!$C$4:$C$205)=Résultats!AN$2,1,0) -> 0 | AO15: =IF(_xlfn.XLOOKUP($A15,'Correspondances pays'!$A$4:$A$205,'Correspondances pays'!$C$4:$C$205)=Résultats!AO$2,1,0) -> 0 | ... AQ15: =IF(_xlfn.XLOOKUP($A15,'Correspondances pays'!$A$4:$A$205,'Correspondances pays'!$C$4:$C$205)=Résultats!AQ$2,1,0) -> 0 | AS15: =(AutoConsommation!J15)/SUM(AutoConsommation!$I15,AutoConsommation!$J15,AutoConsommation!$M15,AutoConsommation!$O15) -> 0.28455917 | AT15: =SUMIF(Import!$E$2:$CN$2,AT$2,Import!$E16:CN16)/Import!$D16 -> 0 | AU15: =SUMIF(Import!$E$2:$CN$2,AU$2,Import!$E16:CO16)/Import!$D16 -> 0.028413428 | AV15: =SUMIF(Import!$E$2:$CN$2,AV$2,Import!$E16:CP16)/Import!$D16 -> 0.059992201 | AW15: =SUMIF(Import!$E$2:$CN$2,AW$2,Import!$E16:CQ16)/Import!$D16 -> 0.1511981 | AX15: =SUMIF(Import!$E$2:$CN$2,AX$2,Import!$E16:CR16)/Import!$D16 -> 0.049504663 | AY15: =SUMIF(Import!$E$2:$CN$2,AY$2,Import!$E16:CS16)/Import!$D16 -> 0.30503053 | AZ15: =SUMIF(Import!$E$2:$CN$2,AZ$2,Import!$E16:CT16)/Import!$D16 -> 0.069089974 | BA15: =SUMIF(Import!$E$2:$CN$2,BA$2,Import!$E16:CU16)/Import!$D16 -> 0.15847466 | ... BC15: =SUMIF(Import!$E$2:$CN$2,BC$2,Import!$E16:CW16)/Import!$D16 -> 0.16722396
... A29: Norway | B29: Europe | C29: =SUMPRODUCT('Données ArrièrePlan'!$B$3:$M$3,$D29:$O29) -> 0 | D29: =$AC29*AD29 -> 0.56444245 | E29: =$AC29*AE29 -> 0 | F29: =$AG29*AH29+$AS29*AT29 -> 0 | G29: =$AG29*AI29+$AS29*AU29 -> 0.0027422836 | H29: =$AG29*AJ29+$AS29*AV29 -> 0.018105188 | I29: =$AG29*AK29+$AS29*AW29 -> 0.031204944 | J29: =$AG29*AL29+$AS29*AX29 -> 0.081317034 | K29: =$AG29*AM29+$AS29*AY29 -> 0.064749495 | L29: =$AG29*AN29+$AS29*AZ29 -> 0.22203322 | M29: =$AG29*AO29+$AS29*BA29 -> 0.0033624407 | ... O29: =$AG29*AQ29+$AS29*BC29 -> 0.012042941 | Q29: =SUMPRODUCT('Données ArrièrePlan'!$D$3:$M$3,R29:AA29) -> 0 | R29: =($AG29*AH29+$AS29*AT29)/($AS29+$AG29) -> 0 | S29: =($AG29*AI29+$AS29*AU29)/($AS29+$AG29) -> 0.0062960305 | T29: =($AG29*AJ29+$AS29*AV29)/($AS29+$AG29) -> 0.041567844 | U29: =($AG29*AK29+$AS29*AW29)/($AS29+$AG29) -> 0.071643677 | V29: =($AG29*AL29+$AS29*AX29)/($AS29+$AG29) -> 0.18669642 | W29: =($AG29*AM29+$AS29*AY29)/($AS29+$AG29) -> 0.14865888 | X29: =($AG29*AN29+$AS29*AZ29)/($AS29+$AG29) -> 0.50976782 | Y29: =($AG29*AO29+$AS29*BA29)/($AS29+$AG29) -> 0.007719854 | ... AA29: =($AG29*AQ29+$AS29*BC29)/($AS29+$AG29) -> 0.027649482 | AC29: =(AutoConsommation!M29+AutoConsommation!O29)/SUM(AutoConsommation!$I29,AutoConsommation!$J29,AutoConsommation!$M29,AutoConsommation!$O29) -> 0.56444245 | AD29: =IF(_xlfn.XLOOKUP($A29,AutoConsommation!$B:$B,AutoConsommation!$A:$A)=Résultats!AD$2,1,0) -> 1 | AE29: =IF(_xlfn.XLOOKUP($A29,AutoConsommation!$B:$B,AutoConsommation!$A:$A)=Résultats!AE$2,1,0) -> 0 | AG29: =(AutoConsommation!I29)/SUM(AutoConsommation!$I29,AutoConsommation!$J29,AutoConsommation!$M29,AutoConsommation!$O29) -> 0.051517212 | AH29: =IF(_xlfn.XLOOKUP($A29,'Correspondances pays'!$A$4:$A$205,'Correspondances pays'!$C$4:$C$205)=Résultats!AH$2,1,0) -> 0 | AI29: =IF(_xlfn.XLOOKUP($A29,'Correspondances pays'!$A$4:$A$205,'Correspondances pays'!$C$4:$C$205)=Résultats!AI$2,1,0) -> 0 | AJ29: =IF(_xlfn.XLOOKUP($A29,'Correspondances pays'!$A$4:$A$205,'Correspondances pays'!$C$4:$C$205)=Résultats!AJ$2,1,0) -> 0 | AK29: =IF(_xlfn.XLOOKUP($A29,'Correspondances pays'!$A$4:$A$205,'Correspondances pays'!$C$4:$C$205)=Résultats!AK$2,1,0) -> 0 | AL29: =IF(_xlfn.XLOOKUP($A29,'Correspondances pays'!$A$4:$A$205,'Correspondances pays'!$C$4:$C$205)=Résultats!AL$2,1,0) -> 1 | AM29: =IF(_xlfn.XLOOKUP($A29,'Correspondances pays'!$A$4:$A$205,'Correspondances pays'!$C$4:$C$205)=Résultats!AM$2,1,0) -> 0 | AN29: =IF(_xlfn.XLOOKUP($A29,'Correspondances pays'!$A$4:$A$205,'Correspondances pays'!$C$4:$C$205)=Résultats!AN$2,1,0) -> 0 | AO29: =IF(_xlfn.XLOOKUP($A29,'Correspondances pays'!$A$4:$A$205,'Correspondances pays'!$C$4:$C$205)=Résultats!AO$2,1,0) -> 0 | ... AQ29: =IF(_xlfn.XLOOKUP($A29,'Correspondances pays'!$A$4:$A$205,'Correspondances pays'!$C$4:$C$205)=Résultats!AQ$2,1,0) -> 0 | AS29: =(AutoConsommation!J29)/SUM(AutoConsommation!$I29,AutoConsommation!$J29,AutoConsommation!$M29,AutoConsommation!$O29) -> 0.38404034 | AT29: =SUMIF(Import!$E$2:$CN$2,AT$2,Import!$E30:CN30)/Import!$D30 -> 0 | AU29: =SUMIF(Import!$E$2:$CN$2,AU$2,Import!$E30:CO30)/Import!$D30 -> 0.0071406135 | AV29: =SUMIF(Import!$E$2:$CN$2,AV$2,Import!$E30:CP30)/Import!$D30 -> 0.047143976 | AW29: =SUMIF(Import!$E$2:$CN$2,AW$2,Import!$E30:CQ30)/Import!$D30 -> 0.081254341 | AX29: =SUMIF(Import!$E$2:$CN$2,AX$2,Import!$E30:CR30)/Import!$D30 -> 0.077595551 | AY29: =SUMIF(Import!$E$2:$CN$2,AY$2,Import!$E30:CS30)/Import!$D30 -> 0.16860077 | AZ29: =SUMIF(Import!$E$2:$CN$2,AZ$2,Import!$E30:CT30)/Import!$D30 -> 0.57815078 | BA29: =SUMIF(Import!$E$2:$CN$2,BA$2,Import!$E30:CU30)/Import!$D30 -> 0.0087554362 | ... BC29: =SUMIF(Import!$E$2:$CN$2,BC$2,Import!$E30:CW30)/Import!$D30 -> 0.03135853

Sheet Données ArrièrePlan
B2: Scrap RER | C2: Scrap RoW | D2: Amérique du Nord | E2: Chine | F2: Afrique | G2: Asie hors Chine et pays du Golfe persique | H2: Europe | I2: Pays du Golfe Persique | J2: Russie | K2: Océanie | L2: Amérique du sud | M2: Reste du monde
A3: Indicateur d'impact
A4: Zone retenue pour la modélisation dans Ecobalyse | D4: =Amerique | E4: =RoW | F4: =RoW | J4: =RoW | K4: =RoW | M4: =RoW
A6: *Pour l'aluminium issu du recyclage, calcul selon la CFF

Sheet AutoConsommation
L1: Data Compens8
B2: Pays producteur de VE | C2: Nom compens8 | D2: Production (t) alu primaire | E2: Exports (t) alu primaire | F2: Import (t) alu primaire | G2: Net exports (exports - imports) en t | H2: Net imports (imports - exports) en tonne | I2: Autoconso (prod - exports) - tonne | J2: Imports consommés (t) | K2: Consommé (t) = auto + import consommé | L2: % RIR | M2: EOL Potentially recycled tonnes | N2: Import Alu product (t) | O2: New scraps (t) = % new scrap x (prod+import alu primaire + import produit alu)
A3: RER | B3: Germany | C3: =_xlfn.XLOOKUP(B3,'Correspondances pays'!$A$4:$A$200,'Correspondances pays'!$B$4:$B$200) -> Germany | D3: =SUMIF('compens8-Prod'!$M$3:$M$102,$C3,'compens8-Prod'!$H$3:$H$102) -> 341212 | E3: =SUMIF('compens8-Export'!$M$4:$M$1002,$C3,'compens8-Export'!$H$4:$H$1002) -> 511237 | F3: =SUMIF('compens8-Import'!$M$4:$M$1002,$C3,'compens8-Import'!$H$4:$H$1002) -> 2458801 | G3: =E3-F3 -> -1947564 | H3: =F3-E3 -> 1947564 | I3: =IF(D3>E3,D3-E3,IF(E3>F3,D3-(E3-F3),D3)) -> 341212 | J3: =IF(D3>E3,F3,IF(F3<E3,0,F3-E3)) -> 1947564 | K3: =J3+I3 -> 2288776 | L3: 0.34643987 | M3: 1014186.6 | N3: 1401739.9 | O3: 638666.44
A4: RER | B4: Austria | C4: =_xlfn.XLOOKUP(B4,'Correspondances pays'!$A$4:$A$200,'Correspondances pays'!$B$4:$B$200) -> Austria | D4: =SUMIF('compens8-Prod'!$M$3:$M$102,$C4,'compens8-Prod'!$H$3:$H$102) -> 0 | E4: =SUMIF('compens8-Export'!$M$4:$M$1002,$C4,'compens8-Export'!$H$4:$H$1002) -> 200431 | F4: =SUMIF('compens8-Import'!$M$4:$M$1002,$C4,'compens8-Import'!$H$4:$H$1002) -> 548841 | G4: =E4-F4 -> -348410 | H4: =F4-E4 -> 348410 | I4: =IF(D4>E4,D4-E4,IF(E4>F4,D4-(E4-F4),D4)) -> 0 | J4: =IF(D4>E4,F4,IF(F4<E4,0,F4-E4)) -> 348410 | K4: =J4+I4 -> 348410 | L4: 0.38018451 | M4: 267507.28 | N4: 283669.5 | O4: 114053.94
A5: RER | B5: Belgium | C5: =_xlfn.XLOOKUP(B5,'Correspondances pays'!$A$4:$A$200,'Correspondances pays'!$B$4:$B$200) -> Belgium | D5: =SUMIF('compens8-Prod'!$M$3:$M$102,$C5,'compens8-Prod'!$H$3:$H$102) -> 0 | E5: =SUMIF('compens8-Export'!$M$4:$M$1002,$C5,'compens8-Export'!$H$4:$H$1002) -> 75853 | F5: =SUMIF('compens8-Import'!$M$4:$M$1002,$C5,'compens8-Import'!$H$4:$H$1002) -> 353833 | G5: =E5-F5 -> -277980 | H5: =F5-E5 -> 277980 | I5: =IF(D5>E5,D5-E5,IF(E5>F5,D5-(E5-F5),D5)) -> 0 | J5: =IF(D5>E5,F5,IF(F5<E5,0,F5-E5)) -> 277980 | K5: =J5+I5 -> 277980 | L5: 0.35592383 | M5: 229581.2 | N5: 465266.49 | O5: 112216.63
A6: RoW | B6: Brazil | C6: =_xlfn.XLOOKUP(B6,'Correspondances pays'!$A$4:$A$200,'Correspondances pays'!$B$4:$B$200) -> Brazil | D6: =SUMIF('compens8-Prod'!$M$3:$M$102,$C6,'compens8-Prod'!$H$3:$H$102) -> 810900 | E6: =SUMIF('compens8-Export'!$M$4:$M$1002,$C6,'compens8-Export'!$H$4:$H$1002) -> 226200 | F6: =SUMIF('compens8-Import'!$M$4:$M$1002,$C6,'compens8-Import'!$H$4:$H$1002) -> 312704 | G6: =E6-F6 -> -86504 | H6: =F6-E6 -> 86504 | I6: =IF(D6>E6,D6-E6,IF(E6>F6,D6-(E6-F6),D6)) -> 584700 | J6: =IF(D6>E6,F6,IF(F6<E6,0,F6-E6)) -> 312704 | K6: =J6+I6 -> 897404 | L6: 0.38520746 | M6: 407203.23 | N6: 171494.35 | O6: 189084.36
A7: RoW | B7: China | C7: =_xlfn.XLOOKUP(B7,'Correspondances pays'!$A$4:$A$200,'Correspondances pays'!$B$4:$B$200) -> China | D7: =SUMIF('compens8-Prod'!$M$3:$M$102,$C7,'compens8-Prod'!$H$3:$H$102) -> 40144300 | E7: =SUMIF('compens8-Export'!$M$4:$M$1002,$C7,'compens8-Export'!$H$4:$H$1002) -> 418052 | F7: =SUMIF('compens8-Import'!$M$4:$M$1002,$C7,'compens8-Import'!$H$4:$H$1002) -> 1822428 | G7: =E7-F7 -> -1404376 | H7: =F7-E7 -> 1404376 | I7: =IF(D7>E7,D7-E7,IF(E7>F7,D7-(E7-F7),D7)) -> 39726248 | J7: =IF(D7>E7,F7,IF(F7<E7,0,F7-E7)) -> 1822428 | K7: =J7+I7 -> 41548676 | L7: 0.2296309 | M7: 3509740 | N7: 324119.14 | O7: 6470499.6
A8: RoW | B8: Korea, South | C8: =_xlfn.XLOOKUP(B8,'Correspondances pays'!$A$4:$A$200,'Correspondances pays'!$B$4:$B$200) -> Korea Republic of | D8: =SUMIF('compens8-Prod'!$M$3:$M$102,$C8,'compens8-Prod'!$H$3:$H$102) -> 0 | E8: =SUMIF('compens8-Export'!$M$4:$M$1002,$C8,'compens8-Export'!$H$4:$H$1002) -> 296314 | F8: =SUMIF('compens8-Import'!$M$4:$M$1002,$C8,'compens8-Import'!$H$4:$H$1002) -> 1519052 | G8: =E8-F8 -> -1222738 | H8: =F8-E8 -> 1222738 | I8: =IF(D8>E8,D8-E8,IF(E8>F8,D8-(E8-F8),D8)) -> 0 | J8: =IF(D8>E8,F8,IF(F8<E8,0,F8-E8)) -> 1222738 | K8: =J8+I8 -> 1222738 | L8: 0.4593088 | M8: 844483.23 | N8: 256570.76 | O8: 243260.32
A9: RER | B9: Spain | C9: =_xlfn.XLOOKUP(B9,'Correspondances pays'!$A$4:$A$200,'Correspondances pays'!$B$4:$B$200) -> Spain | D9: =SUMIF('compens8-Prod'!$M$3:$M$102,$C9,'compens8-Prod'!$H$3:$H$102) -> 0 | E9: =SUMIF('compens8-Export'!$M$4:$M$1002,$C9,'compens8-Export'!$H$4:$H$1002) -> 303824 | F9: =SUMIF('compens8-Import'!$M$4:$M$1002,$C9,'compens8-Import'!$H$4:$H$1002) -> 687394.01 | G9: =E9-F9 -> -383570.01 | H9: =F9-E9 -> 383570.01 | I9: =IF(D9>E9,D9-E9,IF(E9>F9,D9-(E9-F9),D9)) -> 0 | J9: =IF(D9>E9,F9,IF(F9<E9,0,F9-E9)) -> 383570.01 | K9: =J9+I9 -> 383570.01 | L9: 0.34656809 | M9: 300330.44 | N9: 445367.95 | O9: 155188.39
A10: RoW | B10: United States of America | C10: =_xlfn.XLOOKUP(B10,'Correspondances pays'!$A$4:$A$200,'Correspondances pays'!$B$4:$B$200) -> United States of America | D10: =SUMIF('compens8-Prod'!$M$3:$M$102,$C10,'compens8-Prod'!$H$3:$H$102) -> 872270 | E10: =SUMIF('compens8-Export'!$M$4:$M$1002,$C10,'compens8-Export'!$H$4:$H$1002) -> 542628 | F10: =SUMIF('compens8-Import'!$M$4:$M$1002,$C10,'compens8-Import'!$H$4:$H$1002) -> 4397916 | G10: =E10-F10 -> -3855288 | H10: =F10-E10 -> 3855288 | I10: =IF(D10>E10,D10-E10,IF(E10>F10,D10-(E10-F10),D10)) -> 329642 | J10: =IF(D10>E10,F10,IF(F10<E10,0,F10-E10)) -> 4397916 | K10: =J10+I10 -> 4727558 | L10: 0.27378296 | M10: 862387.4 | N10: 3472672.2 | O10: 1608685.9
A11: RER | B11: Finland | C11: =_xlfn.XLOOKUP(B11,'Correspondances pays'!$A$4:$A$200,'Correspondances pays'!$B$4:$B$200) -> Finland | D11: =SUMIF('compens8-Prod'!$M$3:$M$102,$C11,'compens8-Prod'!$H$3:$H$102) -> 0 | E11: =SUMIF('compens8-Export'!$M$4:$M$1002,$C11,'compens8-Export'!$H$4:$H$1002) -> 23295 | F11: =SUMIF('compens8-Import'!$M$4:$M$1002,$C11,'compens8-Import'!$H$4:$H$1002) -> 44648.32 | G11: =E11-F11 -> -21353.32 | H11: =F11-E11 -> 21353.32 | I11: =IF(D11>E11,D11-E11,IF(E11>F11,D11-(E11-F11),D11)) -> 0 | J11: =IF(D11>E11,F11,IF(F11<E11,0,F11-E11)) -> 21353.32 | K11: =J11+I11 -> 21353.32 | L11: 0.28915963 | M11: 21858.688 | N11: 77149.28 | O11: 16686.271
A12: RER | B12: France | C12: =_xlfn.XLOOKUP(B12,'Correspondances pays'!$A$4:$A$200,'Correspondances pays'!$B$4:$B$200) -> France | D12: =SUMIF('compens8-Prod'!$M$3:$M$102,$C12,'compens8-Prod'!$H$3:$H$102) -> 380000 | E12: =SUMIF('compens8-Export'!$M$4:$M$1002,$C12,'compens8-Export'!$H$4:$H$1002) -> 268534 | F12: =SUMIF('compens8-Import'!$M$4:$M$1002,$C12,'compens8-Import'!$H$4:$H$1002) -> 548846 | G12: =E12-F12 -> -280312 | H12: =F12-E12 -> 280312 | I12: =IF(D12>E12,D12-E12,IF(E12>F12,D12-(E12-F12),D12)) -> 111466 | J12: =IF(D12>E12,F12,IF(F12<E12,0,F12-E12)) -> 548846 | K12: =J12+I12 -> 660312 | L12: 0.28323894 | M12: 261556.2 | N12: 802574.9 | O12: 263175.98
A13: RER | B13: Hungary | C13: =_xlfn.XLOOKUP(B13,'Correspondances pays'!$A$4:$A$200,'Correspondances pays'!$B$4:$B$200) -> Hungary | D13: =SUMIF('compens8-Prod'!$M$3:$M$102,$C13,'compens8-Prod'!$H$3:$H$102) -> 0 | E13: =SUMIF('compens8-Export'!$M$4:$M$1002,$C13,'compens8-Export'!$H$4:$H$1002) -> 72599.92 | F13: =SUMIF('compens8-Import'!$M$4:$M$1002,$C13,'compens8-Import'!$H$4:$H$1002) -> 280466.69 | G13: =E13-F13 -> -207866.77 | H13: =F13-E13 -> 207866.77 | I13: =IF(D13>E13,D13-E13,IF(E13>F13,D13-(E13-F13),D13)) -> 0 | J13: =IF(D13>E13,F13,IF(F13<E13,0,F13-E13)) -> 207866.77 | K13: =J13+I13 -> 207866.77 | L13: 0.32067734 | M13: 102726.88 | N13: 176085.41 | O13: 62547.638
A14: RoW | B14: India | C14: =_xlfn.XLOOKUP(B14,'Correspondances pays'!$A$4:$A$200,'Correspondances pays'!$B$4:$B$200) -> India | D14: =SUMIF('compens8-Prod'!$M$3:$M$102,$C14,'compens8-Prod'!$H$3:$H$102) -> 4073000 | E14: =SUMIF('compens8-Export'!$M$4:$M$1002,$C14,'compens8-Export'!$H$4:$H$1002) -> 2373508 | F14: =SUMIF('compens8-Import'!$M$4:$M$1002,$C14,'compens8-Import'!$H$4:$H$1002) -> 256884 | G14: =E14-F14 -> 2116624 | H14: =F14-E14 -> -2116624 | I14: =IF(D14>E14,D14-E14,IF(E14>F14,D14-(E14-F14),D14)) -> 1699492 | J14: =IF(D14>E14,F14,IF(F14<E14,0,F14-E14)) -> 256884 | K14: =J14+I14 -> 1956376 | L14: 0.55383838 | M14: 3241078.2 | N14: 130517.32 | O14: 593233.37
... A29: RER | B29: Norway | C29: =_xlfn.XLOOKUP(B29,'Correspondances pays'!$A$4:$A$200,'Correspondances pays'!$B$4:$B$200) -> Norway | D29: =SUMIF('compens8-Prod'!$M$3:$M$102,$C29,'compens8-Prod'!$H$3:$H$102) -> 1424571 | E29: =SUMIF('compens8-Export'!$M$4:$M$1002,$C29,'compens8-Export'!$H$4:$H$1002) -> 1394250 | F29: =SUMIF('compens8-Import'!$M$4:$M$1002,$C29,'compens8-Import'!$H$4:$H$1002) -> 226031 | G29: =E29-F29 -> 1168219 | H29: =F29-E29 -> -1168219 | I29: =IF(D29>E29,D29-E29,IF(E29>F29,D29-(E29-F29),D29)) -> 30321 | J29: =IF(D29>E29,F29,IF(F29<E29,0,F29-E29)) -> 226031 | K29: =J29+I29 -> 256352 | L29: 0.18574558 | M29: 62068.454 | N29: 126635.63 | O29: 270140.12
A30: RoW | B30: Canada | C30: =_xlfn.XLOOKUP(B30,'Correspondances pays'!$A$4:$A$200,'Correspondances pays'!$B$4:$B$200) -> Canada | D30: =SUMIF('compens8-Prod'!$M$3:$M$102,$C30,'compens8-Prod'!$H$3:$H$102) -> 3300000 | E30: =SUMIF('compens8-Export'!$M$4:$M$1002,$C30,'compens8-Export'!$H$4:$H$1002) -> 186167 | F30: =SUMIF('compens8-Import'!$M$4:$M$1002,$C30,'compens8-Import'!$H$4:$H$1002) -> 59721 | G30: =E30-F30 -> 126446 | H30: =F30-E30 -> -126446 | I30: =IF(D30>E30,D30-E30,IF(E30>F30,D30-(E30-F30),D30)) -> 3113833 | J30: =IF(D30>E30,F30,IF(F30<E30,0,F30-E30)) -> 59721 | K30: =J30+I30 -> 3173554 | L30: #N/A | M30: #N/A | N30: #N/A | O30: #N/A
A31: RER | B31: Netherlands | C31: =_xlfn.XLOOKUP(B31,'Correspondances pays'!$A$4:$A$200,'Correspondances pays'!$B$4:$B$200) -> Netherlands | D31: =SUMIF('compens8-Prod'!$M$3:$M$102,$C31,'compens8-Prod'!$H$3:$H$102) -> 599000 | E31: =SUMIF('compens8-Export'!$M$4:$M$1002,$C31,'compens8-Export'!$H$4:$H$1002) -> 450512 | F31: =SUMIF('compens8-Import'!$M$4:$M$1002,$C31,'compens8-Import'!$H$4:$H$1002) -> 764858 | G31: =E31-F31 -> -314346 | H31: =F31-E31 -> 314346 | I31: =IF(D31>E31,D31-E31,IF(E31>F31,D31-(E31-F31),D31)) -> 148488 | J31: =IF(D31>E31,F31,IF(F31<E31,0,F31-E31)) -> 764858 | K31: =J31+I31 -> 913346 | L31: #N/A | M31: #N/A | N31: #N/A | O31: #N/A
B32: Other Europe | C32: =_xlfn.XLOOKUP(B32,'Correspondances pays'!$A$4:$A$200,'Correspondances pays'!$B$4:$B$200) -> #N/A | D32: =SUMIF('compens8-Prod'!$M$3:$M$102,$B32,'compens8-Prod'!$H$3:$H$102) -> 0 | G32: =E32-F32 -> 0 | H32: =F32-E32 -> 0 | I32: =IF(D32>E32,D32-E32,IF(E32>F32,D32-(E32-F32),D32)) -> 0 | J32: =IF(D32>E32,F32,IF(F32<E32,0,F32-E32)) -> 0 | K32: =J32+I32 -> 0 | N32: #N/A | O32: #N/A
B33: Other America | C33: =_xlfn.XLOOKUP(B33,'Correspondances pays'!$A$4:$A$200,'Correspondances pays'!$B$4:$B$200) -> #N/A | D33: =SUMIF('compens8-Prod'!$M$3:$M$102,$B33,'compens8-Prod'!$H$3:$H$102) -> 0 | G33: =E33-F33 -> 0 | H33: =F33-E33 -> 0 | I33: =IF(D33>E33,D33-E33,IF(E33>F33,D33-(E33-F33),D33)) -> 0 | J33: =IF(D33>E33,F33,IF(F33<E33,0,F33-E33)) -> 0 | K33: =J33+I33 -> 0 | N33: #N/A | O33: #N/A
B34: Others | C34: =_xlfn.XLOOKUP(B34,'Correspondances pays'!$A$4:$A$200,'Correspondances pays'!$B$4:$B$200) -> #N/A | D34: =SUMIF('compens8-Prod'!$M$3:$M$102,$B34,'compens8-Prod'!$H$3:$H$102) -> 0 | G34: =E34-F34 -> 0 | H34: =F34-E34 -> 0 | I34: =IF(D34>E34,D34-E34,IF(E34>F34,D34-(E34-F34),D34)) -> 0 | J34: =IF(D34>E34,F34,IF(F34<E34,0,F34-E34)) -> 0 | K34: =J34+I34 -> 0 | N34: #N/A | O34: #N/A
A35: RER | B35: Europe | C35: =_xlfn.XLOOKUP(B35,'Correspondances pays'!$A$4:$A$200,'Correspondances pays'!$B$4:$B$200) -> #N/A | D35: =SUMIF($A$6:$A$31,$A$35,D6:D31) -> 2652715 | E35: =SUMIF($A$6:$A$31,$A$35,E6:E31) -> 4140653.9 | F35: =SUMIF($A$6:$A$31,$A$35,F6:F31) -> 5796945 | G35: =E35-F35 -> -1656291.1 | H35: =F35-E35 -> 1656291.1 | I35: =IF(D35>E35,D35-E35,IF(E35>F35,D35-(E35-F35),D35)) -> 2652715 | J35: =IF(D35>E35,F35,IF(F35<E35,0,F35-E35)) -> 1656291.1 | K35: =J35+I35 -> 4309006.1

Sheet Import
D1: Importation depuis : | E1: Albania | F1: Angola | G1: Area Nes | H1: Argentina | I1: Australia | J1: Austria | K1: Azerbaijan | L1: Bahrain | M1: Bangladesh | N1: Belarus | O1: Belgium | P1: Bosnia and Herzegovina | Q1: Brazil | R1: Bulgaria | S1: Cambodia | T1: Cameroon | U1: Canada | V1: China | W1: Croatia | X1: Czechia | Y1: Denmark | Z1: Egypt | AA1: Estonia | AB1: Finland | AC1: France | AD1: Georgia | AE1: Germany | AF1: Ghana | AG1: Greece | AH1: Hong Kong | AI1: Hungary | AJ1: Iceland | AK1: India | AL1: Indonesia | AM1: Iran (Islamic Republic of) | AN1: Iraq | AO1: Ireland | AP1: Italy | AQ1: Japan | AR1: Kazakhstan | AS1: Korea Republic of | AT1: Latvia | AU1: Lithuania | AV1: Luxembourg | AW1: Malaysia | AX1: Mexico | AY1: Montenegro | AZ1: Morocco | BA1: Mozambique | BB1: Myanmar | BC1: Netherlands | BD1: New Zealand | BE1: Nigeria | BF1: Norway | BG1: Oman | BH1: Pakistan | BI1: Poland | BJ1: Portugal | BK1: Qatar | BL1: Romania | BM1: Russian Federation | BN1: Saudi Arabia | BO1: Serbia | BP1: Singapore | BQ1: Slovakia | BR1: Slovenia | BS1: South Africa | BT1: Spain | BU1: Sudan | BV1: Sweden | BW1: Switzerland | BX1: Taiwan Province of China | BY1: Tajikistan | BZ1: Thailand | CA1: Turkey | CB1: Turkmenistan | CC1: Ukraine | CD1: United Arab Emirates | CE1: United Kingdom | CF1: United States of America | CG1: Uzbekistan | CH1: Venezuela (Bolivarian Republic of) | CI1: Viet Nam | CJ1: Zambia | CK1: Türkiye | CL1: Korea, Republic of | CM1: Taipei, Chinese | CN1: Hong Kong, China
D2: Région Ecoinvent | E2: =_xlfn.XLOOKUP(E1,'Correspondances pays'!$B$4:$B$205,'Correspondances pays'!$C$4:$C$205,,0) -> Reste du monde | F2: =_xlfn.XLOOKUP(F1,'Correspondances pays'!$B$4:$B$205,'Correspondances pays'!$C$4:$C$205,,0) -> #N/A | G2: =_xlfn.XLOOKUP(G1,'Correspondances pays'!$B$4:$B$205,'Correspondances pays'!$C$4:$C$205,,0) -> Reste du monde | H2: =_xlfn.XLOOKUP(H1,'Correspondances pays'!$B$4:$B$205,'Correspondances pays'!$C$4:$C$205,,0) -> Amérique du sud | I2: =_xlfn.XLOOKUP(I1,'Correspondances pays'!$B$4:$B$205,'Correspondances pays'!$C$4:$C$205,,0) -> Océanie | J2: =_xlfn.XLOOKUP(J1,'Correspondances pays'!$B$4:$B$205,'Correspondances pays'!$C$4:$C$205,,0) -> Europe | K2: =_xlfn.XLOOKUP(K1,'Correspondances pays'!$B$4:$B$205,'Correspondances pays'!$C$4:$C$205,,0) -> Asie hors Chine et pays du Golfe persique | L2: =_xlfn.XLOOKUP(L1,'Correspondances pays'!$B$4:$B$205,'Correspondances pays'!$C$4:$C$205,,0) -> Pays du Golfe Persique | ... CN2: =_xlfn.XLOOKUP(CN1,'Correspondances pays'!$B$4:$B$205,'Correspondances pays'!$C$4:$C$205,,0) -> Chine
A3: Importation vers : | B3: Pays Compens8 | D3: Total
A4: Germany | B4: =_xlfn.XLOOKUP(A4,'Correspondances pays'!$A$4:$A$200,'Correspondances pays'!$B$4:$B$200) -> Germany | C4: =AutoConsommation!F3 -> 2458801 | D4: =SUM(E4:CN4) -> 2458801 | E4: =SUMIFS('compens8-Import'!$H$4:$H$1002,'compens8-Import'!$M$4:$M$1002,$B4,'compens8-Import'!$E$4:$E$1002,E$1) -> 0 | F4: =SUMIFS('compens8-Import'!$H$4:$H$1002,'compens8-Import'!$M$4:$M$1002,$B4,'compens8-Import'!$E$4:$E$1002,F$1) -> 0 | G4: =SUMIFS('compens8-Import'!$H$4:$H$1002,'compens8-Import'!$M$4:$M$1002,$B4,'compens8-Import'!$E$4:$E$1002,G$1) -> 50161 | H4: =SUMIFS('compens8-Import'!$H$4:$H$1002,'compens8-Import'!$M$4:$M$1002,$B4,'compens8-Import'!$E$4:$E$1002,H$1) -> 0 | I4: =SUMIFS('compens8-Import'!$H$4:$H$1002,'compens8-Import'!$M$4:$M$1002,$B4,'compens8-Import'!$E$4:$E$1002,I$1) -> 0 | J4: =SUMIFS('compens8-Import'!$H$4:$H$1002,'compens8-Import'!$M$4:$M$1002,$B4,'compens8-Import'!$E$4:$E$1002,J$1) -> 127420 | K4: =SUMIFS('compens8-Import'!$H$4:$H$1002,'compens8-Import'!$M$4:$M$1002,$B4,'compens8-Import'!$E$4:$E$1002,K$1) -> 0 | L4: =SUMIFS('compens8-Import'!$H$4:$H$1002,'compens8-Import'!$M$4:$M$1002,$B4,'compens8-Import'!$E$4:$E$1002,L$1) -> 53284 | ... CN4: =SUMIFS('compens8-Import'!$H$4:$H$1002,'compens8-Import'!$M$4:$M$1002,$B4,'compens8-Import'!$E$4:$E$1002,CN$1) -> 0
A5: Austria | B5: =_xlfn.XLOOKUP(A5,'Correspondances pays'!$A$4:$A$200,'Correspondances pays'!$B$4:$B$200) -> Austria | C5: =AutoConsommation!F4 -> 548841 | D5: =SUM(E5:CN5) -> 548841 | E5: =SUMIFS('compens8-Import'!$H$4:$H$1002,'compens8-Import'!$M$4:$M$1002,$B5,'compens8-Import'!$E$4:$E$1002,E$1) -> 0 | F5: =SUMIFS('compens8-Import'!$H$4:$H$1002,'compens8-Import'!$M$4:$M$1002,$B5,'compens8-Import'!$E$4:$E$1002,F$1) -> 0 | G5: =SUMIFS('compens8-Import'!$H$4:$H$1002,'compens8-Import'!$M$4:$M$1002,$B5,'compens8-Import'!$E$4:$E$1002,G$1) -> 0 | H5: =SUMIFS('compens8-Import'!$H$4:$H$1002,'compens8-Import'!$M$4:$M$1002,$B5,'compens8-Import'!$E$4:$E$1002,H$1) -> 0 | I5: =SUMIFS('compens8-Import'!$H$4:$H$1002,'compens8-Import'!$M$4:$M$1002,$B5,'compens8-Import'!$E$4:$E$1002,I$1) -> 0 | J5: =SUMIFS('compens8-Import'!$H$4:$H$1002,'compens8-Import'!$M$4:$M$1002,$B5,'compens8-Import'!$E$4:$E$1002,J$1) -> 0 | K5: =SUMIFS('compens8-Import'!$H$4:$H$1002,'compens8-Import'!$M$4:$M$1002,$B5,'compens8-Import'!$E$4:$E$1002,K$1) -> 0 | L5: =SUMIFS('compens8-Import'!$H$4:$H$1002,'compens8-Import'!$M$4:$M$1002,$B5,'compens8-Import'!$E$4:$E$1002,L$1) -> 11203 | ... CN5: =SUMIFS('compens8-Import'!$H$4:$H$1002,'compens8-Import'!$M$4:$M$1002,$B5,'compens8-Import'!$E$4:$E$1002,CN$1) -> 0
A6: Belgium | B6: =_xlfn.XLOOKUP(A6,'Correspondances pays'!$A$4:$A$200,'Correspondances pays'!$B$4:$B$200) -> Belgium | C6: =AutoConsommation!F5 -> 353833 | D6: =SUM(E6:CN6) -> 353833 | E6: =SUMIFS('compens8-Import'!$H$4:$H$1002,'compens8-Import'!$M$4:$M$1002,$B6,'compens8-Import'!$E$4:$E$1002,E$1) -> 0 | F6: =SUMIFS('compens8-Import'!$H$4:$H$1002,'compens8-Import'!$M$4:$M$1002,$B6,'compens8-Import'!$E$4:$E$1002,F$1) -> 0 | G6: =SUMIFS('compens8-Import'!$H$4:$H$1002,'compens8-Import'!$M$4:$M$1002,$B6,'compens8-Import'!$E$4:$E$1002,G$1) -> 0 | H6: =SUMIFS('compens8-Import'!$H$4:$H$1002,'compens8-Import'!$M$4:$M$1002,$B6,'compens8-Import'!$E$4:$E$1002,H$1) -> 0 | I6: =SUMIFS('compens8-Import'!$H$4:$H$1002,'compens8-Import'!$M$4:$M$1002,$B6,'compens8-Import'!$E$4:$E$1002,I$1) -> 485 | J6: =SUMIFS('compens8-Import'!$H$4:$H$1002,'compens8-Import'!$M$4:$M$1002,$B6,'compens8-Import'!$E$4:$E$1002,J$1) -> 2513 | K6: =SUMIFS('compens8-Import'!$H$4:$H$1002,'compens8-Import'!$M$4:$M$1002,$B6,'compens8-Import'!$E$4:$E$1002,K$1) -> 0 | L6: =SUMIFS('compens8-Import'!$H$4:$H$1002,'compens8-Import'!$M$4:$M$1002,$B6,'compens8-Import'!$E$4:$E$1002,L$1) -> 0 | ... CN6: =SUMIFS('compens8-Import'!$H$4:$H$1002,'compens8-Import'!$M$4:$M$1002,$B6,'compens8-Import'!$E$4:$E$1002,CN$1) -> 0
A7: Brazil | B7: =_xlfn.XLOOKUP(A7,'Correspondances pays'!$A$4:$A$200,'Correspondances pays'!$B$4:$B$200) -> Brazil | C7: =AutoConsommation!F6 -> 312704 | D7: =SUM(E7:CN7) -> 312704 | E7: =SUMIFS('compens8-Import'!$H$4:$H$1002,'compens8-Import'!$M$4:$M$1002,$B7,'compens8-Import'!$E$4:$E$1002,E$1) -> 0 | F7: =SUMIFS('compens8-Import'!$H$4:$H$1002,'compens8-Import'!$M$4:$M$1002,$B7,'compens8-Import'!$E$4:$E$1002,F$1) -> 0 | G7: =SUMIFS('compens8-Import'!$H$4:$H$1002,'compens8-Import'!$M$4:$M$1002,$B7,'compens8-Import'!$E$4:$E$1002,G$1) -> 0 | H7: =SUMIFS('compens8-Import'!$H$4:$H$1002,'compens8-Import'!$M$4:$M$1002,$B7,'compens8-Import'!$E$4:$E$1002,H$1) -> 36881 | I7: =SUMIFS('compens8-Import'!$H$4:$H$1002,'compens8-Import'!$M$4:$M$1002,$B7,'compens8-Import'!$E$4:$E$1002,I$1) -> 33431 | J7: =SUMIFS('compens8-Import'!$H$4:$H$1002,'compens8-Import'!$M$4:$M$1002,$B7,'compens8-Import'!$E$4:$E$1002,J$1) -> 0 | K7: =SUMIFS('compens8-Import'!$H$4:$H$1002,'compens8-Import'!$M$4:$M$1002,$B7,'compens8-Import'!$E$4:$E$1002,K$1) -> 0 | L7: =SUMIFS('compens8-Import'!$H$4:$H$1002,'compens8-Import'!$M$4:$M$1002,$B7,'compens8-Import'!$E$4:$E$1002,L$1) -> 24489 | ... CN7: =SUMIFS('compens8-Import'!$H$4:$H$1002,'compens8-Import'!$M$4:$M$1002,$B7,'compens8-Import'!$E$4:$E$1002,CN$1) -> 0
A8: China | B8: =_xlfn.XLOOKUP(A8,'Correspondances pays'!$A$4:$A$200,'Correspondances pays'!$B$4:$B$200) -> China | C8: =AutoConsommation!F7 -> 1822428 | D8: =SUM(E8:CN8) -> 1822428 | E8: =SUMIFS('compens8-Import'!$H$4:$H$1002,'compens8-Import'!$M$4:$M$1002,$B8,'compens8-Import'!$E$4:$E$1002,E$1) -> 0 | F8: =SUMIFS('compens8-Import'!$H$4:$H$1002,'compens8-Import'!$M$4:$M$1002,$B8,'compens8-Import'!$E$4:$E$1002,F$1) -> 10112 | G8: =SUMIFS('compens8-Import'!$H$4:$H$1002,'compens8-Import'!$M$4:$M$1002,$B8,'compens8-Import'!$E$4:$E$1002,G$1) -> 0 | H8: =SUMIFS('compens8-Import'!$H$4:$H$1002,'compens8-Import'!$M$4:$M$1002,$B8,'compens8-Import'!$E$4:$E$1002,H$1) -> 0 | I8: =SUMIFS('compens8-Import'!$H$4:$H$1002,'compens8-Import'!$M$4:$M$1002,$B8,'compens8-Import'!$E$4:$E$1002,I$1) -> 28233 | J8: =SUMIFS('compens8-Import'!$H$4:$H$1002,'compens8-Import'!$M$4:$M$1002,$B8,'compens8-Import'!$E$4:$E$1002,J$1) -> 0 | K8: =SUMIFS('compens8-Import'!$H$4:$H$1002,'compens8-Import'!$M$4:$M$1002,$B8,'compens8-Import'!$E$4:$E$1002,K$1) -> 0 | L8: =SUMIFS('compens8-Import'!$H$4:$H$1002,'compens8-Import'!$M$4:$M$1002,$B8,'compens8-Import'!$E$4:$E$1002,L$1) -> 22929 | ... CN8: =SUMIFS('compens8-Import'!$H$4:$H$1002,'compens8-Import'!$M$4:$M$1002,$B8,'compens8-Import'!$E$4:$E$1002,CN$1) -> 0
A9: Korea, South | B9: =_xlfn.XLOOKUP(A9,'Correspondances pays'!$A$4:$A$200,'Correspondances pays'!$B$4:$B$200) -> Korea Republic of | C9: =AutoConsommation!F8 -> 1519052 | D9: =SUM(E9:CN9) -> 1519052 | E9: =SUMIFS('compens8-Import'!$H$4:$H$1002,'compens8-Import'!$M$4:$M$1002,$B9,'compens8-Import'!$E$4:$E$1002,E$1) -> 0 | F9: =SUMIFS('compens8-Import'!$H$4:$H$1002,'compens8-Import'!$M$4:$M$1002,$B9,'compens8-Import'!$E$4:$E$1002,F$1) -> 0 | G9: =SUMIFS('compens8-Import'!$H$4:$H$1002,'compens8-Import'!$M$4:$M$1002,$B9,'compens8-Import'!$E$4:$E$1002,G$1) -> 0 | H9: =SUMIFS('compens8-Import'!$H$4:$H$1002,'compens8-Import'!$M$4:$M$1002,$B9,'compens8-Import'!$E$4:$E$1002,H$1) -> 0 | I9: =SUMIFS('compens8-Import'!$H$4:$H$1002,'compens8-Import'!$M$4:$M$1002,$B9,'compens8-Import'!$E$4:$E$1002,I$1) -> 235233 | J9: =SUMIFS('compens8-Import'!$H$4:$H$1002,'compens8-Import'!$M$4:$M$1002,$B9,'compens8-Import'!$E$4:$E$1002,J$1) -> 0 | K9: =SUMIFS('compens8-Import'!$H$4:$H$1002,'compens8-Import'!$M$4:$M$1002,$B9,'compens8-Import'!$E$4:$E$1002,K$1) -> 0 | L9: =SUMIFS('compens8-Import'!$H$4:$H$1002,'compens8-Import'!$M$4:$M$1002,$B9,'compens8-Import'!$E$4:$E$1002,L$1) -> 69674 | ... CN9: =SUMIFS('compens8-Import'!$H$4:$H$1002,'compens8-Import'!$M$4:$M$1002,$B9,'compens8-Import'!$E$4:$E$1002,CN$1) -> 0
A10: Spain | B10: =_xlfn.XLOOKUP(A10,'Correspondances pays'!$A$4:$A$200,'Correspondances pays'!$B$4:$B$200) -> Spain | C10: =AutoConsommation!F9 -> 687394.01 | D10: =SUM(E10:CN10) -> 687394.01 | E10: =SUMIFS('compens8-Import'!$H$4:$H$1002,'compens8-Import'!$M$4:$M$1002,$B10,'compens8-Import'!$E$4:$E$1002,E$1) -> 0 | F10: =SUMIFS('compens8-Import'!$H$4:$H$1002,'compens8-Import'!$M$4:$M$1002,$B10,'compens8-Import'!$E$4:$E$1002,F$1) -> 0 | G10: =SUMIFS('compens8-Import'!$H$4:$H$1002,'compens8-Import'!$M$4:$M$1002,$B10,'compens8-Import'!$E$4:$E$1002,G$1) -> 0 | H10: =SUMIFS('compens8-Import'!$H$4:$H$1002,'compens8-Import'!$M$4:$M$1002,$B10,'compens8-Import'!$E$4:$E$1002,H$1) -> 0 | I10: =SUMIFS('compens8-Import'!$H$4:$H$1002,'compens8-Import'!$M$4:$M$1002,$B10,'compens8-Import'!$E$4:$E$1002,I$1) -> 0 | J10: =SUMIFS('compens8-Import'!$H$4:$H$1002,'compens8-Import'!$M$4:$M$1002,$B10,'compens8-Import'!$E$4:$E$1002,J$1) -> 0 | K10: =SUMIFS('compens8-Import'!$H$4:$H$1002,'compens8-Import'!$M$4:$M$1002,$B10,'compens8-Import'!$E$4:$E$1002,K$1) -> 0 | L10: =SUMIFS('compens8-Import'!$H$4:$H$1002,'compens8-Import'!$M$4:$M$1002,$B10,'compens8-Import'!$E$4:$E$1002,L$1) -> 92086 | ... CN10: =SUMIFS('compens8-Import'!$H$4:$H$1002,'compens8-Import'!$M$4:$M$1002,$B10,'compens8-Import'!$E$4:$E$1002,CN$1) -> 0
A11: United States of America | B11: =_xlfn.XLOOKUP(A11,'Correspondances pays'!$A$4:$A$200,'Correspondances pays'!$B$4:$B$200) -> United States of America | C11: =AutoConsommation!F10 -> 4397916 | D11: =SUM(E11:CN11) -> 4397916 | E11: =SUMIFS('compens8-Import'!$H$4:$H$1002,'compens8-Import'!$M$4:$M$1002,$B11,'compens8-Import'!$E$4:$E$1002,E$1) -> 0 | F11: =SUMIFS('compens8-Import'!$H$4:$H$1002,'compens8-Import'!$M$4:$M$1002,$B11,'compens8-Import'!$E$4:$E$1002,F$1) -> 0 | G11: =SUMIFS('compens8-Import'!$H$4:$H$1002,'compens8-Import'!$M$4:$M$1002,$B11,'compens8-Import'!$E$4:$E$1002,G$1) -> 0 | H11: =SUMIFS('compens8-Import'!$H$4:$H$1002,'compens8-Import'!$M$4:$M$1002,$B11,'compens8-Import'!$E$4:$E$1002,H$1) -> 160903 | I11: =SUMIFS('compens8-Import'!$H$4:$H$1002,'compens8-Import'!$M$4:$M$1002,$B11,'compens8-Import'!$E$4:$E$1002,I$1) -> 207404 | J11: =SUMIFS('compens8-Import'!$H$4:$H$1002,'compens8-Import'!$M$4:$M$1002,$B11,'compens8-Import'!$E$4:$E$1002,J$1) -> 0 | K11: =SUMIFS('compens8-Import'!$H$4:$H$1002,'compens8-Import'!$M$4:$M$1002,$B11,'compens8-Import'!$E$4:$E$1002,K$1) -> 0 | L11: =SUMIFS('compens8-Import'!$H$4:$H$1002,'compens8-Import'!$M$4:$M$1002,$B11,'compens8-Import'!$E$4:$E$1002,L$1) -> 272074 | ... CN11: =SUMIFS('compens8-Import'!$H$4:$H$1002,'compens8-Import'!$M$4:$M$1002,$B11,'compens8-Import'!$E$4:$E$1002,CN$1) -> 0
A12: Finland | B12: =_xlfn.XLOOKUP(A12,'Correspondances pays'!$A$4:$A$200,'Correspondances pays'!$B$4:$B$200) -> Finland | C12: =AutoConsommation!F11 -> 44648.32 | D12: =SUM(E12:CN12) -> 44648.32 | E12: =SUMIFS('compens8-Import'!$H$4:$H$1002,'compens8-Import'!$M$4:$M$1002,$B12,'compens8-Import'!$E$4:$E$1002,E$1) -> 0 | F12: =SUMIFS('compens8-Import'!$H$4:$H$1002,'compens8-Import'!$M$4:$M$1002,$B12,'compens8-Import'!$E$4:$E$1002,F$1) -> 0 | G12: =SUMIFS('compens8-Import'!$H$4:$H$1002,'compens8-Import'!$M$4:$M$1002,$B12,'compens8-Import'!$E$4:$E$1002,G$1) -> 0 | H12: =SUMIFS('compens8-Import'!$H$4:$H$1002,'compens8-Import'!$M$4:$M$1002,$B12,'compens8-Import'!$E$4:$E$1002,H$1) -> 0 | I12: =SUMIFS('compens8-Import'!$H$4:$H$1002,'compens8-Import'!$M$4:$M$1002,$B12,'compens8-Import'!$E$4:$E$1002,I$1) -> 120 | J12: =SUMIFS('compens8-Import'!$H$4:$H$1002,'compens8-Import'!$M$4:$M$1002,$B12,'compens8-Import'!$E$4:$E$1002,J$1) -> 558 | K12: =SUMIFS('compens8-Import'!$H$4:$H$1002,'compens8-Import'!$M$4:$M$1002,$B12,'compens8-Import'!$E$4:$E$1002,K$1) -> 0 | L12: =SUMIFS('compens8-Import'!$H$4:$H$1002,'compens8-Import'!$M$4:$M$1002,$B12,'compens8-Import'!$E$4:$E$1002,L$1) -> 885 | ... CN12: =SUMIFS('compens8-Import'!$H$4:$H$1002,'compens8-Import'!$M$4:$M$1002,$B12,'compens8-Import'!$E$4:$E$1002,CN$1) -> 0
A13: France | B13: =_xlfn.XLOOKUP(A13,'Correspondances pays'!$A$4:$A$200,'Correspondances pays'!$B$4:$B$200) -> France | C13: =AutoConsommation!F12 -> 548846 | D13: =SUM(E13:CN13) -> 548846 | E13: =SUMIFS('compens8-Import'!$H$4:$H$1002,'compens8-Import'!$M$4:$M$1002,$B13,'compens8-Import'!$E$4:$E$1002,E$1) -> 0 | F13: =SUMIFS('compens8-Import'!$H$4:$H$1002,'compens8-Import'!$M$4:$M$1002,$B13,'compens8-Import'!$E$4:$E$1002,F$1) -> 0 | G13: =SUMIFS('compens8-Import'!$H$4:$H$1002,'compens8-Import'!$M$4:$M$1002,$B13,'compens8-Import'!$E$4:$E$1002,G$1) -> 0 | H13: =SUMIFS('compens8-Import'!$H$4:$H$1002,'compens8-Import'!$M$4:$M$1002,$B13,'compens8-Import'!$E$4:$E$1002,H$1) -> 0 | I13: =SUMIFS('compens8-Import'!$H$4:$H$1002,'compens8-Import'!$M$4:$M$1002,$B13,'compens8-Import'!$E$4:$E$1002,I$1) -> 0 | J13: =SUMIFS('compens8-Import'!$H$4:$H$1002,'compens8-Import'!$M$4:$M$1002,$B13,'compens8-Import'!$E$4:$E$1002,J$1) -> 5325 | K13: =SUMIFS('compens8-Import'!$H$4:$H$1002,'compens8-Import'!$M$4:$M$1002,$B13,'compens8-Import'!$E$4:$E$1002,K$1) -> 0 | L13: =SUMIFS('compens8-Import'!$H$4:$H$1002,'compens8-Import'!$M$4:$M$1002,$B13,'compens8-Import'!$E$4:$E$1002,L$1) -> 4141 | ... CN13: =SUMIFS('compens8-Import'!$H$4:$H$1002,'compens8-Import'!$M$4:$M$1002,$B13,'compens8-Import'!$E$4:$E$1002,CN$1) -> 0
A14: Hungary | B14: =_xlfn.XLOOKUP(A14,'Correspondances pays'!$A$4:$A$200,'Correspondances pays'!$B$4:$B$200) -> Hungary | C14: =AutoConsommation!F13 -> 280466.69 | D14: =SUM(E14:CN14) -> 280466.69 | E14: =SUMIFS('compens8-Import'!$H$4:$H$1002,'compens8-Import'!$M$4:$M$1002,$B14,'compens8-Import'!$E$4:$E$1002,E$1) -> 0 | F14: =SUMIFS('compens8-Import'!$H$4:$H$1002,'compens8-Import'!$M$4:$M$1002,$B14,'compens8-Import'!$E$4:$E$1002,F$1) -> 0 | G14: =SUMIFS('compens8-Import'!$H$4:$H$1002,'compens8-Import'!$M$4:$M$1002,$B14,'compens8-Import'!$E$4:$E$1002,G$1) -> 0 | H14: =SUMIFS('compens8-Import'!$H$4:$H$1002,'compens8-Import'!$M$4:$M$1002,$B14,'compens8-Import'!$E$4:$E$1002,H$1) -> 0 | I14: =SUMIFS('compens8-Import'!$H$4:$H$1002,'compens8-Import'!$M$4:$M$1002,$B14,'compens8-Import'!$E$4:$E$1002,I$1) -> 0 | J14: =SUMIFS('compens8-Import'!$H$4:$H$1002,'compens8-Import'!$M$4:$M$1002,$B14,'compens8-Import'!$E$4:$E$1002,J$1) -> 32839.85 | K14: =SUMIFS('compens8-Import'!$H$4:$H$1002,'compens8-Import'!$M$4:$M$1002,$B14,'compens8-Import'!$E$4:$E$1002,K$1) -> 0 | L14: =SUMIFS('compens8-Import'!$H$4:$H$1002,'compens8-Import'!$M$4:$M$1002,$B14,'compens8-Import'!$E$4:$E$1002,L$1) -> 0 | ... CN14: =SUMIFS('compens8-Import'!$H$4:$H$1002,'compens8-Import'!$M$4:$M$1002,$B14,'compens8-Import'!$E$4:$E$1002,CN$1) -> 0
A15: India | B15: =_xlfn.XLOOKUP(A15,'Correspondances pays'!$A$4:$A$200,'Correspondances pays'!$B$4:$B$200) -> India | C15: =AutoConsommation!F14 -> 256884 | D15: =SUM(E15:CN15) -> 256884 | E15: =SUMIFS('compens8-Import'!$H$4:$H$1002,'compens8-Import'!$M$4:$M$1002,$B15,'compens8-Import'!$E$4:$E$1002,E$1) -> 0 | F15: =SUMIFS('compens8-Import'!$H$4:$H$1002,'compens8-Import'!$M$4:$M$1002,$B15,'compens8-Import'!$E$4:$E$1002,F$1) -> 0 | G15: =SUMIFS('compens8-Import'!$H$4:$H$1002,'compens8-Import'!$M$4:$M$1002,$B15,'compens8-Import'!$E$4:$E$1002,G$1) -> 200 | H15: =SUMIFS('compens8-Import'!$H$4:$H$1002,'compens8-Import'!$M$4:$M$1002,$B15,'compens8-Import'!$E$4:$E$1002,H$1) -> 0 | I15: =SUMIFS('compens8-Import'!$H$4:$H$1002,'compens8-Import'!$M$4:$M$1002,$B15,'compens8-Import'!$E$4:$E$1002,I$1) -> 0 | J15: =SUMIFS('compens8-Import'!$H$4:$H$1002,'compens8-Import'!$M$4:$M$1002,$B15,'compens8-Import'!$E$4:$E$1002,J$1) -> 0 | K15: =SUMIFS('compens8-Import'!$H$4:$H$1002,'compens8-Import'!$M$4:$M$1002,$B15,'compens8-Import'!$E$4:$E$1002,K$1) -> 0 | L15: =SUMIFS('compens8-Import'!$H$4:$H$1002,'compens8-Import'!$M$4:$M$1002,$B15,'compens8-Import'!$E$4:$E$1002,L$1) -> 55351 | ... CN15: =SUMIFS('compens8-Import'!$H$4:$H$1002,'compens8-Import'!$M$4:$M$1002,$B15,'compens8-Import'!$E$4:$E$1002,CN$1) -> 0
... A35: Others | B35: =_xlfn.XLOOKUP(A35,'Correspondances pays'!$A$4:$A$200,'Correspondances pays'!$B$4:$B$200) -> #N/A | C35: =AutoConsommation!F34 -> 0 | D35: =SUM(E35:CN35) -> 0 | E35: =SUMIFS('compens8-Import'!$H$4:$H$1002,'compens8-Import'!$M$4:$M$1002,$B35,'compens8-Import'!$E$4:$E$1002,E$1) -> 0 | F35: =SUMIFS('compens8-Import'!$H$4:$H$1002,'compens8-Import'!$M$4:$M$1002,$B35,'compens8-Import'!$E$4:$E$1002,F$1) -> 0 | G35: =SUMIFS('compens8-Import'!$H$4:$H$1002,'compens8-Import'!$M$4:$M$1002,$B35,'compens8-Import'!$E$4:$E$1002,G$1) -> 0 | H35: =SUMIFS('compens8-Import'!$H$4:$H$1002,'compens8-Import'!$M$4:$M$1002,$B35,'compens8-Import'!$E$4:$E$1002,H$1) -> 0 | I35: =SUMIFS('compens8-Import'!$H$4:$H$1002,'compens8-Import'!$M$4:$M$1002,$B35,'compens8-Import'!$E$4:$E$1002,I$1) -> 0 | J35: =SUMIFS('compens8-Import'!$H$4:$H$1002,'compens8-Import'!$M$4:$M$1002,$B35,'compens8-Import'!$E$4:$E$1002,J$1) -> 0 | K35: =SUMIFS('compens8-Import'!$H$4:$H$1002,'compens8-Import'!$M$4:$M$1002,$B35,'compens8-Import'!$E$4:$E$1002,K$1) -> 0 | L35: =SUMIFS('compens8-Import'!$H$4:$H$1002,'compens8-Import'!$M$4:$M$1002,$B35,'compens8-Import'!$E$4:$E$1002,L$1) -> 0 | ... CN35: =SUMIFS('compens8-Import'!$H$4:$H$1002,'compens8-Import'!$M$4:$M$1002,$B35,'compens8-Import'!$E$4:$E$1002,CN$1) -> 0

Sheet Correspondances pays
A1: Tableau de correspondance avec Compens8 et régions EcoInvent
A3: Pays | B3: Nom compens8 Alu | C3: Region selon EcoIvent
A4: Others | B4: #N/A | C4: Reste du monde
A5: Afghanistan | B5: #N/A | C5: Asie hors Chine et pays du Golfe persique
A6: Albania | B6: Albania | C6: Reste du monde
A7: Algeria | B7: Algeria | C7: Reste du monde
A8: Andorra | B8: Andorra | C8: Reste du monde
A9: Angola | B9: #N/A | C9: Reste du monde
A10: Anguilla | B10: #N/A | C10: Reste du monde
A11: Argentina | B11: Argentina | C11: Amérique du sud
A12: Armenia | B12: Armenia | C12: Reste du monde
A13: Aruba | B13: #N/A | C13: Reste du monde
A14: Australia | B14: Australia | C14: Océanie
A15: Austria | B15: Austria | C15: Europe
A16: Azerbaijan | B16: Azerbaijan | C16: Asie hors Chine et pays du Golfe persique
A17: Bahamas | B17: Bahamas | C17: Reste du monde
A18: Bahrain | B18: Bahrain | C18: Pays du Golfe Persique
A19: Bangladesh | B19: Bangladesh | C19: Asie hors Chine et pays du Golfe persique
A20: Barbados | B20: #N/A | C20: Reste du monde
A21: Belarus | B21: Belarus | C21: Reste du monde
A22: Belgium | B22: Belgium | C22: Europe
A23: Belize | B23: #N/A | C23: Reste du monde
A24: Benin | B24: #N/A | C24: Reste du monde
A25: Bermuda | B25: #N/A | C25: Reste du monde
A26: Bhutan | B26: Bhutan | C26: Asie hors Chine et pays du Golfe persique
A27: Bolivia | B27: #N/A | C27: Reste du monde
A28: Bosnia & Herzegovina | B28: Bosnia and Herzegovina | C28: Russie
A29: Botswana | B29: #N/A | C29: Reste du monde
A30: Brazil | B30: Brazil | C30: Amérique du sud
A31: Brunei Darussalam | B31: #N/A | C31: Reste du monde
A32: Bulgaria | B32: Bulgaria | C32: Europe
A33: Burkina Faso | B33: #N/A | C33: Reste du monde
A34: Burundi | B34: #N/A | C34: Reste du monde
A35: Cambodia | B35: Cambodia | C35: Reste du monde
A36: Cameroon | B36: Cameroon | C36: Afrique
A37: Canada | B37: Canada | C37: Amérique du Nord
A38: Cape Verde | B38: #N/A | C38: Reste du monde
A39: Cayman Islands | B39: #N/A | C39: Reste du monde
A40: Central African Republic | B40: #N/A | C40: Reste du monde
A41: Ceuta | B41: #N/A | C41: Reste du monde
A42: Chile | B42: Chile | C42: Reste du monde
A43: China | B43: China | C43: Chine
A44: Colombia | B44: Colombia | C44: Reste du monde
A45: Comoros | B45: #N/A | C45: Reste du monde
A46: Congo | B46: #N/A | C46: Reste du monde
A47: Congo, Dem. Rep. | B47: Congo, Democratic Republic of the | C47: Reste du monde
A48: Costa Rica | B48: #N/A | C48: Reste du monde
A49: Côte d'Ivoire | B49: Côte d'Ivoire | C49: Reste du monde
A50: Croatia | B50: Croatia | C50: Europe
A51: Cuba | B51: #N/A | C51: Reste du monde
A52: Curacao | B52: #N/A | C52: Reste du monde
A53: Cyprus | B53: Cyprus | C53: Europe
A54: Czech Republic | B54: Czechia | C54: Europe
A55: Denmark | B55: Denmark | C55: Europe
A56: Djibouti | B56: Djibouti | C56: Reste du monde
A57: Dominica | B57: #N/A | C57: Reste du monde
A58: Dominican Republic | B58: Dominican Republic | C58: Reste du monde
A59: Ecuador | B59: Ecuador | C59: Reste du monde
A60: Egypt | B60: Egypt | C60: Afrique
A61: El Salvador | B61: El Salvador | C61: Reste du monde
A62: Eritrea | B62: #N/A | C62: Reste du monde
A63: Estonia | B63: Estonia | C63: Europe
A64: Ethiopia | B64: #N/A | C64: Reste du monde
A65: EU Suppression | B65: #N/A | C65: Reste du monde
A66: Falkland Islands | B66: #N/A | C66: Reste du monde
A67: Faroe Islands | B67: #N/A | C67: Reste du monde
A68: Fiji | B68: Fiji | C68: Océanie
A69: Finland | B69: Finland | C69: Europe
A70: France | B70: France | C70: Europe
A71: French Polynesia | B71: #N/A | C71: Océanie
A72: Gabon | B72: Gabon | C72: Reste du monde
A73: Georgia | B73: Georgia | C73: Reste du monde
A74: Germany | B74: Germany | C74: Europe
A75: Ghana | B75: Ghana | C75: Afrique
A76: Gibraltar | B76: #N/A | C76: Reste du monde
A77: Greece | B77: Greece | C77: Europe
A78: Grenada | B78: #N/A | C78: Reste du monde
A79: Guatemala | B79: Guatemala | C79: Reste du monde
A80: Honduras | B80: Honduras | C80: Reste du monde
A81: Hong Kong | B81: Hong Kong | C81: Reste du monde
A82: Hungary | B82: Hungary | C82: Europe
A83: Iceland | B83: Iceland | C83: Europe
A84: India | B84: India | C84: Asie hors Chine et pays du Golfe persique
A85: Indonesia | B85: Indonesia | C85: Asie hors Chine et pays du Golfe persique
A86: Iran | B86: Iran (Islamic Republic of) | C86: Asie hors Chine et pays du Golfe persique
A87: Iraq | B87: Iraq | C87: Asie hors Chine et pays du Golfe persique
A88: Ireland | B88: Ireland | C88: Europe
A89: Israel | B89: Israel | C89: Reste du monde
A90: Italy | B90: Italy | C90: Europe
A91: Jamaica | B91: #N/A | C91: Reste du monde
A92: Japan | B92: Japan | C92: Asie hors Chine et pays du Golfe persique
A93: Jordan | B93: Jordan | C93: Reste du monde
A94: Kazakhstan | B94: Kazakhstan | C94: Asie hors Chine et pays du Golfe persique
A95: Kenya | B95: #N/A | C95: Reste du monde
A96: Korea, North | B96: Korea, Democratic People's Republic of | C96: Reste du monde
A97: Korea, South | B97: Korea Republic of | C97: Asie hors Chine et pays du Golfe persique
A98: Kosovo | B98: #N/A | C98: Reste du monde
A99: Kuwait | B99: Kuwait | C99: Pays du Golfe Persique
A100: Kyrgyzstan | B100: Kyrgyzstan | C100: Reste du monde
A101: Laos | B101: #N/A | C101: Reste du monde
...

Sheet compens8-Prod
A1: Données retraitées par Compens8 à partir d’UN Comtrade (United Nations Statistics Division), 2022
A3: Id | B3: Code_SH | C3: Etape cycle de vie | D3: Country Code | E3: Country Exchange | F3: Value Exchange 2022 (USD thousand) | G3: Part of Country Code in Exchange (%) | H3: Quantity Exchange 2022 | I3: Quantity Unit | J3: Quantity Exchange 2022_B | K3: Quantity Unit_B | L3: Country Code Target | M3: Country Target | N3: Type
A4: 16887 | B4: 7601 | C4: 03-Aluminium brut | D4: #N/A | H4: 0 | I4: Tons | L4: 40 | M4: Austria | N4: Production
A5: 16888 | B5: 7601 | C5: 03-Aluminium brut | D5: #N/A | H5: 0 | I5: Tons | L5: 56 | M5: Belgium | N5: Production
A6: 16889 | B6: 7601 | C6: 03-Aluminium brut | D6: #N/A | H6: 810900 | I6: Tons | L6: 76 | M6: Brazil | N6: Production
A7: 16890 | B7: 7601 | C7: 03-Aluminium brut | D7: #N/A | H7: 40144300 | I7: Tons | L7: 156 | M7: China | N7: Production
A8: 16891 | B8: 7601 | C8: 03-Aluminium brut | D8: #N/A | H8: 0 | I8: Tons | L8: 203 | M8: Czechia | N8: Production
A9: 16892 | B9: 7601 | C9: 03-Aluminium brut | D9: #N/A | H9: 0 | I9: Tons | L9: 246 | M9: Finland | N9: Production
A10: 16893 | B10: 7601 | C10: 03-Aluminium brut | D10: #N/A | H10: 380000 | I10: Tons | L10: 251 | M10: France | N10: Production
A11: 16894 | B11: 7601 | C11: 03-Aluminium brut | D11: #N/A | H11: 341212 | I11: Tons | L11: 276 | M11: Germany | N11: Production
A12: 16895 | B12: 7601 | C12: 03-Aluminium brut | D12: #N/A | H12: 0 | I12: Tons | L12: 348 | M12: Hungary | N12: Production
A13: 16896 | B13: 7601 | C13: 03-Aluminium brut | D13: #N/A | H13: 4073000 | I13: Tons | L13: 699 | M13: India | N13: Production
A14: 16897 | B14: 7601 | C14: 03-Aluminium brut | D14: #N/A | H14: 223774 | I14: Tons | L14: 360 | M14: Indonesia | N14: Production
A15: 16898 | B15: 7601 | C15: 03-Aluminium brut | D15: #N/A | H15: 0 | I15: Tons | L15: 381 | M15: Italy | N15: Production
... A32: 242 | B32: 7601 | C32: 03-Aluminium brut | D32: #N/A | H32: 3300000 | I32: Tons | L32: 124 | M32: Canada | N32: Production

Sheet compens8-Import
A1: Données retraitées par Compens8 à partir d’UN Comtrade (United Nations Statistics Division), 2022
A3: Id | B3: Code_SH | C3: Etape cycle de vie | D3: Country Code | E3: Country Exchange | F3: Value Exchange 2022 (USD thousand) | G3: Part of Country Code in Exchange (%) | H3: Quantity Exchange 2022 | I3: Quantity Unit | J3: Quantity Exchange 2022_B | K3: Quantity Unit_B | L3: Country Code Target | M3: Country Target | N3: Type
A4: 7062 | B4: 7601 | C4: 03-Aluminium brut | D4: 579 | E4: Norway | F4: 340351 | G4: 20.2 | H4: 121607 | I4: Tons | L4: 40 | M4: Austria | N4: Import
A5: 7063 | B5: 7601 | C5: 03-Aluminium brut | D5: 276 | E5: Germany | F5: 309213 | G5: 18.3 | H5: 101347 | I5: Tons | L5: 40 | M5: Austria | N5: Import
A6: 7064 | B6: 7601 | C6: 03-Aluminium brut | D6: 528 | E6: Netherlands | F6: 305734 | G6: 18.1 | H6: 103079 | I6: Tons | L6: 40 | M6: Austria | N6: Import
A7: 7065 | B7: 7601 | C7: 03-Aluminium brut | D7: 381 | E7: Italy | F7: 106912 | G7: 6.3 | H7: 36295 | I7: Tons | L7: 40 | M7: Austria | N7: Import
A8: 7066 | B8: 7601 | C8: 03-Aluminium brut | D8: 756 | E8: Switzerland | F8: 88108 | G8: 5.2 | H8: 27318 | I8: Tons | L8: 40 | M8: Austria | N8: Import
A9: 7067 | B9: 7601 | C9: 03-Aluminium brut | D9: 352 | E9: Iceland | F9: 77378 | G9: 4.6 | H9: 23832 | I9: Tons | L9: 40 | M9: Austria | N9: Import
A10: 7068 | B10: 7601 | C10: 03-Aluminium brut | D10: 784 | E10: United Arab Emirates | F10: 73250 | G10: 4.3 | H10: 20650 | I10: Tons | L10: 40 | M10: Austria | N10: Import
A11: 7244 | B11: 7601 | C11: 03-Aluminium brut | D11: 999 | E11: Area Nes | F11: 176558 | G11: 2 | H11: 50161 | I11: Tons | L11: 276 | M11: Germany | N11: Import
A12: 7070 | B12: 7601 | C12: 03-Aluminium brut | D12: 643 | E12: Russian Federation | F12: 52017 | G12: 3.1 | H12: 15473 | I12: Tons | L12: 40 | M12: Austria | N12: Import
A13: 7071 | B13: 7601 | C13: 03-Aluminium brut | D13: 616 | E13: Poland | F13: 51335 | G13: 3 | H13: 17157 | I13: Tons | L13: 40 | M13: Austria | N13: Import
A14: 7072 | B14: 7601 | C14: 03-Aluminium brut | D14: 48 | E14: Bahrain | F14: 37077 | G14: 2.2 | H14: 11203 | I14: Tons | L14: 40 | M14: Austria | N14: Import
A15: 7073 | B15: 7601 | C15: 03-Aluminium brut | D15: 642 | E15: Romania | F15: 26257 | G15: 1.6 | H15: 8099 | I15: Tons | L15: 40 | M15: Austria | N15: Import
... A136: 7196 | B136: 7601 | C136: 03-Aluminium brut | D136: 440 | E136: Lithuania | F136: 166 | G136: 0.1 | H136: 6 | I136: Tons | L136: 246 | M136: Finland | N136: Import
A137: 7197 | B137: 7601 | C137: 03-Aluminium brut | D137: 76 | E137: Brazil | F137: 41 | G137: 0 | H137: 12.71 | I137: Tons | J137: 0 | K137: No quantity | L137: 246 | M137: Finland | N137: Import
A138: 7198 | B138: 7601 | C138: 03-Aluminium brut | D138: 56 | E138: Belgium | F138: 25 | G138: 0 | H138: 4 | I138: Tons | L138: 246 | M138: Finland | N138: Import
A139: 7199 | B139: 7601 | C139: 03-Aluminium brut | D139: 826 | E139: United Kingdom | F139: 23 | G139: 0 | H139: 3 | I139: Tons | L139: 246 | M139: Finland | N139: Import
A140: 7200 | B140: 7601 | C140: 03-Aluminium brut | D140: 156 | E140: China | F140: 19 | G140: 0 | H140: 0 | I140: Tons | L140: 246 | M140: Finland | N140: Import
A141: 7201 | B141: 7601 | C141: 03-Aluminium brut | D141: 842 | E141: United States of America | F141: 19 | G141: 0 | H141: 5.89 | I141: Tons | J141: 0 | K141: No quantity | L141: 246 | M141: Finland | N141: Import
A142: 7202 | B142: 7601 | C142: 03-Aluminium brut | D142: 703 | E142: Slovakia | F142: 16 | G142: 0 | H142: 2 | I142: Tons | L142: 246 | M142: Finland | N142: Import
A143: 7153 | B143: 7601 | C143: 03-Aluminium brut | D143: 392 | E143: Japan | F143: 29096 | G143: 0.6 | H143: 6051 | I143: Tons | L143: 156 | M143: China | N143: Import
A144: 7204 | B144: 7601 | C144: 03-Aluminium brut | D144: 381 | E144: Italy | F144: 12 | G144: 0 | H144: 1 | I144: Tons | L144: 246 | M144: Finland | N144: Import
A145: 7206 | B145: 7601 | C145: 03-Aluminium brut | D145: 579 | E145: Norway | F145: 358652 | G145: 18.5 | H145: 98907 | I145: Tons | L145: 251 | M145: France | N145: Import
A146: 7207 | B146: 7601 | C146: 03-Aluminium brut | D146: 643 | E146: Russian Federation | F146: 189093 | G146: 9.8 | H146: 55817 | I146: Tons | L146: 251 | M146: France | N146: Import
A147: 7208 | B147: 7601 | C147: 03-Aluminium brut | D147: 756 | E147: Switzerland | F147: 142173 | G147: 7.3 | H147: 45778 | I147: Tons | L147: 251 | M147: France | N147: Import
A148: 7209 | B148: 7601 | C148: 03-Aluminium brut | D148: 724 | E148: Spain | F148: 136361 | G148: 7 | H148: 39636 | I148: Tons | L148: 251 | M148: France | N148: Import
A149: 7210 | B149: 7601 | C149: 03-Aluminium brut | D149: 352 | E149: Iceland | F149: 136182 | G149: 7 | H149: 37341 | I149: Tons | L149: 251 | M149: France | N149: Import
A150: 7211 | B150: 7601 | C150: 03-Aluminium brut | D150: 784 | E150: United Arab Emirates | F150: 122246 | G150: 6.3 | H150: 35204 | I150: Tons | L150: 251 | M150: France | N150: Import
A151: 7212 | B151: 7601 | C151: 03-Aluminium brut | D151: 276 | E151: Germany | F151: 113914 | G151: 5.9 | H151: 30534 | I151: Tons | L151: 251 | M151: France | N151: Import
A152: 7213 | B152: 7601 | C152: 03-Aluminium brut | D152: 528 | E152: Netherlands | F152: 102635 | G152: 5.3 | H152: 26026 | I152: Tons | L152: 251 | M152: France | N152: Import
A153: 7214 | B153: 7601 | C153: 03-Aluminium brut | D153: 442 | E153: Luxembourg | F153: 71889 | G153: 3.7 | H153: 25942 | I153: Tons | L153: 251 | M153: France | N153: Import
... A193: 7254 | B193: 7601 | C193: 03-Aluminium brut | D193: 528 | E193: Netherlands | F193: 308510 | G193: 33.5 | H193: 91889 | I193: Tons | L193: 348 | M193: Hungary | N193: Import
A194: 7255 | B194: 7601 | C194: 03-Aluminium brut | D194: 381 | E194: Italy | F194: 171030 | G194: 18.6 | H194: 53019.3 | I194: Tons | J194: 0 | K194: No quantity | L194: 348 | M194: Hungary | N194: Import
A195: 7256 | B195: 7601 | C195: 03-Aluminium brut | D195: 642 | E195: Romania | F195: 148813 | G195: 16.2 | H195: 46132.03 | I195: Tons | J195: 0 | K195: No quantity | L195: 348 | M195: Hungary | N195: Import
A196: 7257 | B196: 7601 | C196: 03-Aluminium brut | D196: 40 | E196: Austria | F196: 105935 | G196: 11.5 | H196: 32839.85 | I196: Tons | J196: 0 | K196: No quantity | L196: 348 | M196: Hungary | N196: Import
A197: 7258 | B197: 7601 | C197: 03-Aluminium brut | D197: 616 | E197: Poland | F197: 33615 | G197: 3.7 | H197: 10420.65 | I197: Tons | J197: 0 | K197: No quantity | L197: 348 | M197: Hungary | N197: Import
A198: 7260 | B198: 7601 | C198: 03-Aluminium brut | D198: 703 | E198: Slovakia | F198: 28236 | G198: 3.1 | H198: 8753.16 | I198: Tons | J198: 0 | K198: No quantity | L198: 348 | M198: Hungary | N198: Import
A199: 7261 | B199: 7601 | C199: 03-Aluminium brut | D199: 56 | E199: Belgium | F199: 26837 | G199: 2.9 | H199: 7699 | I199: Tons | L199: 348 | M199: Hungary | N199: Import
A200: 7262 | B200: 7601 | C200: 03-Aluminium brut | D200: 203 | E200: Czechia | F200: 18473 | G200: 2 | H200: 5726.63 | I200: Tons | J200: 0 | K200: No quantity | L200: 348 | M200: Hungary | N200: Import
A201: 7263 | B201: 7601 | C201: 03-Aluminium brut | D201: 705 | E201: Slovenia | F201: 16961 | G201: 1.8 | H201: 5257.91 | I201: Tons | J201: 0 | K201: No quantity | L201: 348 | M201: Hungary | N201: Import
A202: 7264 | B202: 7601 | C202: 03-Aluminium brut | D202: 276 | E202: Germany | F202: 8744 | G202: 1 | H202: 2710.64 | I202: Tons | J202: 0 | K202: No quantity | L202: 348 | M202: Hungary | N202: Import
A203: 7265 | B203: 7601 | C203: 03-Aluminium brut | D203: 699 | E203: India | F203: 5243 | G203: 0.6 | H203: 1500 | I203: Tons | L203: 348 | M203: Hungary | N203: Import
A204: 7266 | B204: 7601 | C204: 03-Aluminium brut | D204: 752 | E204: Sweden | F204: 4837 | G204: 0.5 | H204: 1499.47 | I204: Tons | J204: 0 | K204: No quantity | L204: 348 | M204: Hungary | N204: Import
A205: 7267 | B205: 7601 | C205: 03-Aluminium brut | D205: 499 | E205: Montenegro | F205: 4268 | G205: 0.5 | H205: 1153 | I205: Tons | L205: 348 | M205: Hungary | N205: Import
A206: 7268 | B206: 7601 | C206: 03-Aluminium brut | D206: 710 | E206: South Africa | F206: 1204 | G206: 0.1 | H206: 412 | I206: Tons | L206: 348 | M206: Hungary | N206: Import
A207: 7269 | B207: 7601 | C207: 03-Aluminium brut | D207: 643 | E207: Russian Federation | F207: 1186 | G207: 0.1 | H207: 320 | I207: Tons | L207: 348 | M207: Hungary | N207: Import
A208: 7270 | B208: 7601 | C208: 03-Aluminium brut | D208: 688 | E208: Serbia | F208: 741 | G208: 0.1 | H208: 312 | I208: Tons | L208: 348 | M208: Hungary | N208: Import
A209: 7271 | B209: 7601 | C209: 03-Aluminium brut | D209: 428 | E209: Latvia | F209: 615 | G209: 0.1 | H209: 167 | I209: Tons | L209: 348 | M209: Hungary | N209: Import
A210: 7272 | B210: 7601 | C210: 03-Aluminium brut | D210: 724 | E210: Spain | F210: 565 | G210: 0.1 | H210: 107 | I210: Tons | L210: 348 | M210: Hungary | N210: Import
A211: 7273 | B211: 7601 | C211: 03-Aluminium brut | D211: 792 | E211: Turkey | F211: 360 | G211: 0 | H211: 96 | I211: Tons | L211: 348 | M211: Hungary | N211: Import
A212: 7274 | B212: 7601 | C212: 03-Aluminium brut | D212: 100 | E212: Bulgaria | F212: 299 | G212: 0 | H212: 92.69 | I212: Tons | J212: 0 | K212: No quantity | L212: 348 | M212: Hungary | N212: Import
A213: 7275 | B213: 7601 | C213: 03-Aluminium brut | D213: 156 | E213: China | F213: 148 | G213: 0 | H213: 2 | I213: Tons | L213: 348 | M213: Hungary | N213: Import
A214: 7276 | B214: 7601 | C214: 03-Aluminium brut | D214: 440 | E214: Lithuania | F214: 89 | G214: 0 | H214: 24 | I214: Tons | L214: 348 | M214: Hungary | N214: Import
A215: 7277 | B215: 7601 | C215: 03-Aluminium brut | D215: 682 | E215: Saudi Arabia | F215: 72 | G215: 0 | H215: 24 | I215: Tons | L215: 348 | M215: Hungary | N215: Import
A216: 7278 | B216: 7601 | C216: 03-Aluminium brut | D216: 634 | E216: Qatar | F216: 180087 | G216: 22.4 | H216: 58888 | I216: Tons | L216: 699 | M216: India | N216: Import
A217: 7279 | B217: 7601 | C217: 03-Aluminium brut | D217: 48 | E217: Bahrain | F217: 172966 | G217: 21.5 | H217: 55351 | I217: Tons | L217: 699 | M217: India | N217: Import
A218: 7280 | B218: 7601 | C218: 03-Aluminium brut | D218: 458 | E218: Malaysia | F218: 126481 | G218: 15.7 | H218: 39305 | I218: Tons | L218: 699 | M218: India | N218: Import
A219: 7281 | B219: 7601 | C219: 03-Aluminium brut | D219: 784 | E219: United Arab Emirates | F219: 107836 | G219: 13.4 | H219: 32912 | I219: Tons | L219: 699 | M219: India | N219: Import
A220: 7282 | B220: 7601 | C220: 03-Aluminium brut | D220: 512 | E220: Oman | F220: 96418 | G220: 12 | H220: 30795 | I220: Tons | L220: 699 | M220: India | N220: Import
A221: 7283 | B221: 7601 | C221: 03-Aluminium brut | D221: 360 | E221: Indonesia | F221: 27277 | G221: 3.4 | H221: 8679 | I221: Tons | L221: 699 | M221: India | N221: Import
A222: 7284 | B222: 7601 | C222: 03-Aluminium brut | D222: 410 | E222: Korea Republic of | F222: 26781 | G222: 3.3 | H222: 9602 | I222: Tons | L222: 699 | M222: India | N222: Import
A223: 7285 | B223: 7601 | C223: 03-Aluminium brut | D223: 643 | E223: Russian Federation | F223: 23405 | G223: 2.9 | H223: 8328 | I223: Tons | L223: 699 | M223: India | N223: Import
A224: 7286 | B224: 7601 | C224: 03-Aluminium brut | D224: 702 | E224: Singapore | F224: 4809 | G224: 0.6 | H224: 1454 | I224: Tons | L224: 699 | M224: India | N224: Import
... A311: 7373 | B311: 7601 | C311: 03-Aluminium brut | D311: 512 | E311: Oman | F311: 13908 | G311: 0.2 | H311: 3539 | I311: Tons | L311: 392 | M311: Japan | N311: Import
A312: 7374 | B312: 7601 | C312: 03-Aluminium brut | D312: 699 | E312: India | F312: 746444 | G312: 20.6 | H312: 231397.64 | I312: Tons | J312: 0 | K312: No quantity | L312: 484 | M312: Mexico | N312: Import
A313: 7375 | B313: 7601 | C313: 03-Aluminium brut | D313: 842 | E313: United States of America | F313: 714207 | G313: 19.7 | H313: 196924 | I313: Tons | L313: 484 | M313: Mexico | N313: Import
A314: 7376 | B314: 7601 | C314: 03-Aluminium brut | D314: 784 | E314: United Arab Emirates | F314: 541693 | G314: 14.9 | H314: 167924.83 | I314: Tons | J314: 0 | K314: No quantity | L314: 484 | M314: Mexico | N314: Import
A315: 7377 | B315: 7601 | C315: 03-Aluminium brut | D315: 643 | E315: Russian Federation | F315: 459168 | G315: 12.7 | H315: 142342.08 | I315: Tons | J315: 0 | K315: No quantity | L315: 484 | M315: Mexico | N315: Import
A316: 7378 | B316: 7601 | C316: 03-Aluminium brut | D316: 124 | E316: Canada | F316: 395059 | G316: 10.9 | H316: 122468.29 | I316: Tons | J316: 0 | K316: No quantity | L316: 484 | M316: Mexico | N316: Import
A317: 7379 | B317: 7601 | C317: 03-Aluminium brut | D317: 710 | E317: South Africa | F317: 353793 | G317: 9.8 | H317: 109675.83 | I317: Tons | J317: 0 | K317: No quantity | L317: 484 | M317: Mexico | N317: Import
A318: 7380 | B318: 7601 | C318: 03-Aluminium brut | D318: 48 | E318: Bahrain | F318: 231564 | G318: 6.4 | H318: 71784.84 | I318: Tons | J318: 0 | K318: No quantity | L318: 484 | M318: Mexico | N318: Import
A319: 7381 | B319: 7601 | C319: 03-Aluminium brut | D319: 704 | E319: Viet Nam | F319: 75956 | G319: 2.1 | H319: 22617 | I319: Tons | L319: 484 | M319: Mexico | N319: Import
A320: 7382 | B320: 7601 | C320: 03-Aluminium brut | D320: 634 | E320: Qatar | F320: 53812 | G320: 1.5 | H320: 18419 | I320: Tons | L320: 484 | M320: Mexico | N320: Import
A321: 7383 | B321: 7601 | C321: 03-Aluminium brut | D321: 156 | E321: China | F321: 20964 | G321: 0.6 | H321: 6498.84 | I321: Tons | J321: 0 | K321: No quantity | L321: 484 | M321: Mexico | N321: Import
A322: 7384 | B322: 7601 | C322: 03-Aluminium brut | D322: 410 | E322: Korea Republic of | F322: 12108 | G322: 0.3 | H322: 3753.48 | I322: Tons | J322: 0 | K322: No quantity | L322: 484 | M322: Mexico | N322: Import
A323: 7385 | B323: 7601 | C323: 03-Aluminium brut | D323: 458 | E323: Malaysia | F323: 9678 | G323: 0.3 | H323: 3000.18 | I323: Tons | J323: 0 | K323: No quantity | L323: 484 | M323: Mexico | N323: Import
A324: 7386 | B324: 7601 | C324: 03-Aluminium brut | D324: 76 | E324: Brazil | F324: 8175 | G324: 0.2 | H324: 2349 | I324: Tons | L324: 484 | M324: Mexico | N324: Import
A325: 7387 | B325: 7601 | C325: 03-Aluminium brut | D325: 724 | E325: Spain | F325: 2411 | G325: 0.1 | H325: 786 | I325: Tons | L325: 484 | M325: Mexico | N325: Import
A326: 7388 | B326: 7601 | C326: 03-Aluminium brut | D326: 32 | E326: Argentina | F326: 1374 | G326: 0 | H326: 425.94 | I326: Tons | J326: 0 | K326: No quantity | L326: 484 | M326: Mexico | N326: Import
A327: 7664 | B327: 7601 | C327: 03-Aluminium brut | D327: 392 | E327: Japan | F327: 1336 | G327: 0.1 | H327: 414 | I327: Tons | L327: 704 | M327: Viet Nam | N327: Import
A328: 7390 | B328: 7601 | C328: 03-Aluminium brut | D328: 276 | E328: Germany | F328: 11 | G328: 0 | H328: 3.41 | I328: Tons | J328: 0 | K328: No quantity | L328: 484 | M328: Mexico | N328: Import
A329: 7391 | B329: 7601 | C329: 03-Aluminium brut | D329: 784 | E329: United Arab Emirates | F329: 221530 | G329: 50.3 | H329: 83116 | I329: Tons | L329: 504 | M329: Morocco | N329: Import
A330: 7392 | B330: 7601 | C330: 03-Aluminium brut | D330: 48 | E330: Bahrain | F330: 95314 | G330: 21.7 | H330: 28165 | I330: Tons | L330: 504 | M330: Morocco | N330: Import
A331: 7393 | B331: 7601 | C331: 03-Aluminium brut | D331: 643 | E331: Russian Federation | F331: 51264 | G331: 11.6 | H331: 21176 | I331: Tons | L331: 504 | M331: Morocco | N331: Import
A332: 7394 | B332: 7601 | C332: 03-Aluminium brut | D332: 410 | E332: Korea Republic of | F332: 20913 | G332: 4.8 | H332: 5968 | I332: Tons | L332: 504 | M332: Morocco | N332: Import
A333: 7395 | B333: 7601 | C333: 03-Aluminium brut | D333: 634 | E333: Qatar | F333: 19276 | G333: 4.4 | H333: 6459 | I333: Tons | L333: 504 | M333: Morocco | N333: Import
A334: 7396 | B334: 7601 | C334: 03-Aluminium brut | D334: 724 | E334: Spain | F334: 12282 | G334: 2.8 | H334: 3858 | I334: Tons | L334: 504 | M334: Morocco | N334: Import
A335: 7397 | B335: 7601 | C335: 03-Aluminium brut | D335: 699 | E335: India | F335: 6679 | G335: 1.5 | H335: 1898 | I335: Tons | L335: 504 | M335: Morocco | N335: Import
A336: 7398 | B336: 7601 | C336: 03-Aluminium brut | D336: 792 | E336: Turkey | F336: 3769 | G336: 0.9 | H336: 1020 | I336: Tons | L336: 504 | M336: Morocco | N336: Import
A337: 7399 | B337: 7601 | C337: 03-Aluminium brut | D337: 682 | E337: Saudi Arabia | F337: 2943 | G337: 0.7 | H337: 925 | I337: Tons | L337: 504 | M337: Morocco | N337: Import
A338: 7400 | B338: 7601 | C338: 03-Aluminium brut | D338: 528 | E338: Netherlands | F338: 2850 | G338: 0.6 | H338: 701 | I338: Tons | L338: 504 | M338: Morocco | N338: Import
A339: 7401 | B339: 7601 | C339: 03-Aluminium brut | D339: 704 | E339: Viet Nam | F339: 2155 | G339: 0.5 | H339: 624 | I339: Tons | L339: 504 | M339: Morocco | N339: Import
A340: 7402 | B340: 7601 | C340: 03-Aluminium brut | D340: 156 | E340: China | F340: 422 | G340: 0.1 | H340: 86 | I340: Tons | L340: 504 | M340: Morocco | N340: Import
... A481: 7544 | B481: 7601 | C481: 03-Aluminium brut | D481: 484 | E481: Mexico | F481: 21050 | G481: 0.9 | H481: 5875 | I481: Tons | L481: 724 | M481: Spain | N481: Import
A482: 7545 | B482: 7601 | C482: 03-Aluminium brut | D482: 276 | E482: Germany | F482: 20171 | G482: 0.8 | H482: 6253.01 | I482: Tons | J482: 0 | K482: No quantity | L482: 724 | M482: Spain | N482: Import
A483: 7546 | B483: 7601 | C483: 03-Aluminium brut | D483: 120 | E483: Cameroon | F483: 19547 | G483: 0.8 | H483: 6738 | I483: Tons | L483: 724 | M483: Spain | N483: Import
A484: 7547 | B484: 7601 | C484: 03-Aluminium brut | D484: 818 | E484: Egypt | F484: 19266 | G484: 0.8 | H484: 5644 | I484: Tons | L484: 724 | M484: Spain | N484: Import
A485: 7548 | B485: 7601 | C485: 03-Aluminium brut | D485: 288 | E485: Ghana | F485: 12917 | G485: 0.5 | H485: 4002 | I485: Tons | L485: 724 | M485: Spain | N485: Import
A486: 7549 | B486: 7601 | C486: 03-Aluminium brut | D486: 554 | E486: New Zealand | F486: 7250 | G486: 0.3 | H486: 1970 | I486: Tons | L486: 724 | M486: Spain | N486: Import
...

Sheet compens8-Export
A1: Données retraitées par Compens8 à partir d’UN Comtrade (United Nations Statistics Division), 2022
A3: Id | B3: Code_SH | C3: Etape cycle de vie | D3: Country Code | E3: Country Exchange | F3: Value Exchange 2022 (USD thousand) | G3: Part of Country Code in Exchange (%) | H3: Quantity Exchange 2022 | I3: Quantity Unit | J3: Quantity Exchange 2022_B | K3: Quantity Unit_B | L3: Country Code Target | M3: Country Target | N3: Type
A4: 9879 | B4: 7601 | C4: 03-Aluminium brut | D4: 251 | E4: France | F4: 254443 | G4: 5 | H4: 67646 | I4: Tons | L4: 579 | M4: Norway | N4: Export
A5: 9490 | B5: 7601 | C5: 03-Aluminium brut | D5: 251 | E5: France | F5: 133792 | G5: 7.6 | H5: 43597 | I5: Tons | L5: 276 | M5: Germany | N5: Export
A6: 9583 | B6: 7601 | C6: 03-Aluminium brut | D6: 251 | E6: France | F6: 105456 | G6: 6.2 | H6: 33025 | I6: Tons | L6: 381 | M6: Italy | N6: Export
A7: 9730 | B7: 7601 | C7: 03-Aluminium brut | D7: 251 | E7: France | F7: 109107 | G7: 11.2 | H7: 30116 | I7: Tons | L7: 724 | M7: Spain | N7: Export
A8: 9357 | B8: 7601 | C8: 03-Aluminium brut | D8: 251 | E8: France | F8: 38632 | G8: 15.3 | H8: 11610 | I8: Tons | L8: 56 | M8: Belgium | N8: Export
A9: 9635 | B9: 7601 | C9: 03-Aluminium brut | D9: 251 | E9: France | F9: 20703 | G9: 2.8 | H9: 7655 | I9: Tons | L9: 616 | M9: Poland | N9: Export
A10: 9334 | B10: 7601 | C10: 03-Aluminium brut | D10: 276 | E10: Germany | F10: 437074 | G10: 73.9 | H10: 154936 | I10: Tons | L10: 40 | M10: Austria | N10: Export
A11: 9335 | B11: 7601 | C11: 03-Aluminium brut | D11: 348 | E11: Hungary | F11: 51899 | G11: 8.8 | H11: 12877 | I11: Tons | L11: 40 | M11: Austria | N11: Export
A12: 9336 | B12: 7601 | C12: 03-Aluminium brut | D12: 381 | E12: Italy | F12: 16982 | G12: 2.9 | H12: 4307 | I12: Tons | L12: 40 | M12: Austria | N12: Export
A13: 9828 | B13: 7601 | C13: 03-Aluminium brut | D13: 251 | E13: France | F13: 27419 | G13: 1.5 | H13: 5305 | I13: Tons | L13: 842 | M13: United States of America | N13: Export
A14: 9338 | B14: 7601 | C14: 03-Aluminium brut | D14: 756 | E14: Switzerland | F14: 12324 | G14: 2.1 | H14: 3374 | I14: Tons | L14: 40 | M14: Austria | N14: Export
A15: 9339 | B15: 7601 | C15: 03-Aluminium brut | D15: 56 | E15: Belgium | F15: 11046 | G15: 1.9 | H15: 3608 | I15: Tons | L15: 40 | M15: Austria | N15: Export
... A185: 9510 | B185: 7601 | C185: 03-Aluminium brut | D185: 642 | E185: Romania | F185: 7502 | G185: 0.4 | H185: 2467 | I185: Tons | L185: 276 | M185: Germany | N185: Export
A186: 9511 | B186: 7601 | C186: 03-Aluminium brut | D186: 276 | E186: Germany | F186: 53964 | G186: 24.2 | H186: 16728.84 | I186: Tons | J186: 0 | K186: No quantity | L186: 348 | M186: Hungary | N186: Export
A187: 9512 | B187: 7601 | C187: 03-Aluminium brut | D187: 381 | E187: Italy | F187: 43367 | G187: 19.5 | H187: 16252 | I187: Tons | L187: 348 | M187: Hungary | N187: Export
A188: 9513 | B188: 7601 | C188: 03-Aluminium brut | D188: 705 | E188: Slovenia | F188: 28020 | G188: 12.6 | H188: 8686.2 | I188: Tons | J188: 0 | K188: No quantity | L188: 348 | M188: Hungary | N188: Export
A189: 9514 | B189: 7601 | C189: 03-Aluminium brut | D189: 642 | E189: Romania | F189: 18476 | G189: 8.3 | H189: 5727.56 | I189: Tons | J189: 0 | K189: No quantity | L189: 348 | M189: Hungary | N189: Export
A190: 9515 | B190: 7601 | C190: 03-Aluminium brut | D190: 191 | E190: Croatia | F190: 14395 | G190: 6.5 | H190: 4462.45 | I190: Tons | J190: 0 | K190: No quantity | L190: 348 | M190: Hungary | N190: Export
A191: 9516 | B191: 7601 | C191: 03-Aluminium brut | D191: 203 | E191: Czechia | F191: 14371 | G191: 6.5 | H191: 4455.01 | I191: Tons | J191: 0 | K191: No quantity | L191: 348 | M191: Hungary | N191: Export
A192: 9517 | B192: 7601 | C192: 03-Aluminium brut | D192: 616 | E192: Poland | F192: 11118 | G192: 5 | H192: 3446.58 | I192: Tons | J192: 0 | K192: No quantity | L192: 348 | M192: Hungary | N192: Export
A193: 9518 | B193: 7601 | C193: 03-Aluminium brut | D193: 703 | E193: Slovakia | F193: 7701 | G193: 3.5 | H193: 2387.31 | I193: Tons | J193: 0 | K193: No quantity | L193: 348 | M193: Hungary | N193: Export
A194: 9519 | B194: 7601 | C194: 03-Aluminium brut | D194: 40 | E194: Austria | F194: 7387 | G194: 3.3 | H194: 2289.97 | I194: Tons | J194: 0 | K194: No quantity | L194: 348 | M194: Hungary | N194: Export
A195: 9520 | B195: 7601 | C195: 03-Aluminium brut | D195: 56 | E195: Belgium | F195: 6135 | G195: 2.8 | H195: 1580 | I195: Tons | L195: 348 | M195: Hungary | N195: Export
A196: 9521 | B196: 7601 | C196: 03-Aluminium brut | D196: 688 | E196: Serbia | F196: 5371 | G196: 2.4 | H196: 2144 | I196: Tons | L196: 348 | M196: Hungary | N196: Export
A197: 9522 | B197: 7601 | C197: 03-Aluminium brut | D197: 100 | E197: Bulgaria | F197: 3298 | G197: 1.5 | H197: 1254 | I197: Tons | L197: 348 | M197: Hungary | N197: Export
A198: 9523 | B198: 7601 | C198: 03-Aluminium brut | D198: 807 | E198: North Macedonia | F198: 2576 | G198: 1.2 | H198: 1019 | I198: Tons | L198: 348 | M198: Hungary | N198: Export
A199: 9524 | B199: 7601 | C199: 03-Aluminium brut | D199: 792 | E199: Turkey | F199: 2392 | G199: 1.1 | H199: 901 | I199: Tons | L199: 348 | M199: Hungary | N199: Export
A200: 9525 | B200: 7601 | C200: 03-Aluminium brut | D200: 842 | E200: United States of America | F200: 2262 | G200: 1 | H200: 528 | I200: Tons | L200: 348 | M200: Hungary | N200: Export
A201: 9526 | B201: 7601 | C201: 03-Aluminium brut | D201: 70 | E201: Bosnia and Herzegovina | F201: 1703 | G201: 0.8 | H201: 688 | I201: Tons | L201: 348 | M201: Hungary | N201: Export
A202: 9527 | B202: 7601 | C202: 03-Aluminium brut | D202: 156 | E202: China | F202: 153 | G202: 0.1 | H202: 50 | I202: Tons | L202: 348 | M202: Hungary | N202: Export
A203: 9528 | B203: 7601 | C203: 03-Aluminium brut | D203: 188 | E203: Costa Rica | F203: 1 | G203: 0 | H203: 0 | I203: Tons | L203: 348 | M203: Hungary | N203: Export
A204: 9529 | B204: 7601 | C204: 03-Aluminium brut | D204: 410 | E204: Korea Republic of | F204: 1144448 | G204: 16.2 | H204: 407100 | I204: Tons | L204: 699 | M204: India | N204: Export
A205: 9530 | B205: 7601 | C205: 03-Aluminium brut | D205: 528 | E205: Netherlands | F205: 873170 | G205: 12.3 | H205: 297168 | I205: Tons | L205: 699 | M205: India | N205: Export
A206: 9531 | B206: 7601 | C206: 03-Aluminium brut | D206: 458 | E206: Malaysia | F206: 591947 | G206: 8.4 | H206: 205800 | I206: Tons | L206: 699 | M206: India | N206: Export
... A291: 9617 | B291: 7601 | C291: 03-Aluminium brut | D291: 40 | E291: Austria | F291: 20 | G291: 0 | H291: 0 | I291: Tons | L291: 392 | M291: Japan | N291: Export
A292: 9618 | B292: 7601 | C292: 03-Aluminium brut | D292: 842 | E292: United States of America | F292: 74535 | G292: 100 | H292: 23105.85 | I292: Tons | J292: 0 | K292: No quantity | L292: 484 | M292: Mexico | N292: Export
A293: 9619 | B293: 7601 | C293: 03-Aluminium brut | D293: 156 | E293: China | F293: 10204 | G293: 66.1 | H293: 4763 | I293: Tons | L293: 504 | M293: Morocco | N293: Export
A294: 9620 | B294: 7601 | C294: 03-Aluminium brut | D294: 300 | E294: Greece | F294: 1683 | G294: 10.9 | H294: 397 | I294: Tons | L294: 504 | M294: Morocco | N294: Export
A295: 9621 | B295: 7601 | C295: 03-Aluminium brut | D295: 344 | E295: Hong Kong | F295: 1102 | G295: 7.1 | H295: 470 | I295: Tons | L295: 504 | M295: Morocco | N295: Export
A296: 9622 | B296: 7601 | C296: 03-Aluminium brut | D296: 381 | E296: Italy | F296: 881 | G296: 5.7 | H296: 399 | I296: Tons | L296: 504 | M296: Morocco | N296: Export
A297: 9623 | B297: 7601 | C297: 03-Aluminium brut | D297: 392 | E297: Japan | F297: 837 | G297: 5.4 | H297: 373 | I297: Tons | L297: 504 | M297: Morocco | N297: Export
A298: 9624 | B298: 7601 | C298: 03-Aluminium brut | D298: 724 | E298: Spain | F298: 306 | G298: 2 | H298: 105 | I298: Tons | L298: 504 | M298: Morocco | N298: Export
A299: 9434 | B299: 7601 | C299: 03-Aluminium brut | D299: 251 | E299: France | F299: 9236 | G299: 2.9 | H299: 2458 | I299: Tons | L299: 203 | M299: Czechia | N299: Export
A300: 9626 | B300: 7601 | C300: 03-Aluminium brut | D300: 699 | E300: India | F300: 132 | G300: 0.9 | H300: 67 | I300: Tons | L300: 504 | M300: Morocco | N300: Export
A301: 9627 | B301: 7601 | C301: 03-Aluminium brut | D301: 826 | E301: United Kingdom | F301: 51 | G301: 0.3 | H301: 25 | I301: Tons | L301: 504 | M301: Morocco | N301: Export
A302: 9628 | B302: 7601 | C302: 03-Aluminium brut | D302: 276 | E302: Germany | F302: 267139 | G302: 35.7 | H302: 94681 | I302: Tons | L302: 616 | M302: Poland | N302: Export
A303: 9629 | B303: 7601 | C303: 03-Aluminium brut | D303: 203 | E303: Czechia | F303: 180449 | G303: 24.1 | H303: 60395 | I303: Tons | L303: 616 | M303: Poland | N303: Export
A304: 9630 | B304: 7601 | C304: 03-Aluminium brut | D304: 703 | E304: Slovakia | F304: 60742 | G304: 8.1 | H304: 19807 | I304: Tons | L304: 616 | M304: Poland | N304: Export
... A612: 236 | B612: 7601 | C612: 03-Aluminium brut | D612: 826 | E612: United Kingdom | F612: 4844 | G612: 0.2 | H612: 1646 | I612: Tons | L612: 528 | M612: Netherlands | N612: Export
