Workbook
Name Battery_Chemistry: 'BOM & cycles'!$I$2:$U$2

Sheet ReadMe
A2: This tool aims to evaluate the environmental impact of exemples of batteries, and to build up examples in Ecobalyse.
A4: Sheet | B4: Description
A5: EV Battery | B5: Modelling of an EV battery (assembling, aluminium casing)
A6: Cell & CAM | B6: Modelling of an EV battery cells, including CAM and graphite
A7: <1kWh battery | B7: Modelling of a <1kWh battery (assembling, aluminium or plastic casing)
A8: cell recycling | B8: Modelling of cells recycling at end-of-life, CFF method, based on Delegated Act under Article 7 of the Battery Regulation
A9: BOM EOL - DA | B9: Modelling of cells recycling processes, based on Delegated Act under Article 7 of the Battery Regulation
A10: Background data | B10: LCI dataset, to be completed for full use of this tool
A11: GREET BOM | B11: EV Battery BOM from GREET model - calculation for the modelled battery
A12: GREET input data | B12: EV Battery BOM from GREET model - input data for all vehicle sizes
A14: Autors and data sources:
A15: - Analysis, GWP data calculation, data research for EV batteries: ADEME - STM (Caroline MIR, Laurent Gagnepain)
A16: - Remanufacturing of the tool for adaptation to Ecobalyse need, tool for <1kWh batteries: Ecobalyse (Nicolas Planchenault)
A17: - EV Batteries manufacturing data: GREET - R&D Greenhouse gases, Regulated Emissions, and Energy use in Technologies Model ® (2025 Rev.1 .Net)
A18: - <1kWh batteries inventory data: "Batteries in motion: A life cycle assessment and critical resource use analysis of micromobility vehicles with primary Li-ion battery data"
A19: - AA and AAA batteries inventory data: Life cycle impacts of alkaline batteries with a focus on end‐of‐life, Massachusetts Institute of Technology, Materials Systems Lab, 2010
A20: - Background data: BAFU database, Ecobalyse
A22: Important note
A23: This tool currently doesn't include transformation process for metals and plastics, whereas these processes are included in batteries example in Ecobalyse.

Sheet EV Battery
B2: EV Batteries, cells grouped in modules (aluminium casing)
B4: Capaciy (kWh) | C4: 50
B5: Battery Weight (kg) : | C5: =C4*1000/'BOM & cycles'!C28 -> 274.89142
B6: Cell type | C6: NMC811
B7: Battery range | C7: 40-60 kWh
B8: ="Total "&'Background data'!$B$1 -> Total ECS EI3.9.1 (Pts) | C8: =F14+F20+F36+F40 -> 1159994.8
B9: Nombre de cycles | C9: =_xlfn.XLOOKUP('EV Battery'!C6,'BOM & cycles'!$I$31:$U$31,'BOM & cycles'!$I$32:$U$32) -> 1500
B10: ="Total "&'Background data'!$B$1&" par kWh consommé" -> Total ECS EI3.9.1 (Pts) par kWh consommé | C10: ='EV Battery'!C8/C9/'EV Battery'!C4 -> 15.466597
B12: CELLS
B13: % weight | C13: unit | D13: Weight (kg) | E13: Modelling | F13: ECS
B14: Total | C14: kg/battery | D14: ='BOM & cycles'!C25 -> 148.08008 | E14: Cells, NMC811, CN, Ecobalyse | F14: =D14*_xlfn.XLOOKUP($E14,'Background data'!$D:$D,'Background data'!J:J) -> 986361.41
B16: MODULE
B17: % weight | C17: unit | D17: Weight (kg) | E17: Modelling | F17: ECS | H17: LFP | I17: NMC111 | J17: NMC532 | K17: NMC622 | L17: NMC811 | M17: NMC955 | N17: NCA | O17: LMO | P17: LFP (Hydrothermal) | Q17: LMFP | R17: Na-ion Tiamat | S17: LFP - LiM BS | T17: NMC811 - LiM BS
B18: Copper | C18: kg/battery | D18: =SUMIF($H$17:$S$17,$C$6,$H18:$S18)*$D$20 -> 0.62169872 | E18: Copper | F18: =D18*_xlfn.XLOOKUP($E18,'Background data'!$D:$D,'Background data'!J:J) -> 5797.3406 | H18: ='BOM & cycles'!I7*'BOM & cycles'!$F7/'BOM & cycles'!I$26 -> 0.090052407 | I18: ='BOM & cycles'!J7*'BOM & cycles'!$F7/'BOM & cycles'!J$26 -> 0.079430277 | J18: ='BOM & cycles'!K7*'BOM & cycles'!$F7/'BOM & cycles'!K$26 -> 0.077841857 | K18: ='BOM & cycles'!L7*'BOM & cycles'!$F7/'BOM & cycles'!L$26 -> 0.077540949 | L18: ='BOM & cycles'!M7*'BOM & cycles'!$F7/'BOM & cycles'!M$26 -> 0.076472049 | M18: ='BOM & cycles'!N7*'BOM & cycles'!$F7/'BOM & cycles'!N$26 -> 0.075949691 | N18: ='BOM & cycles'!O7*'BOM & cycles'!$F7/'BOM & cycles'!O$26 -> 0.076802 | O18: ='BOM & cycles'!P7*'BOM & cycles'!$F7/'BOM & cycles'!P$26 -> 0.08934328 | ... T18: ='BOM & cycles'!U7*'BOM & cycles'!$F7/'BOM & cycles'!U$26 -> 0.067802969
B19: Wrought Aluminum | C19: kg/battery | D19: =SUMIF($H$17:$S$17,$C$6,$H19:$S19)*$D$20 -> 7.5080524 | E19: Aluminium, market mix, CN, Ecobalyse | F19: =D19*_xlfn.XLOOKUP($E19,'Background data'!$D:$D,'Background data'!J:J) -> 11284.8 | H19: ='BOM & cycles'!I8*'BOM & cycles'!$F8/'BOM & cycles'!I$26 -> 0.90994759 | I19: ='BOM & cycles'!J8*'BOM & cycles'!$F8/'BOM & cycles'!J$26 -> 0.92056972 | J19: ='BOM & cycles'!K8*'BOM & cycles'!$F8/'BOM & cycles'!K$26 -> 0.92215814 | K19: ='BOM & cycles'!L8*'BOM & cycles'!$F8/'BOM & cycles'!L$26 -> 0.92245905 | L19: ='BOM & cycles'!M8*'BOM & cycles'!$F8/'BOM & cycles'!M$26 -> 0.92352795 | M19: ='BOM & cycles'!N8*'BOM & cycles'!$F8/'BOM & cycles'!N$26 -> 0.92405031 | N19: ='BOM & cycles'!O8*'BOM & cycles'!$F8/'BOM & cycles'!O$26 -> 0.923198 | O19: ='BOM & cycles'!P8*'BOM & cycles'!$F8/'BOM & cycles'!P$26 -> 0.91065672 | ... T19: ='BOM & cycles'!U8*'BOM & cycles'!$F8/'BOM & cycles'!U$26 -> 0.93219703
B20: Total | C20: kg/battery | D20: ='BOM & cycles'!$C$26 -> 8.1297511 | F20: =SUM(F18:F19) -> 17082.141 | H20: =SUM(H18:H19) -> 1 | I20: =SUM(I18:I19) -> 1 | J20: =SUM(J18:J19) -> 1 | K20: =SUM(K18:K19) -> 1 | L20: =SUM(L18:L19) -> 1 | M20: =SUM(M18:M19) -> 1 | N20: =SUM(N18:N19) -> 1 | O20: =SUM(O18:O19) -> 1 | ... T20: =SUM(T18:T19) -> 1
B22: PACK
B23: % weight | C23: unit | D23: Weight (kg) | E23: Modelling | F23: ECS | H23: LFP | I23: NMC111 | J23: NMC532 | K23: NMC622 | L23: NMC811 | M23: NMC955 | N23: NCA | O23: LMO | P23: LFP (Hydrothermal) | Q23: LMFP | R23: Na-ion Tiamat | S23: LFP - LiM BS | T23: NMC811 - LiM BS
B24: Copper | C24: kg/battery | D24: =SUMIF($H$17:$S$17,$C$6,$H24:$S24)*$D$36 -> 2.8137227 | E24: Copper | F24: =D24*_xlfn.XLOOKUP($E24,'Background data'!$D:$D,'Background data'!J:J) -> 26237.964 | H24: ='BOM & cycles'!I7*'BOM & cycles'!$G7/'BOM & cycles'!I$27 -> 0.031379914 | I24: ='BOM & cycles'!J7*'BOM & cycles'!$G7/'BOM & cycles'!J$27 -> 0.025349656 | J24: ='BOM & cycles'!K7*'BOM & cycles'!$G7/'BOM & cycles'!K$27 -> 0.024554734 | K24: ='BOM & cycles'!L7*'BOM & cycles'!$G7/'BOM & cycles'!L$27 -> 0.024363657 | L24: ='BOM & cycles'!M7*'BOM & cycles'!$G7/'BOM & cycles'!M$27 -> 0.023708165 | M24: ='BOM & cycles'!N7*'BOM & cycles'!$G7/'BOM & cycles'!N$27 -> 0.023349851 | N24: ='BOM & cycles'!O7*'BOM & cycles'!$G7/'BOM & cycles'!O$27 -> 0.023898044 | O24: ='BOM & cycles'!P7*'BOM & cycles'!$G7/'BOM & cycles'!P$27 -> 0.030796269 | ... T24: ='BOM & cycles'!U7*'BOM & cycles'!$G7/'BOM & cycles'!U$27 -> 0.021506142
B25: Wrought Aluminum | C25: kg/battery | D25: =SUMIF($H$17:$S$17,$C$6,$H25:$S25)*$D$36 -> 23.44937 | E25: Aluminium, market mix, CN, Ecobalyse | F25: =D25*_xlfn.XLOOKUP($E25,'Background data'!$D:$D,'Background data'!J:J) -> 35245.02 | H25: ='BOM & cycles'!I8*'BOM & cycles'!$G8/'BOM & cycles'!I$27 -> 0.21881414 | I25: ='BOM & cycles'!J8*'BOM & cycles'!$G8/'BOM & cycles'!J$27 -> 0.20274271 | J25: ='BOM & cycles'!K8*'BOM & cycles'!$G8/'BOM & cycles'!K$27 -> 0.2007382 | K25: ='BOM & cycles'!L8*'BOM & cycles'!$G8/'BOM & cycles'!L$27 -> 0.20001429 | L25: ='BOM & cycles'!M8*'BOM & cycles'!$G8/'BOM & cycles'!M$27 -> 0.19758221 | M25: ='BOM & cycles'!N8*'BOM & cycles'!$G8/'BOM & cycles'!N$27 -> 0.19604524 | N25: ='BOM & cycles'!O8*'BOM & cycles'!$G8/'BOM & cycles'!O$27 -> 0.19823816 | O25: ='BOM & cycles'!P8*'BOM & cycles'!$G8/'BOM & cycles'!P$27 -> 0.21661748 | ... T25: ='BOM & cycles'!U8*'BOM & cycles'!$G8/'BOM & cycles'!U$27 -> 0.20404412
B26: Cast Aluminum | C26: kg/battery | D26: =SUMIF($H$17:$S$17,$C$6,$H26:$S26)*$D$36 -> 0 | E26: Aluminium, market mix, CN, Ecobalyse | F26: =D26*_xlfn.XLOOKUP($E26,'Background data'!$D:$D,'Background data'!J:J) -> 0 | H26: ='BOM & cycles'!I9*'BOM & cycles'!$G9/'BOM & cycles'!I$27 -> 0 | I26: ='BOM & cycles'!J9*'BOM & cycles'!$G9/'BOM & cycles'!J$27 -> 0 | J26: ='BOM & cycles'!K9*'BOM & cycles'!$G9/'BOM & cycles'!K$27 -> 0 | K26: ='BOM & cycles'!L9*'BOM & cycles'!$G9/'BOM & cycles'!L$27 -> 0 | L26: ='BOM & cycles'!M9*'BOM & cycles'!$G9/'BOM & cycles'!M$27 -> 0 | M26: ='BOM & cycles'!N9*'BOM & cycles'!$G9/'BOM & cycles'!N$27 -> 0 | N26: ='BOM & cycles'!O9*'BOM & cycles'!$G9/'BOM & cycles'!O$27 -> 0 | O26: ='BOM & cycles'!P9*'BOM & cycles'!$G9/'BOM & cycles'!P$27 -> 0 | ... T26: ='BOM & cycles'!U9*'BOM & cycles'!$G9/'BOM & cycles'!U$27 -> 0
B27: Plastic: Polyethylene | C27: kg/battery | D27: =SUMIF($H$17:$S$17,$C$6,$H27:$S27)*$D$36 -> 1.5393919 | E27: Plastique granulé (divers) | F27: =D27*_xlfn.XLOOKUP($E27,'Background data'!$D:$D,'Background data'!J:J) -> 302.61641 | H27: ='BOM & cycles'!I14*'BOM & cycles'!$G14/'BOM & cycles'!I$27 -> 0.023275018 | I27: ='BOM & cycles'!J14*'BOM & cycles'!$G14/'BOM & cycles'!J$27 -> 0.01540926 | J27: ='BOM & cycles'!K14*'BOM & cycles'!$G14/'BOM & cycles'!K$27 -> 0.014482725 | K27: ='BOM & cycles'!L14*'BOM & cycles'!$G14/'BOM & cycles'!L$27 -> 0.014170927 | L27: ='BOM & cycles'!M14*'BOM & cycles'!$G14/'BOM & cycles'!M$27 -> 0.012970773 | M27: ='BOM & cycles'!N14*'BOM & cycles'!$G14/'BOM & cycles'!N$27 -> 0.01235062 | N27: ='BOM & cycles'!O14*'BOM & cycles'!$G14/'BOM & cycles'!O$27 -> 0.013342834 | O27: ='BOM & cycles'!P14*'BOM & cycles'!$G14/'BOM & cycles'!P$27 -> 0.022983632 | ... T27: ='BOM & cycles'!U14*'BOM & cycles'!$G14/'BOM & cycles'!U$27 -> 0
B28: Plastic: Polymer | C28: kg/battery | D28: =SUMIF($H$17:$S$17,$C$6,$H28:$S28)*$D$36 -> 2.6664468 | E28: Plastique granulé (divers) | F28: =D28*_xlfn.XLOOKUP($E28,'Background data'!$D:$D,'Background data'!J:J) -> 524.17486 | H28: ='BOM & cycles'!I15*'BOM & cycles'!$G15/'BOM & cycles'!I$27 -> 0.022023673 | I28: ='BOM & cycles'!J15*'BOM & cycles'!$G15/'BOM & cycles'!J$27 -> 0.022391581 | J28: ='BOM & cycles'!K15*'BOM & cycles'!$G15/'BOM & cycles'!K$27 -> 0.022317641 | K28: ='BOM & cycles'!L15*'BOM & cycles'!$G15/'BOM & cycles'!L$27 -> 0.0224373 | L28: ='BOM & cycles'!M15*'BOM & cycles'!$G15/'BOM & cycles'!M$27 -> 0.022467232 | M28: ='BOM & cycles'!N15*'BOM & cycles'!$G15/'BOM & cycles'!N$27 -> 0.022414088 | N28: ='BOM & cycles'!O15*'BOM & cycles'!$G15/'BOM & cycles'!O$27 -> 0.022472141 | O28: ='BOM & cycles'!P15*'BOM & cycles'!$G15/'BOM & cycles'!P$27 -> 0.021962137 | ... T28: ='BOM & cycles'!U15*'BOM & cycles'!$G15/'BOM & cycles'!U$27 -> 0.023360915
B29: Plastic: Polyethylene Terephthalate | C29: kg/battery | D29: =SUMIF($H$17:$S$17,$C$6,$H29:$S29)*$D$36 -> 0.46731541 | E29: Plastique granulé (divers) | F29: =D29*_xlfn.XLOOKUP($E29,'Background data'!$D:$D,'Background data'!J:J) -> 91.865697 | H29: ='BOM & cycles'!I16*'BOM & cycles'!$G16/'BOM & cycles'!I$27 -> 0.0042545731 | I29: ='BOM & cycles'!J16*'BOM & cycles'!$G16/'BOM & cycles'!J$27 -> 0.0038523151 | J29: ='BOM & cycles'!K16*'BOM & cycles'!$G16/'BOM & cycles'!K$27 -> 0.0040361692 | K29: ='BOM & cycles'!L16*'BOM & cycles'!$G16/'BOM & cycles'!L$27 -> 0.0037789138 | L29: ='BOM & cycles'!M16*'BOM & cycles'!$G16/'BOM & cycles'!M$27 -> 0.0039375561 | M29: ='BOM & cycles'!N16*'BOM & cycles'!$G16/'BOM & cycles'!N$27 -> 0.0038881581 | N29: ='BOM & cycles'!O16*'BOM & cycles'!$G16/'BOM & cycles'!O$27 -> 0.0037453568 | O29: ='BOM & cycles'!P16*'BOM & cycles'!$G16/'BOM & cycles'!P$27 -> 0.004085979 | ... T29: ='BOM & cycles'!U16*'BOM & cycles'!$G16/'BOM & cycles'!U$27 -> 0.0040114703
B30: Steel | C30: kg/battery | D30: =SUMIF($H$17:$S$17,$C$6,$H30:$S30)*$D$36 -> 50.717467 | E30: Steel, market mix | F30: =D30*_xlfn.XLOOKUP($E30,'Background data'!$D:$D,'Background data'!J:J) -> 4579.6551 | H30: ='BOM & cycles'!I17*'BOM & cycles'!$G17/'BOM & cycles'!I$27 -> 0.40018014 | I30: ='BOM & cycles'!J17*'BOM & cycles'!$G17/'BOM & cycles'!J$27 -> 0.42110619 | J30: ='BOM & cycles'!K17*'BOM & cycles'!$G17/'BOM & cycles'!K$27 -> 0.42332292 | K30: ='BOM & cycles'!L17*'BOM & cycles'!$G17/'BOM & cycles'!L$27 -> 0.42418307 | L30: ='BOM & cycles'!M17*'BOM & cycles'!$G17/'BOM & cycles'!M$27 -> 0.42734065 | M30: ='BOM & cycles'!N17*'BOM & cycles'!$G17/'BOM & cycles'!N$27 -> 0.42975582 | N30: ='BOM & cycles'!O17*'BOM & cycles'!$G17/'BOM & cycles'!O$27 -> 0.42697068 | O30: ='BOM & cycles'!P17*'BOM & cycles'!$G17/'BOM & cycles'!P$27 -> 0.40297968 | ... T30: ='BOM & cycles'!U17*'BOM & cycles'!$G17/'BOM & cycles'!U$27 -> 0.43347476
B31: Stainless Steel | C31: kg/battery | D31: =SUMIF($H$17:$S$17,$C$6,$H31:$S31)*$D$36 -> 19.049975 | E31: Chromium steel | F31: =D31*_xlfn.XLOOKUP($E31,'Background data'!$D:$D,'Background data'!J:J) -> 8959.706 | H31: ='BOM & cycles'!I18*'BOM & cycles'!$G18/'BOM & cycles'!I$27 -> 0.15867055 | I31: ='BOM & cycles'!J18*'BOM & cycles'!$G18/'BOM & cycles'!J$27 -> 0.16059338 | J31: ='BOM & cycles'!K18*'BOM & cycles'!$G18/'BOM & cycles'!K$27 -> 0.16049708 | K31: ='BOM & cycles'!L18*'BOM & cycles'!$G18/'BOM & cycles'!L$27 -> 0.16060383 | L31: ='BOM & cycles'!M18*'BOM & cycles'!$G18/'BOM & cycles'!M$27 -> 0.16051332 | M31: ='BOM & cycles'!N18*'BOM & cycles'!$G18/'BOM & cycles'!N$27 -> 0.16055806 | N31: ='BOM & cycles'!O18*'BOM & cycles'!$G18/'BOM & cycles'!O$27 -> 0.16081626 | O31: ='BOM & cycles'!P18*'BOM & cycles'!$G18/'BOM & cycles'!P$27 -> 0.15807631 | ... T31: ='BOM & cycles'!U18*'BOM & cycles'!$G18/'BOM & cycles'!U$27 -> 0.16565013
B32: Ceramic | C32: kg/battery | D32: =SUMIF($H$17:$S$17,$C$6,$H32:$S32)*$D$36 -> 0.13744571 | F32: =D32*_xlfn.XLOOKUP($E32,'Background data'!$D:$D,'Background data'!J:J) -> 0 | H32: ='BOM & cycles'!I19*'BOM & cycles'!$G19/'BOM & cycles'!I$27 -> 0.001001076 | I32: ='BOM & cycles'!J19*'BOM & cycles'!$G19/'BOM & cycles'!J$27 -> 0.00096307877 | J32: ='BOM & cycles'!K19*'BOM & cycles'!$G19/'BOM & cycles'!K$27 -> 0.0011871086 | K32: ='BOM & cycles'!L19*'BOM & cycles'!$G19/'BOM & cycles'!L$27 -> 0.0011809105 | L32: ='BOM & cycles'!M19*'BOM & cycles'!$G19/'BOM & cycles'!M$27 -> 0.0011581047 | M32: ='BOM & cycles'!N19*'BOM & cycles'!$G19/'BOM & cycles'!N$27 -> 0.0011435759 | N32: ='BOM & cycles'!O19*'BOM & cycles'!$G19/'BOM & cycles'!O$27 -> 0.001170424 | O32: ='BOM & cycles'!P19*'BOM & cycles'!$G19/'BOM & cycles'!P$27 -> 0.0010214947 | ... T32: ='BOM & cycles'!U19*'BOM & cycles'!$G19/'BOM & cycles'!U$27 -> 0.00094387537
B33: Thermal Insulation | C33: kg/battery | D33: =SUMIF($H$17:$S$17,$C$6,$H33:$S33)*$D$36 -> 1.0720765 | F33: =D33*_xlfn.XLOOKUP($E33,'Background data'!$D:$D,'Background data'!J:J) -> 0 | H33: ='BOM & cycles'!I20*'BOM & cycles'!$G20/'BOM & cycles'!I$27 -> 0.0085091463 | I33: ='BOM & cycles'!J20*'BOM & cycles'!$G20/'BOM & cycles'!J$27 -> 0.0089084786 | J33: ='BOM & cycles'!K20*'BOM & cycles'!$G20/'BOM & cycles'!K$27 -> 0.0090220253 | K33: ='BOM & cycles'!L20*'BOM & cycles'!$G20/'BOM & cycles'!L$27 -> 0.0089749202 | L33: ='BOM & cycles'!M20*'BOM & cycles'!$G20/'BOM & cycles'!M$27 -> 0.0090332169 | M33: ='BOM & cycles'!N20*'BOM & cycles'!$G20/'BOM & cycles'!N$27 -> 0.0091486072 | N33: ='BOM & cycles'!O20*'BOM & cycles'!$G20/'BOM & cycles'!O$27 -> 0.0091293073 | O33: ='BOM & cycles'!P20*'BOM & cycles'!$G20/'BOM & cycles'!P$27 -> 0.0086827053 | ... T33: ='BOM & cycles'!U20*'BOM & cycles'!$G20/'BOM & cycles'!U$27 -> 0.0094387537
B34: Coolant: Glycol | C34: kg/battery | D34: =SUMIF($H$17:$S$17,$C$6,$H34:$S34)*$D$36 -> 12.287646 | E34: Glycol (Coolant) | F34: =D34*_xlfn.XLOOKUP($E34,'Background data'!$D:$D,'Background data'!J:J) -> 12901.537 | H34: ='BOM & cycles'!I21*'BOM & cycles'!$G21/'BOM & cycles'!I$27 -> 0.10236002 | I34: ='BOM & cycles'!J21*'BOM & cycles'!$G21/'BOM & cycles'!J$27 -> 0.10353097 | J34: ='BOM & cycles'!K21*'BOM & cycles'!$G21/'BOM & cycles'!K$27 -> 0.10375329 | K34: ='BOM & cycles'!L21*'BOM & cycles'!$G21/'BOM & cycles'!L$27 -> 0.10368395 | L34: ='BOM & cycles'!M21*'BOM & cycles'!$G21/'BOM & cycles'!M$27 -> 0.10353456 | M34: ='BOM & cycles'!N21*'BOM & cycles'!$G21/'BOM & cycles'!N$27 -> 0.10337926 | N34: ='BOM & cycles'!O21*'BOM & cycles'!$G21/'BOM & cycles'!O$27 -> 0.10346548 | O34: ='BOM & cycles'!P21*'BOM & cycles'!$G21/'BOM & cycles'!P$27 -> 0.1018941 | ... T34: ='BOM & cycles'!U21*'BOM & cycles'!$G21/'BOM & cycles'!U$27 -> 0.1052421
B35: Electronic Parts | C35: kg/battery | D35: =SUMIF($H$17:$S$17,$C$6,$H35:$S35)*$D$36 -> 4.4807301 | E35: Electronics | F35: =D35*_xlfn.XLOOKUP($E35,'Background data'!$D:$D,'Background data'!J:J) -> 65166.574 | H35: ='BOM & cycles'!I22*'BOM & cycles'!$G22/'BOM & cycles'!I$27 -> 0.029531743 | I35: ='BOM & cycles'!J22*'BOM & cycles'!$G22/'BOM & cycles'!J$27 -> 0.035152375 | J35: ='BOM & cycles'!K22*'BOM & cycles'!$G22/'BOM & cycles'!K$27 -> 0.036088101 | K35: ='BOM & cycles'!L22*'BOM & cycles'!$G22/'BOM & cycles'!L$27 -> 0.036608227 | L35: ='BOM & cycles'!M22*'BOM & cycles'!$G22/'BOM & cycles'!M$27 -> 0.037754214 | M35: ='BOM & cycles'!N22*'BOM & cycles'!$G22/'BOM & cycles'!N$27 -> 0.03796672 | N35: ='BOM & cycles'!O22*'BOM & cycles'!$G22/'BOM & cycles'!O$27 -> 0.036751314 | O35: ='BOM & cycles'!P22*'BOM & cycles'!$G22/'BOM & cycles'!P$27 -> 0.030900216 | ... T35: ='BOM & cycles'!U22*'BOM & cycles'!$G22/'BOM & cycles'!U$27 -> 0.032327731
B36: Total | C36: kg/battery | D36: ='BOM & cycles'!$C$27 -> 118.68159 | F36: =SUM(F24:F35) -> 154009.11 | H36: =SUM(H24:H35) -> 1 | I36: =SUM(I24:I35) -> 1 | J36: =SUM(J24:J35) -> 1 | K36: =SUM(K24:K35) -> 1 | L36: =SUM(L24:L35) -> 1 | M36: =SUM(M24:M35) -> 1 | N36: =SUM(N24:N35) -> 1 | O36: =SUM(O24:O35) -> 1 | ... T36: =SUM(T24:T35) -> 1
B38: Module & Pack assembling
B39: Item | C39: unit | D39: Amount (kWh) | E39: Modelling | F39: ECS | H39: kWh/kgCell | I39: kWh/kWh battery
B40: Electricity consumption | C40: kWh/kgCell | D40: ='BOM & cycles'!$C$25*H40 -> 41.133355 | E40: Electricity mix, CN | F40: =D40*_xlfn.XLOOKUP($E40,'Background data'!$D:$D,'Background data'!J:J) -> 2542.1385 | H40: =I40*1/3.6 -> 0.27777778 | I40: 1

Sheet Cell & CAM
B2: Li-ion Cells, including modeling of CAM and graphite
B4: NMC811
B6: CELL production | G6: =SUM(G7:G21) -> 1982.8076
B7: cell composition - % weight | C7: Unit | D7: Input/output | E7: Input/output | G7: ='Background data'!B1 -> ECS EI3.9.1 (Pts) | I7: LFP | J7: NMC111 | K7: NMC532 | L7: NMC622 | M7: NMC811 | N7: NMC955 | O7: NCA | P7: LMO | Q7: LFP (Hydrothermal) | R7: LMFP | S7: Na-ion Tiamat | T7: LFP - LiM BS | U7: NMC811 - LiM BS
A8: 2 | B8: Cathode Active Material | C8: % in 1kg cell | G8: =_xlfn.XLOOKUP($B$4,$I$7:$U$7,$I8:$U8)*G28 -> 148.26468 | I8: 0.45484541 | J8: 0.4619596 | K8: 0.44693305 | L8: 0.44321027 | M8: 0.42274104 | N8: 0.40907593 | O8: 0.43416002 | P8: 0.50946444 | Q8: 0.45484541 | R8: 0.45484541 | S8: ='BOM & cycles'!S3*'BOM & cycles'!$E3/'BOM & cycles'!S$25 -> 0.54279966 | T8: ='BOM & cycles'!T3*'BOM & cycles'!$E3/'BOM & cycles'!T$25 -> 0.69479212 | U8: ='BOM & cycles'!U3*'BOM & cycles'!$E3/'BOM & cycles'!U$25 -> 0.70158812
A9: 3 | B9: Graphite/Carbon | C9: % in 1kg cell | D9: Graphite | F9: Graphite, Calculation, Tokaï | G9: =_xlfn.XLOOKUP($B$4,$I$7:$U$7,$I9:$U9)*_xlfn.XLOOKUP($F9,'Background data'!$D:$D,'Background data'!H:H) -> 0 | I9: 0.2344565 | J9: 0.26087818 | K9: 0.27500378 | L9: 0.27818341 | M9: 0.29616989 | N9: 0.30815952 | O9: 0.28804669 | P9: 0.20166063 | Q9: 0.2344565 | R9: 0.2344565 | S9: ='BOM & cycles'!S4*'BOM & cycles'!$E4/'BOM & cycles'!S$25 -> 0.2189292 | T9: ='BOM & cycles'!T4*'BOM & cycles'!$E4/'BOM & cycles'!T$25 -> 0.027885235 | U9: ='BOM & cycles'!U4*'BOM & cycles'!$E4/'BOM & cycles'!U$25 -> 0.037241213
A10: 4 | B10: Silicon | C10: % in 1kg cell | D10: Other materials | G10: =_xlfn.XLOOKUP($B$4,$I$7:$U$7,$I10:$U10)*_xlfn.XLOOKUP($F10,'Background data'!$D:$D,'Background data'!H:H) -> 0 | I10: 0 | J10: 0 | K10: 0 | L10: 0 | M10: 0 | N10: 0 | O10: 0 | P10: 0 | Q10: 0 | R10: 0 | S10: ='BOM & cycles'!S5*'BOM & cycles'!$E5/'BOM & cycles'!S$25 -> 0 | T10: ='BOM & cycles'!T5*'BOM & cycles'!$E5/'BOM & cycles'!T$25 -> 0 | U10: ='BOM & cycles'!U5*'BOM & cycles'!$E5/'BOM & cycles'!U$25 -> 0
A11: 5 | B11: Binder | C11: % in 1kg cell | D11: Other materials | F11: Polyvinylfluoride (PVF) | G11: =_xlfn.XLOOKUP($B$4,$I$7:$U$7,$I11:$U11)*_xlfn.XLOOKUP($F11,'Background data'!$D:$D,'Background data'!H:H) -> 0 | I11: 0.014133411 | J11: 0.014864434 | K11: 0.014831997 | L11: 0.014799676 | M11: 0.014761522 | N11: 0.01476825 | O11: 0.014799694 | P11: 0.014599458 | Q11: 0.014133411 | R11: 0.014133411 | S11: ='BOM & cycles'!S6*'BOM & cycles'!$E6/'BOM & cycles'!S$25 -> 0.01681815 | T11: ='BOM & cycles'!T6*'BOM & cycles'!$E6/'BOM & cycles'!T$25 -> 0.10609071 | U11: ='BOM & cycles'!U6*'BOM & cycles'!$E6/'BOM & cycles'!U$25 -> 0.1075639
A12: 6 | B12: Copper | C12: % in 1kg cell | D12: Cu | F12: Copper foil | G12: =_xlfn.XLOOKUP($B$4,$I$7:$U$7,$I12:$U12)*_xlfn.XLOOKUP($F12,'Background data'!$D:$D,'Background data'!H:H) -> 1191.6174 | I12: 0.13792637 | J12: 0.11993724 | K12: 0.11984524 | L12: 0.1202379 | M12: 0.12138825 | N12: 0.12220556 | O12: 0.11999639 | P12: 0.12960023 | Q12: 0.13792637 | R12: 0.13792637 | S12: ='BOM & cycles'!S7*'BOM & cycles'!$E7/'BOM & cycles'!S$25 -> 0.027326839 | T12: ='BOM & cycles'!T7*'BOM & cycles'!$E7/'BOM & cycles'!T$25 -> 0.12757093 | U12: ='BOM & cycles'!U7*'BOM & cycles'!$E7/'BOM & cycles'!U$25 -> 0.11740793
A13: 7 | B13: Wrought Aluminum | C13: % in 1kg cell | D13: Al | F13: Aluminium, virgin, RER, Ecobalyse | G13: =_xlfn.XLOOKUP($B$4,$I$7:$U$7,$I13:$U13)*_xlfn.XLOOKUP($F13,'Background data'!$D:$D,'Background data'!H:H) -> 16.894353 | I13: 0.021237529 | J13: 0.021009405 | K13: 0.021387998 | L13: 0.021502429 | M13: 0.022026536 | N13: 0.022325837 | O13: 0.021646542 | P13: 0.020228002 | Q13: 0.021237529 | R13: 0.021237529 | S13: ='BOM & cycles'!S8*'BOM & cycles'!$E8/'BOM & cycles'!S$25 -> 0.032173596 | T13: ='BOM & cycles'!T8*'BOM & cycles'!$E8/'BOM & cycles'!T$25 -> 0.031873143 | U13: ='BOM & cycles'!U8*'BOM & cycles'!$E8/'BOM & cycles'!U$25 -> 0.024247289
A14: 8 | B14: Electrolyte: LiPF6 | C14: % in 1kg cell | D14: Other materials | F14: Lithium Hexafluorophosphate (LiPF6) | G14: =_xlfn.XLOOKUP($B$4,$I$7:$U$7,$I14:$U14)*_xlfn.XLOOKUP($F14,'Background data'!$D:$D,'Background data'!H:H) -> 0 | I14: 0.020719493 | J14: 0.018279255 | K14: 0.018416319 | L14: 0.018362794 | M14: 0.018512268 | N14: 0.01861879 | O14: 0.018268629 | P14: 0.018765523 | Q14: 0.020719493 | R14: 0.020719493 | S14: ='BOM & cycles'!S10*'BOM & cycles'!$E10/'BOM & cycles'!S$25 -> 0.024500515 | T14: ='BOM & cycles'!T10*'BOM & cycles'!$E10/'BOM & cycles'!T$25 -> 0.011787857 | U14: ='BOM & cycles'!U10*'BOM & cycles'!$E10/'BOM & cycles'!U$25 -> 0.011951545
A15: 9 | B15: Electrolyte: Ethylene Carbonate | C15: % in 1kg cell | D15: Other materials | F15: Ethylene Carbonate | G15: =_xlfn.XLOOKUP($B$4,$I$7:$U$7,$I15:$U15)*_xlfn.XLOOKUP($F15,'Background data'!$D:$D,'Background data'!H:H) -> 0 | I15: 0.057584157 | J15: 0.050792845 | K15: 0.051024265 | L15: 0.05109659 | M15: 0.051417806 | N15: 0.051633491 | O15: 0.050780784 | P15: 0.052129095 | Q15: 0.057584157 | R15: 0.057584157 | S15: ='BOM & cycles'!S11*'BOM & cycles'!$E11/'BOM & cycles'!S$25 -> 0.067895496 | T15: ='BOM & cycles'!T11*'BOM & cycles'!$E11/'BOM & cycles'!T$25 -> 0 | U15: ='BOM & cycles'!U11*'BOM & cycles'!$E11/'BOM & cycles'!U$25 -> 0
A16: 10 | B16: Electrolyte: Dimethyl Carbonate | C16: % in 1kg cell | D16: Other materials | F16: Dimethyl Carbonate | G16: =_xlfn.XLOOKUP($B$4,$I$7:$U$7,$I16:$U16)*_xlfn.XLOOKUP($F16,'Background data'!$D:$D,'Background data'!H:H) -> 0 | I16: 0.057584157 | J16: 0.050792845 | K16: 0.051024265 | L16: 0.05109659 | M16: 0.051417806 | N16: 0.051633491 | O16: 0.050780784 | P16: 0.052129095 | Q16: 0.057584157 | R16: 0.057584157 | S16: ='BOM & cycles'!S12*'BOM & cycles'!$E12/'BOM & cycles'!S$25 -> 0.067895496 | T16: ='BOM & cycles'!T12*'BOM & cycles'!$E12/'BOM & cycles'!T$25 -> 0 | U16: ='BOM & cycles'!U12*'BOM & cycles'!$E12/'BOM & cycles'!U$25 -> 0
A17: 11 | B17: Plastique granulé (PP) | C17: % in 1kg cell | D17: Other materials | F17: Plastique granulé (divers) | G17: =_xlfn.XLOOKUP($B$4,$I$7:$U$7,$I17:$U17)*_xlfn.XLOOKUP($F17,'Background data'!$D:$D,'Background data'!H:H) -> 0.30762929 | I17: 0.0015129692 | J17: 0.0014861979 | K17: 0.0015330908 | L17: 0.0015103419 | M17: 0.0015648921 | N17: 0.0015791354 | O17: 0.0015204676 | P17: 0.0014235296 | Q17: 0.0015129692 | R17: 0.0015129692 | S17: ='BOM & cycles'!S13*'BOM & cycles'!$E13/'BOM & cycles'!S$25 -> 0.0016610519 | T17: ='BOM & cycles'!T13*'BOM & cycles'!$E13/'BOM & cycles'!T$25 -> 0 | U17: ='BOM & cycles'!U13*'BOM & cycles'!$E13/'BOM & cycles'!U$25 -> 0
B18: source : GREET, average for energy batteries
B19: Energy & emission for cell production | C19: Unit | D19: Input/output | G19: GWP
B20: Electricity | C20: kWh/kgCell | D20: Electricity | F20: Electricity mix, CN | G20: =_xlfn.XLOOKUP($B$4,$I$7:$U$7,$I20:$U20)*_xlfn.XLOOKUP($F20,'Background data'!$D:$D,'Background data'!H:H) -> 392.72707 | I20: =I24*OFFSET('GREET input data'!$C$12,0,'BOM & cycles'!I$29-1)/1000 -> 4.4460073 | J20: =J24*OFFSET('GREET input data'!$C$12,0,'BOM & cycles'!J$29-1)/1000 -> 5.5794117 | K20: =K24*OFFSET('GREET input data'!$C$12,0,'BOM & cycles'!K$29-1)/1000 -> 5.8935206 | L20: =L24*OFFSET('GREET input data'!$C$12,0,'BOM & cycles'!L$29-1)/1000 -> 5.9520878 | M20: =M24*OFFSET('GREET input data'!$C$12,0,'BOM & cycles'!M$29-1)/1000 -> 6.3545641 | N20: =N24*OFFSET('GREET input data'!$C$12,0,'BOM & cycles'!N$29-1)/1000 -> 6.609717 | O20: =O24*OFFSET('GREET input data'!$C$12,0,'BOM & cycles'!O$29-1)/1000 -> 6.1255351 | P20: =P24*OFFSET('GREET input data'!$C$12,0,'BOM & cycles'!P$29-1)/1000 -> 4.4765072 | ... R20: =R24*OFFSET('GREET input data'!$C$12,0,'BOM & cycles'!R$29-1)/1000 -> 4.4460073
B21: Heat | C21: MJ/kgCell | D21: Heat | F21: Heat, RoW | G21: =_xlfn.XLOOKUP($B$4,$I$7:$U$7,$I21:$U21)*_xlfn.XLOOKUP($F21,'Background data'!$D:$D,'Background data'!H:H) -> 232.99645 | I21: =I25*OFFSET('GREET input data'!$C$12,0,'BOM & cycles'!I$29-1)/1000 -> 24.00844 | J21: =J25*OFFSET('GREET input data'!$C$12,0,'BOM & cycles'!J$29-1)/1000 -> 30.128823 | K21: =K25*OFFSET('GREET input data'!$C$12,0,'BOM & cycles'!K$29-1)/1000 -> 31.825011 | L21: =L25*OFFSET('GREET input data'!$C$12,0,'BOM & cycles'!L$29-1)/1000 -> 32.141274 | M21: =M25*OFFSET('GREET input data'!$C$12,0,'BOM & cycles'!M$29-1)/1000 -> 34.314646 | N21: =N25*OFFSET('GREET input data'!$C$12,0,'BOM & cycles'!N$29-1)/1000 -> 35.692472 | O21: =O25*OFFSET('GREET input data'!$C$12,0,'BOM & cycles'!O$29-1)/1000 -> 33.07789 | P21: =P25*OFFSET('GREET input data'!$C$12,0,'BOM & cycles'!P$29-1)/1000 -> 24.173139 | ... R21: =R25*OFFSET('GREET input data'!$C$12,0,'BOM & cycles'!R$29-1)/1000 -> 24.00844
B23: Energy & emission for cell production | C23: Unit | D23: Input/output | G23: GWP
B24: Electricity | C24: kWh/kWhCell | D24: Electricity | I24: =47.2*40% -> 18.88 | J24: =47.2*40% -> 18.88 | K24: =47.2*40% -> 18.88 | L24: =47.2*40% -> 18.88 | M24: =47.2*40% -> 18.88 | N24: =47.2*40% -> 18.88 | O24: =47.2*40% -> 18.88 | P24: =47.2*40% -> 18.88 | ... U24: =47.2*40% -> 18.88
B25: Heat | C25: MJ/kWhCell | D25: Heat | I25: =47.2*60%*3.6 -> 101.952 | J25: =47.2*60%*3.6 -> 101.952 | K25: =47.2*60%*3.6 -> 101.952 | L25: =47.2*60%*3.6 -> 101.952 | M25: =47.2*60%*3.6 -> 101.952 | N25: =47.2*60%*3.6 -> 101.952 | O25: =47.2*60%*3.6 -> 101.952 | P25: =47.2*60%*3.6 -> 101.952 | ... U25: =47.2*60%*3.6 -> 101.952
B28: CAM production | G28: =SUM(G29:G54) -> 350.72224 | I28: LMO | J28: NMC111 | K28: LFP (Hydrothermal) | L28: LFP (Solid State) | M28: NMC622 | N28: NMC811 | O28: NCA | P28: NMC532 | Q28: NMC955 | R28: Na-ion Tiamat
B29: Sulfuric acid (H2SO4) | C29: kg/kg CAM | F29: Acid tannic./ citric, CN | G29: =_xlfn.XLOOKUP($B$4,$I$28:$U$28,$I29:$U29)*_xlfn.XLOOKUP($F29,'Background data'!$D:$D,'Background data'!H:H) -> 0 | I29: 0 | J29: 0 | K29: 0 | L29: 0 | M29: 0 | N29: 0 | O29: 0 | P29: 0 | Q29: 0 | R29: 0.2628
B30: Ammonia (NH3) | C30: kg/kg CAM | F30: Ammonia (NH3), CN | G30: =_xlfn.XLOOKUP($B$4,$I$28:$U$28,$I30:$U30)*_xlfn.XLOOKUP($F30,'Background data'!$D:$D,'Background data'!H:H) -> 0 | I30: 0 | J30: 0 | K30: 0 | L30: 0 | M30: 0 | N30: 0 | O30: 0.37 | P30: 0 | Q30: 0 | R30: 0
B31: Nickel Sulfate (NiSO4) | C31: kg/kg CAM | E31: Ni salts | F31: Nickel Sulfate (NiSO4), GLO | G31: =_xlfn.XLOOKUP($B$4,$I$28:$U$28,$I31:$U31)*_xlfn.XLOOKUP($F31,'Background data'!$D:$D,'Background data'!H:H) -> 0 | I31: 0 | J31: 0.56350594 | K31: 0 | L31: 0 | M31: 1.0091514 | N31: 1.3404216 | O31: 1.36 | P31: 0.86843997 | Q31: 1.587 | R31: 0
B32: Cobalt Sulfate (CoSO4) | C32: kg/kg CAM | E32: Co salt | F32: Cobalt Sulfate (CoSO4), CN | G32: =_xlfn.XLOOKUP($B$4,$I$28:$U$28,$I32:$U32)*_xlfn.XLOOKUP($F32,'Background data'!$D:$D,'Background data'!H:H) -> 0 | I32: 0 | J32: 0.56437987 | K32: 0 | L32: 0 | M32: 0.33690549 | N32: 0.16781256 | O32: 0.26 | P32: 0.35013348 | Q32: 0.042 | R32: 0
B33: Manganese Sulfate (MnSO4) | C33: kg/kg CAM | E33: Mn salts | F33: Manganese Sulfate (MnSO4), GLO | G33: =_xlfn.XLOOKUP($B$4,$I$28:$U$28,$I33:$U33)*_xlfn.XLOOKUP($F33,'Background data'!$D:$D,'Background data'!H:H) -> 0 | I33: 0 | J33: 0.5498507 | K33: 0 | L33: 0 | M33: 0.32823233 | N33: 0.16349246 | O33: 0 | P33: 0.49438655 | Q33: 0.041 | R33: 0
B34: Sodium Hydroxide (NaOH) | C34: kg/kg CAM | F34: Sodium Hydroxide (NaOH), GLO | G34: =_xlfn.XLOOKUP($B$4,$I$28:$U$28,$I34:$U34)*_xlfn.XLOOKUP($F34,'Background data'!$D:$D,'Background data'!H:H) -> 0 | I34: 0 | J34: 0.889536 | K34: 0 | L34: 0 | M34: 0.889536 | N34: 0.889536 | O34: 0.88 | P34: 0.889536 | Q34: 0.889536 | R34: 0
B35: Ammonium Hydroxide (NH4OH) | C35: kg/kg CAM | F35: Ammonia (NH3), CN | G35: =_xlfn.XLOOKUP($B$4,$I$28:$U$28,$I35:$U35)*_xlfn.XLOOKUP($F35,'Background data'!$D:$D,'Background data'!H:H) -> 0 | I35: 0 | J35: 0.12352941 | K35: 0 | L35: 0 | M35: 0.12352941 | N35: 0.12352941 | O35: 0 | P35: 0.12352941 | Q35: 0.12352941 | R35: 0
B36: Hydrochloric Acid (HCl) | C36: kg/kg CAM | F36: Hydrochloric Acid (HCl) | G36: =_xlfn.XLOOKUP($B$4,$I$28:$U$28,$I36:$U36)*_xlfn.XLOOKUP($F36,'Background data'!$D:$D,'Background data'!H:H) -> 0 | I36: 0 | J36: 0 | K36: 0 | L36: 0 | M36: 0 | N36: 0 | O36: 0 | P36: 0 | Q36: 0 | R36: 0
B37: Aluminum sulfate (Al2(SO4)3) | C37: kg/kg CAM | F37: Aluminum sulfate (Al2(SO4)3) | G37: =_xlfn.XLOOKUP($B$4,$I$28:$U$28,$I37:$U37)*_xlfn.XLOOKUP($F37,'Background data'!$D:$D,'Background data'!H:H) -> 0 | I37: 0 | J37: 0 | K37: 0 | L37: 0 | M37: 0 | N37: 0 | O37: 0.09 | P37: 0 | Q37: 0 | R37: 0
B38: V2O5 | C38: kg/kg CAM | F38: Manganese Dioxide (MnO2) | G38: =_xlfn.XLOOKUP($B$4,$I$28:$U$28,$I38:$U38)*_xlfn.XLOOKUP($F38,'Background data'!$D:$D,'Background data'!H:H) -> 0 | I38: 0 | J38: 0 | K38: 0 | L38: 0 | M38: 0 | N38: 0 | O38: 0 | P38: 0 | Q38: 0 | R38: 0.4356
B39: Soda ash (Na2CO3) | C39: kg/kg CAM | F39: Soda ash (Na2CO3) | G39: =_xlfn.XLOOKUP($B$4,$I$28:$U$28,$I39:$U39)*_xlfn.XLOOKUP($F39,'Background data'!$D:$D,'Background data'!H:H) -> 0 | I39: 0 | J39: 0 | K39: 0 | L39: 0 | M39: 0 | N39: 0 | O39: 0 | P39: 0 | Q39: 0 | R39: 0
B40: Sodium Hydroxide (NaOH) | C40: kg/kg CAM | F40: Sodium Hydroxide (NaOH), GLO | G40: =_xlfn.XLOOKUP($B$4,$I$28:$U$28,$I40:$U40)*_xlfn.XLOOKUP($F40,'Background data'!$D:$D,'Background data'!H:H) -> 0 | I40: 0 | J40: 0 | K40: 0 | L40: 0 | M40: 0 | N40: 0 | O40: 0 | P40: 0 | Q40: 0 | R40: 0.3016
B41: Lithium Hydoxide (LiOH) | C41: kg/kg CAM | F41: Lithium Hydoxide (LiOH), GLO | G41: =_xlfn.XLOOKUP($B$4,$I$28:$U$28,$I41:$U41)*_xlfn.XLOOKUP($F41,'Background data'!$D:$D,'Background data'!H:H) -> 0 | I41: 0 | J41: 0 | K41: 0.2683756 | L41: 0 | M41: 0 | N41: 0.24619908 | O41: 0.25 | P41: 0 | Q41: 0.246 | R41: 0
B42: Oxygen (O2) | C42: kg/kg CAM | F42: Oxygen (O2) | G42: =_xlfn.XLOOKUP($B$4,$I$28:$U$28,$I42:$U42)*_xlfn.XLOOKUP($F42,'Background data'!$D:$D,'Background data'!H:H) -> 0 | I42: 0 | J42: 0 | K42: 0 | L42: 0 | M42: 0 | N42: 0 | O42: 0.04 | P42: 0 | Q42: 0 | R42: 0
B43: Phosphoric Acid (H3PO4) | C43: kg/kg CAM | F43: Phosphoric Acid (H3PO4) | G43: =_xlfn.XLOOKUP($B$4,$I$28:$U$28,$I43:$U43)*_xlfn.XLOOKUP($F43,'Background data'!$D:$D,'Background data'!H:H) -> 0 | I43: 0 | J43: 0 | K43: 0.36605947 | L43: 0 | M43: 0 | N43: 0 | O43: 0 | P43: 0 | Q43: 0 | R43: 0
B44: Iron Sulfate (FeSO4) | C44: kg/kg CAM | F44: Iron Sulfate (FeSO4) | G44: =_xlfn.XLOOKUP($B$4,$I$28:$U$28,$I44:$U44)*_xlfn.XLOOKUP($F44,'Background data'!$D:$D,'Background data'!H:H) -> 0 | I44: 0 | J44: 0 | K44: 0.56745045 | L44: 0 | M44: 0 | N44: 0 | O44: 0 | P44: 0 | Q44: 0 | R44: 0
B45: Cobalt Oxide (Co3O4) | C45: kg/kg CAM | F45: Cobalt Oxide (Co3O4) | G45: =_xlfn.XLOOKUP($B$4,$I$28:$U$28,$I45:$U45)*_xlfn.XLOOKUP($F45,'Background data'!$D:$D,'Background data'!H:H) -> 0 | I45: 0 | J45: 0 | K45: 0 | L45: 0 | M45: 0 | N45: 0 | O45: 0 | P45: 0 | Q45: 0 | R45: 0
... B50: Mn2O3 | C50: kg/kg CAM | F50: Manganese Dioxide (MnO2) | G50: =_xlfn.XLOOKUP($B$4,$I$28:$U$28,$I50:$U50)*_xlfn.XLOOKUP($F50,'Background data'!$D:$D,'Background data'!H:H) -> 0 | I50: 0.87312668 | J50: 0 | K50: 0 | L50: 0 | M50: 0 | N50: 0 | O50: 0 | P50: 0 | Q50: 0 | R50: 0
B52: electricity | C52: kWh/kgCAM | F52: Electricity mix, RER | G52: =_xlfn.XLOOKUP($B$4,$I$28:$U$28,$I52:$U52)*_xlfn.XLOOKUP($F52,'Background data'!$D:$D,'Background data'!H:H) -> 192.3856 | I52: =17.8*40% -> 7.12 | J52: =17.8*40% -> 7.12 | K52: 9.2 | L52: 0.7 | M52: =17.8*40% -> 7.12 | N52: =18.7*40% -> 7.48 | P52: =17.8*40% -> 7.12 | Q52: =18.7*40% -> 7.48 | R52: =18.7*40% -> 7.48
B53: heat MJ/kgCAM output | C53: MJ/kgCAM | F53: Heat, Europe | G53: =_xlfn.XLOOKUP($B$4,$I$28:$U$28,$I53:$U53)*_xlfn.XLOOKUP($F53,'Background data'!$D:$D,'Background data'!H:H) -> 158.33664 | I53: =17.8*60%*3.6 -> 38.448 | J53: =17.8*60%*3.6 -> 38.448 | M53: =17.8*60%*3.6 -> 38.448 | N53: =18.7*60%*3.6 -> 40.392 | P53: =17.8*60%*3.6 -> 38.448 | Q53: =18.7*60%*3.6 -> 40.392 | R53: =18.7*60%*3.6 -> 40.392
B54: direct CO2 emission | C54: kgCO2e/kgCAM | F54: Direct process GHG emissions | G54: =_xlfn.XLOOKUP($B$4,$I$28:$U$28,$I54:$U54)*_xlfn.XLOOKUP($F54,'Background data'!$D:$D,'Background data'!H:H) -> 0 | I54: 0 | J54: 0.206 | K54: 0.141 | M54: 0.206 | P54: 0.206 | R54: 0.24
B55: Source : GREET
B57: BAM Graphite production | G57: =SUM(G58:G60) -> 2557.5002
B58: Electricity | C58: kWh/kgBAM | F58: Electricity mix, CN | G58: =$I58*_xlfn.XLOOKUP($F58,'Background data'!$D:$D,'Background data'!H:H) -> 2014.757 | I58: 32.6
B59: heat MJ/kgCAM output | C59: MJ/kgBAM | F59: Heat, RoW | G59: =$I59*_xlfn.XLOOKUP($F59,'Background data'!$D:$D,'Background data'!H:H) -> 68.4432 | I59: =2.8*3.6 -> 10.08
B60: direct CO2 emission | C60: kgCO2e/kgCAM | F60: Direct process GHG emissions | G60: =$I60*_xlfn.XLOOKUP($F60,'Background data'!$D:$D,'Background data'!H:H) -> 474.3 | I60: 17
B61: Source : 2024 Carriere_Carbon footprint assessment of manufacturing of synthetic graphite battery anode material for electric mobility applications
B64: CELL final composition (used for end of life)
B65: Material | C65: Unit | I65: LFP | J65: NMC111 | K65: NMC532 | L65: NMC622 | M65: NMC811 | N65: NMC955 | O65: NCA | P65: LMO | Q65: LFP (Hydrothermal) | R65: LMFP | S65: Na-ion Tiamat | T65: LFP - LiM BS | U65: NMC811 - LiM BS
B66: Graphite | C66: kg/kg cell | I66: =SUMIF($D$9:$D$17,$B66,I$9:I$17)+SUMIF($D$81:$D$102,$B66,I$81:I$102) -> 0.2344565 | J66: =SUMIF($D$9:$D$17,$B66,J$9:J$17)+SUMIF($D$81:$D$102,$B66,J$81:J$102) -> 0.26087818 | K66: =SUMIF($D$9:$D$17,$B66,K$9:K$17)+SUMIF($D$81:$D$102,$B66,K$81:K$102) -> 0.27500378 | L66: =SUMIF($D$9:$D$17,$B66,L$9:L$17)+SUMIF($D$81:$D$102,$B66,L$81:L$102) -> 0.27818341 | M66: =SUMIF($D$9:$D$17,$B66,M$9:M$17)+SUMIF($D$81:$D$102,$B66,M$81:M$102) -> 0.29616989 | N66: =SUMIF($D$9:$D$17,$B66,N$9:N$17)+SUMIF($D$81:$D$102,$B66,N$81:N$102) -> 0.30815952 | O66: =SUMIF($D$9:$D$17,$B66,O$9:O$17)+SUMIF($D$81:$D$102,$B66,O$81:O$102) -> 0.28804669 | P66: =SUMIF($D$9:$D$17,$B66,P$9:P$17)+SUMIF($D$81:$D$102,$B66,P$81:P$102) -> 0.20166063 | ... U66: =SUMIF($D$9:$D$17,$B66,U$9:U$17)+SUMIF($D$81:$D$102,$B66,U$81:U$102) -> 0.037241213
B67: Al | C67: kg/kg cell | I67: =SUMIF($D$9:$D$17,$B67,I$9:I$17)+SUMIF($D$81:$D$102,$B67,I$81:I$102) -> 0.021237529 | J67: =SUMIF($D$9:$D$17,$B67,J$9:J$17)+SUMIF($D$81:$D$102,$B67,J$81:J$102) -> 0.021009405 | K67: =SUMIF($D$9:$D$17,$B67,K$9:K$17)+SUMIF($D$81:$D$102,$B67,K$81:K$102) -> 0.021387998 | L67: =SUMIF($D$9:$D$17,$B67,L$9:L$17)+SUMIF($D$81:$D$102,$B67,L$81:L$102) -> 0.021502429 | M67: =SUMIF($D$9:$D$17,$B67,M$9:M$17)+SUMIF($D$81:$D$102,$B67,M$81:M$102) -> 0.022026536 | N67: =SUMIF($D$9:$D$17,$B67,N$9:N$17)+SUMIF($D$81:$D$102,$B67,N$81:N$102) -> 0.022325837 | O67: =SUMIF($D$9:$D$17,$B67,O$9:O$17)+SUMIF($D$81:$D$102,$B67,O$81:O$102) -> 0.021646542 | P67: =SUMIF($D$9:$D$17,$B67,P$9:P$17)+SUMIF($D$81:$D$102,$B67,P$81:P$102) -> 0.020228002 | ... U67: =SUMIF($D$9:$D$17,$B67,U$9:U$17)+SUMIF($D$81:$D$102,$B67,U$81:U$102) -> 0.024247289
B68: Cu | C68: kg/kg cell | I68: =SUMIF($D$9:$D$17,$B68,I$9:I$17)+SUMIF($D$81:$D$102,$B68,I$81:I$102) -> 0.13792637 | J68: =SUMIF($D$9:$D$17,$B68,J$9:J$17)+SUMIF($D$81:$D$102,$B68,J$81:J$102) -> 0.11993724 | K68: =SUMIF($D$9:$D$17,$B68,K$9:K$17)+SUMIF($D$81:$D$102,$B68,K$81:K$102) -> 0.11984524 | L68: =SUMIF($D$9:$D$17,$B68,L$9:L$17)+SUMIF($D$81:$D$102,$B68,L$81:L$102) -> 0.1202379 | M68: =SUMIF($D$9:$D$17,$B68,M$9:M$17)+SUMIF($D$81:$D$102,$B68,M$81:M$102) -> 0.12138825 | N68: =SUMIF($D$9:$D$17,$B68,N$9:N$17)+SUMIF($D$81:$D$102,$B68,N$81:N$102) -> 0.12220556 | O68: =SUMIF($D$9:$D$17,$B68,O$9:O$17)+SUMIF($D$81:$D$102,$B68,O$81:O$102) -> 0.11999639 | P68: =SUMIF($D$9:$D$17,$B68,P$9:P$17)+SUMIF($D$81:$D$102,$B68,P$81:P$102) -> 0.12960023 | ... U68: =SUMIF($D$9:$D$17,$B68,U$9:U$17)+SUMIF($D$81:$D$102,$B68,U$81:U$102) -> 0.11740793
B69: Fe | C69: kg/kg cell | I69: =SUMIF($D$9:$D$17,$B69,I$9:I$17)+SUMIF($D$81:$D$102,$B69,I$81:I$102) -> 0 | J69: =SUMIF($D$9:$D$17,$B69,J$9:J$17)+SUMIF($D$81:$D$102,$B69,J$81:J$102) -> 0 | K69: =SUMIF($D$9:$D$17,$B69,K$9:K$17)+SUMIF($D$81:$D$102,$B69,K$81:K$102) -> 0 | L69: =SUMIF($D$9:$D$17,$B69,L$9:L$17)+SUMIF($D$81:$D$102,$B69,L$81:L$102) -> 0 | M69: =SUMIF($D$9:$D$17,$B69,M$9:M$17)+SUMIF($D$81:$D$102,$B69,M$81:M$102) -> 0 | N69: =SUMIF($D$9:$D$17,$B69,N$9:N$17)+SUMIF($D$81:$D$102,$B69,N$81:N$102) -> 0 | O69: =SUMIF($D$9:$D$17,$B69,O$9:O$17)+SUMIF($D$81:$D$102,$B69,O$81:O$102) -> 0 | P69: =SUMIF($D$9:$D$17,$B69,P$9:P$17)+SUMIF($D$81:$D$102,$B69,P$81:P$102) -> 0 | ... U69: =SUMIF($D$9:$D$17,$B69,U$9:U$17)+SUMIF($D$81:$D$102,$B69,U$81:U$102) -> 0
B70: Co salt | C70: kg/kg cell | I70: =SUMIF($D$9:$D$17,$B70,I$9:I$17)+SUMIF($D$81:$D$102,$B70,I$81:I$102) -> 0 | J70: =SUMIF($D$9:$D$17,$B70,J$9:J$17)+SUMIF($D$81:$D$102,$B70,J$81:J$102) -> 0.2607207 | K70: =SUMIF($D$9:$D$17,$B70,K$9:K$17)+SUMIF($D$81:$D$102,$B70,K$81:K$102) -> 0.15648622 | L70: =SUMIF($D$9:$D$17,$B70,L$9:L$17)+SUMIF($D$81:$D$102,$B70,L$81:L$102) -> 0.14931997 | M70: =SUMIF($D$9:$D$17,$B70,M$9:M$17)+SUMIF($D$81:$D$102,$B70,M$81:M$102) -> 0.070941255 | N70: =SUMIF($D$9:$D$17,$B70,N$9:N$17)+SUMIF($D$81:$D$102,$B70,N$81:N$102) -> 0.017181189 | O70: =SUMIF($D$9:$D$17,$B70,O$9:O$17)+SUMIF($D$81:$D$102,$B70,O$81:O$102) -> 0.1128816 | P70: =SUMIF($D$9:$D$17,$B70,P$9:P$17)+SUMIF($D$81:$D$102,$B70,P$81:P$102) -> 0 | ... U70: =SUMIF($D$9:$D$17,$B70,U$9:U$17)+SUMIF($D$81:$D$102,$B70,U$81:U$102) -> 0.1177353
B71: Ni salts | C71: kg/kg cell | I71: =SUMIF($D$9:$D$17,$B71,I$9:I$17)+SUMIF($D$81:$D$102,$B71,I$81:I$102) -> 0 | J71: =SUMIF($D$9:$D$17,$B71,J$9:J$17)+SUMIF($D$81:$D$102,$B71,J$81:J$102) -> 0.26031698 | K71: =SUMIF($D$9:$D$17,$B71,K$9:K$17)+SUMIF($D$81:$D$102,$B71,K$81:K$102) -> 0.38813452 | L71: =SUMIF($D$9:$D$17,$B71,L$9:L$17)+SUMIF($D$81:$D$102,$B71,L$81:L$102) -> 0.44726626 | M71: =SUMIF($D$9:$D$17,$B71,M$9:M$17)+SUMIF($D$81:$D$102,$B71,M$81:M$102) -> 0.56665122 | N71: =SUMIF($D$9:$D$17,$B71,N$9:N$17)+SUMIF($D$81:$D$102,$B71,N$81:N$102) -> 0.6492035 | O71: =SUMIF($D$9:$D$17,$B71,O$9:O$17)+SUMIF($D$81:$D$102,$B71,O$81:O$102) -> 0.59045762 | P71: =SUMIF($D$9:$D$17,$B71,P$9:P$17)+SUMIF($D$81:$D$102,$B71,P$81:P$102) -> 0 | ... U71: =SUMIF($D$9:$D$17,$B71,U$9:U$17)+SUMIF($D$81:$D$102,$B71,U$81:U$102) -> 0.94042388
B72: Mn salts | C72: kg/kg cell | I72: =SUMIF($D$9:$D$17,$B72,I$9:I$17)+SUMIF($D$81:$D$102,$B72,I$81:I$102) -> 0 | J72: =SUMIF($D$9:$D$17,$B72,J$9:J$17)+SUMIF($D$81:$D$102,$B72,J$81:J$102) -> 0.25400881 | K72: =SUMIF($D$9:$D$17,$B72,K$9:K$17)+SUMIF($D$81:$D$102,$B72,K$81:K$102) -> 0.22095769 | L72: =SUMIF($D$9:$D$17,$B72,L$9:L$17)+SUMIF($D$81:$D$102,$B72,L$81:L$102) -> 0.14547594 | M72: =SUMIF($D$9:$D$17,$B72,M$9:M$17)+SUMIF($D$81:$D$102,$B72,M$81:M$102) -> 0.069114972 | N72: =SUMIF($D$9:$D$17,$B72,N$9:N$17)+SUMIF($D$81:$D$102,$B72,N$81:N$102) -> 0.016772113 | O72: =SUMIF($D$9:$D$17,$B72,O$9:O$17)+SUMIF($D$81:$D$102,$B72,O$81:O$102) -> 0 | P72: =SUMIF($D$9:$D$17,$B72,P$9:P$17)+SUMIF($D$81:$D$102,$B72,P$81:P$102) -> 0 | ... U72: =SUMIF($D$9:$D$17,$B72,U$9:U$17)+SUMIF($D$81:$D$102,$B72,U$81:U$102) -> 0.11470437
B73: Li salts | C73: kg/kg cell | I73: =SUMIF($D$9:$D$17,$B73,I$9:I$17)+SUMIF($D$81:$D$102,$B73,I$81:I$102) -> 0.10652098 | J73: =SUMIF($D$9:$D$17,$B73,J$9:J$17)+SUMIF($D$81:$D$102,$B73,J$81:J$102) -> 0.17693445 | K73: =SUMIF($D$9:$D$17,$B73,K$9:K$17)+SUMIF($D$81:$D$102,$B73,K$81:K$102) -> 0.17030872 | L73: =SUMIF($D$9:$D$17,$B73,L$9:L$17)+SUMIF($D$81:$D$102,$B73,L$81:L$102) -> 0.16893368 | M73: =SUMIF($D$9:$D$17,$B73,M$9:M$17)+SUMIF($D$81:$D$102,$B73,M$81:M$102) -> 0.10407845 | N73: =SUMIF($D$9:$D$17,$B73,N$9:N$17)+SUMIF($D$81:$D$102,$B73,N$81:N$102) -> 0.10063268 | O73: =SUMIF($D$9:$D$17,$B73,O$9:O$17)+SUMIF($D$81:$D$102,$B73,O$81:O$102) -> 0.10854 | P73: =SUMIF($D$9:$D$17,$B73,P$9:P$17)+SUMIF($D$81:$D$102,$B73,P$81:P$102) -> 0.1041033 | ... U73: =SUMIF($D$9:$D$17,$B73,U$9:U$17)+SUMIF($D$81:$D$102,$B73,U$81:U$102) -> 0.17273035
B74: Other metals and metal salts | C74: kg/kg cell | I74: =SUMIF($D$9:$D$17,$B74,I$9:I$17)+SUMIF($D$81:$D$102,$B74,I$81:I$102) -> 0 | J74: =SUMIF($D$9:$D$17,$B74,J$9:J$17)+SUMIF($D$81:$D$102,$B74,J$81:J$102) -> 0 | K74: =SUMIF($D$9:$D$17,$B74,K$9:K$17)+SUMIF($D$81:$D$102,$B74,K$81:K$102) -> 0 | L74: =SUMIF($D$9:$D$17,$B74,L$9:L$17)+SUMIF($D$81:$D$102,$B74,L$81:L$102) -> 0 | M74: =SUMIF($D$9:$D$17,$B74,M$9:M$17)+SUMIF($D$81:$D$102,$B74,M$81:M$102) -> 0 | N74: =SUMIF($D$9:$D$17,$B74,N$9:N$17)+SUMIF($D$81:$D$102,$B74,N$81:N$102) -> 0 | O74: =SUMIF($D$9:$D$17,$B74,O$9:O$17)+SUMIF($D$81:$D$102,$B74,O$81:O$102) -> 0 | P74: =SUMIF($D$9:$D$17,$B74,P$9:P$17)+SUMIF($D$81:$D$102,$B74,P$81:P$102) -> 0 | ... U74: =SUMIF($D$9:$D$17,$B74,U$9:U$17)+SUMIF($D$81:$D$102,$B74,U$81:U$102) -> 0
B75: Other materials | C75: kg/kg cell | I75: =SUMIF($D$9:$D$17,$B75,I$9:I$17)+SUMIF($D$81:$D$102,$B75,I$81:I$102) -> 0.75797706 | J75: =SUMIF($D$9:$D$17,$B75,J$9:J$17)+SUMIF($D$81:$D$102,$B75,J$81:J$102) -> 0.60744459 | K75: =SUMIF($D$9:$D$17,$B75,K$9:K$17)+SUMIF($D$81:$D$102,$B75,K$81:K$102) -> 0.59273088 | L75: =SUMIF($D$9:$D$17,$B75,L$9:L$17)+SUMIF($D$81:$D$102,$B75,L$81:L$102) -> 0.58896946 | M75: =SUMIF($D$9:$D$17,$B75,M$9:M$17)+SUMIF($D$81:$D$102,$B75,M$81:M$102) -> 0.5688978 | N75: =SUMIF($D$9:$D$17,$B75,N$9:N$17)+SUMIF($D$81:$D$102,$B75,N$81:N$102) -> 0.55551736 | O75: =SUMIF($D$9:$D$17,$B75,O$9:O$17)+SUMIF($D$81:$D$102,$B75,O$81:O$102) -> 0.7383303 | P75: =SUMIF($D$9:$D$17,$B75,P$9:P$17)+SUMIF($D$81:$D$102,$B75,P$81:P$102) -> 0.58743995 | ... U75: =SUMIF($D$9:$D$17,$B75,U$9:U$17)+SUMIF($D$81:$D$102,$B75,U$81:U$102) -> 0.83518122
B77: TOTAL MATERIAL INPUT | I77: =SUM(I66:I75) -> 1.2581184 | J77: =SUM(J66:J75) -> 1.9612504 | K77: =SUM(K66:K75) -> 1.9448551 | L77: =SUM(L66:L75) -> 1.919889 | M77: =SUM(M66:M75) -> 1.8192684 | N77: =SUM(N66:N75) -> 1.7919978 | O77: =SUM(O66:O75) -> 1.9798992 | P77: =SUM(P66:P75) -> 1.0430321 | ... U77: =SUM(U66:U75) -> 2.3596715
B79: CAM details, per kg cell (for final composition)
B80: cell composition - % weight | C80: Unit | D80: Input/output | G80: GWP | I80: LFP (Solid State) | J80: NMC111 | K80: NMC532 | L80: NMC622 | M80: NMC811 | N80: NMC955 | O80: NCA | P80: LMO | Q80: LFP (Hydrothermal) | R80: LMFP | S80: Na-ion Tiamat | T80: LFP - LiM BS | U80: NMC811 - LiM BS
A81: 2 | B81: Acid tannic./ citric | C81: kg/kg cell | D81: Other materials | G81: =_xlfn.XLOOKUP($B$4,'Cell & CAM'!$I$7:$U$7,'Cell & CAM'!$I$8:$U$8)*G29 -> 0 | I81: =I$8*OFFSET($I29,0,I$103-1) -> 0 | J81: =J$8*OFFSET($I29,0,J$103-1) -> 0 | K81: =K$8*OFFSET($I29,0,K$103-1) -> 0 | L81: =L$8*OFFSET($I29,0,L$103-1) -> 0 | M81: =M$8*OFFSET($I29,0,M$103-1) -> 0 | N81: =N$8*OFFSET($I29,0,N$103-1) -> 0 | O81: =O$8*OFFSET($I29,0,O$103-1) -> 0 | P81: =P$8*OFFSET($I29,0,P$103-1) -> 0 | ... U81: =U$8*OFFSET($I29,0,U$103-1) -> 0
A82: 3 | B82: Ammonia (NH3) | C82: kg/kg cell | D82: Other materials | G82: =_xlfn.XLOOKUP($B$4,'Cell & CAM'!$I$7:$U$7,'Cell & CAM'!$I$8:$U$8)*G30 -> 0 | I82: =I$8*OFFSET($I30,0,I$103-1) -> 0 | J82: =J$8*OFFSET($I30,0,J$103-1) -> 0 | K82: =K$8*OFFSET($I30,0,K$103-1) -> 0 | L82: =L$8*OFFSET($I30,0,L$103-1) -> 0 | M82: =M$8*OFFSET($I30,0,M$103-1) -> 0 | N82: =N$8*OFFSET($I30,0,N$103-1) -> 0 | O82: =O$8*OFFSET($I30,0,O$103-1) -> 0.16063921 | P82: =P$8*OFFSET($I30,0,P$103-1) -> 0 | ... U82: =U$8*OFFSET($I30,0,U$103-1) -> 0
A83: 4 | B83: Nickel Sulfate (NiSO4) | C83: kg/kg cell | D83: Ni salts | G83: =_xlfn.XLOOKUP($B$4,'Cell & CAM'!$I$7:$U$7,'Cell & CAM'!$I$8:$U$8)*G31 -> 0 | I83: =I$8*OFFSET($I31,0,I$103-1) -> 0 | J83: =J$8*OFFSET($I31,0,J$103-1) -> 0.26031698 | K83: =K$8*OFFSET($I31,0,K$103-1) -> 0.38813452 | L83: =L$8*OFFSET($I31,0,L$103-1) -> 0.44726626 | M83: =M$8*OFFSET($I31,0,M$103-1) -> 0.56665122 | N83: =N$8*OFFSET($I31,0,N$103-1) -> 0.6492035 | O83: =O$8*OFFSET($I31,0,O$103-1) -> 0.59045762 | P83: =P$8*OFFSET($I31,0,P$103-1) -> 0 | ... U83: =U$8*OFFSET($I31,0,U$103-1) -> 0.94042388
A84: 5 | B84: Cobalt Sulfate (CoSO4) | C84: kg/kg cell | D84: Co salt | G84: =_xlfn.XLOOKUP($B$4,'Cell & CAM'!$I$7:$U$7,'Cell & CAM'!$I$8:$U$8)*G32 -> 0 | I84: =I$8*OFFSET($I32,0,I$103-1) -> 0 | J84: =J$8*OFFSET($I32,0,J$103-1) -> 0.2607207 | K84: =K$8*OFFSET($I32,0,K$103-1) -> 0.15648622 | L84: =L$8*OFFSET($I32,0,L$103-1) -> 0.14931997 | M84: =M$8*OFFSET($I32,0,M$103-1) -> 0.070941255 | N84: =N$8*OFFSET($I32,0,N$103-1) -> 0.017181189 | O84: =O$8*OFFSET($I32,0,O$103-1) -> 0.1128816 | P84: =P$8*OFFSET($I32,0,P$103-1) -> 0 | ... U84: =U$8*OFFSET($I32,0,U$103-1) -> 0.1177353
A85: 6 | B85: Manganese Sulfate (MnSO4) | C85: kg/kg cell | D85: Mn salts | G85: =_xlfn.XLOOKUP($B$4,'Cell & CAM'!$I$7:$U$7,'Cell & CAM'!$I$8:$U$8)*G33 -> 0 | I85: =I$8*OFFSET($I33,0,I$103-1) -> 0 | J85: =J$8*OFFSET($I33,0,J$103-1) -> 0.25400881 | K85: =K$8*OFFSET($I33,0,K$103-1) -> 0.22095769 | L85: =L$8*OFFSET($I33,0,L$103-1) -> 0.14547594 | M85: =M$8*OFFSET($I33,0,M$103-1) -> 0.069114972 | N85: =N$8*OFFSET($I33,0,N$103-1) -> 0.016772113 | O85: =O$8*OFFSET($I33,0,O$103-1) -> 0 | P85: =P$8*OFFSET($I33,0,P$103-1) -> 0 | ... U85: =U$8*OFFSET($I33,0,U$103-1) -> 0.11470437
A86: 7 | B86: Sodium Hydroxide (NaOH) | C86: kg/kg cell | D86: Other materials | G86: =_xlfn.XLOOKUP($B$4,'Cell & CAM'!$I$7:$U$7,'Cell & CAM'!$I$8:$U$8)*G34 -> 0 | I86: =I$8*OFFSET($I34,0,I$103-1) -> 0 | J86: =J$8*OFFSET($I34,0,J$103-1) -> 0.4109297 | K86: =K$8*OFFSET($I34,0,K$103-1) -> 0.39756304 | L86: =L$8*OFFSET($I34,0,L$103-1) -> 0.39425149 | M86: =M$8*OFFSET($I34,0,M$103-1) -> 0.37604337 | N86: =N$8*OFFSET($I34,0,N$103-1) -> 0.36388777 | O86: =O$8*OFFSET($I34,0,O$103-1) -> 0.38206082 | P86: =P$8*OFFSET($I34,0,P$103-1) -> 0 | ... U86: =U$8*OFFSET($I34,0,U$103-1) -> 0.62408789
A87: 8 | B87: Ammonium Hydroxide (NH4OH) | C87: kg/kg cell | D87: Other materials | G87: =_xlfn.XLOOKUP($B$4,'Cell & CAM'!$I$7:$U$7,'Cell & CAM'!$I$8:$U$8)*G35 -> 0 | I87: =I$8*OFFSET($I35,0,I$103-1) -> 0 | J87: =J$8*OFFSET($I35,0,J$103-1) -> 0.057065598 | K87: =K$8*OFFSET($I35,0,K$103-1) -> 0.055209377 | L87: =L$8*OFFSET($I35,0,L$103-1) -> 0.054749504 | M87: =M$8*OFFSET($I35,0,M$103-1) -> 0.052220952 | N87: =N$8*OFFSET($I35,0,N$103-1) -> 0.050532909 | O87: =O$8*OFFSET($I35,0,O$103-1) -> 0 | P87: =P$8*OFFSET($I35,0,P$103-1) -> 0 | ... U87: =U$8*OFFSET($I35,0,U$103-1) -> 0.086666768
A88: 9 | B88: Hydrochloric Acid (HCl) | C88: kg/kg cell | D88: Other materials | G88: =_xlfn.XLOOKUP($B$4,'Cell & CAM'!$I$7:$U$7,'Cell & CAM'!$I$8:$U$8)*G36 -> 0 | I88: =I$8*OFFSET($I36,0,I$103-1) -> 0 | J88: =J$8*OFFSET($I36,0,J$103-1) -> 0 | K88: =K$8*OFFSET($I36,0,K$103-1) -> 0 | L88: =L$8*OFFSET($I36,0,L$103-1) -> 0 | M88: =M$8*OFFSET($I36,0,M$103-1) -> 0 | N88: =N$8*OFFSET($I36,0,N$103-1) -> 0 | O88: =O$8*OFFSET($I36,0,O$103-1) -> 0 | P88: =P$8*OFFSET($I36,0,P$103-1) -> 0 | ... U88: =U$8*OFFSET($I36,0,U$103-1) -> 0
A89: 10 | B89: Aluminum sulfate (Al2(SO4)3) | C89: kg/kg cell | D89: Other materials | G89: =_xlfn.XLOOKUP($B$4,'Cell & CAM'!$I$7:$U$7,'Cell & CAM'!$I$8:$U$8)*G37 -> 0 | I89: =I$8*OFFSET($I37,0,I$103-1) -> 0 | J89: =J$8*OFFSET($I37,0,J$103-1) -> 0 | K89: =K$8*OFFSET($I37,0,K$103-1) -> 0 | L89: =L$8*OFFSET($I37,0,L$103-1) -> 0 | M89: =M$8*OFFSET($I37,0,M$103-1) -> 0 | N89: =N$8*OFFSET($I37,0,N$103-1) -> 0 | O89: =O$8*OFFSET($I37,0,O$103-1) -> 0.039074402 | P89: =P$8*OFFSET($I37,0,P$103-1) -> 0 | ... U89: =U$8*OFFSET($I37,0,U$103-1) -> 0
A90: 11 | B90: V2O5 | C90: kg/kg cell | D90: Other materials | G90: =_xlfn.XLOOKUP($B$4,'Cell & CAM'!$I$7:$U$7,'Cell & CAM'!$I$8:$U$8)*G38 -> 0 | I90: =I$8*OFFSET($I38,0,I$103-1) -> 0 | J90: =J$8*OFFSET($I38,0,J$103-1) -> 0 | K90: =K$8*OFFSET($I38,0,K$103-1) -> 0 | L90: =L$8*OFFSET($I38,0,L$103-1) -> 0 | M90: =M$8*OFFSET($I38,0,M$103-1) -> 0 | N90: =N$8*OFFSET($I38,0,N$103-1) -> 0 | O90: =O$8*OFFSET($I38,0,O$103-1) -> 0 | P90: =P$8*OFFSET($I38,0,P$103-1) -> 0 | ... U90: =U$8*OFFSET($I38,0,U$103-1) -> 0
A91: 12 | B91: Soda ash (Na2CO3) | C91: kg/kg cell | D91: Other materials | G91: =_xlfn.XLOOKUP($B$4,'Cell & CAM'!$I$7:$U$7,'Cell & CAM'!$I$8:$U$8)*G39 -> 0 | I91: =I$8*OFFSET($I39,0,I$103-1) -> 0 | J91: =J$8*OFFSET($I39,0,J$103-1) -> 0 | K91: =K$8*OFFSET($I39,0,K$103-1) -> 0 | L91: =L$8*OFFSET($I39,0,L$103-1) -> 0 | M91: =M$8*OFFSET($I39,0,M$103-1) -> 0 | N91: =N$8*OFFSET($I39,0,N$103-1) -> 0 | O91: =O$8*OFFSET($I39,0,O$103-1) -> 0 | P91: =P$8*OFFSET($I39,0,P$103-1) -> 0 | ... U91: =U$8*OFFSET($I39,0,U$103-1) -> 0
A92: 13 | B92: NaF | C92: kg/kg cell | D92: Other materials | G92: =_xlfn.XLOOKUP($B$4,'Cell & CAM'!$I$7:$U$7,'Cell & CAM'!$I$8:$U$8)*G40 -> 0 | I92: =I$8*OFFSET($I40,0,I$103-1) -> 0 | J92: =J$8*OFFSET($I40,0,J$103-1) -> 0 | K92: =K$8*OFFSET($I40,0,K$103-1) -> 0 | L92: =L$8*OFFSET($I40,0,L$103-1) -> 0 | M92: =M$8*OFFSET($I40,0,M$103-1) -> 0 | N92: =N$8*OFFSET($I40,0,N$103-1) -> 0 | O92: =O$8*OFFSET($I40,0,O$103-1) -> 0 | P92: =P$8*OFFSET($I40,0,P$103-1) -> 0 | ... U92: =U$8*OFFSET($I40,0,U$103-1) -> 0
... A101: 22 | B101: NMP | C101: kg/kg cell | D101: Other materials | G101: =_xlfn.XLOOKUP($B$4,'Cell & CAM'!$I$7:$U$7,'Cell & CAM'!$I$8:$U$8)*G49 -> 0 | I101: =I$8*OFFSET($I49,0,I$103-1) -> 0.0031839178 | J101: =J$8*OFFSET($I49,0,J$103-1) -> 0.0032337172 | K101: =K$8*OFFSET($I49,0,K$103-1) -> 0.0031285314 | L101: =L$8*OFFSET($I49,0,L$103-1) -> 0.0031024719 | M101: =M$8*OFFSET($I49,0,M$103-1) -> 0.0029591873 | N101: =N$8*OFFSET($I49,0,N$103-1) -> 0.0028635315 | O101: =O$8*OFFSET($I49,0,O$103-1) -> 0.0030391201 | P101: =P$8*OFFSET($I49,0,P$103-1) -> 0.0035662511 | ... U101: =U$8*OFFSET($I49,0,U$103-1) -> 0.0049111168
A102: 23 | B102: Mn2O3 | C102: kg/kg cell | D102: Other materials | E102: Mn salts | G102: =_xlfn.XLOOKUP($B$4,'Cell & CAM'!$I$7:$U$7,'Cell & CAM'!$I$8:$U$8)*G50 -> 0 | I102: =I$8*OFFSET($I50,0,I$103-1) -> 0 | J102: =J$8*OFFSET($I50,0,J$103-1) -> 0 | K102: =K$8*OFFSET($I50,0,K$103-1) -> 0 | L102: =L$8*OFFSET($I50,0,L$103-1) -> 0 | M102: =M$8*OFFSET($I50,0,M$103-1) -> 0 | N102: =N$8*OFFSET($I50,0,N$103-1) -> 0 | O102: =O$8*OFFSET($I50,0,O$103-1) -> 0 | P102: =P$8*OFFSET($I50,0,P$103-1) -> 0.444827 | ... U102: =U$8*OFFSET($I50,0,U$103-1) -> 0
B103: Ref GREET | I103: 4 | J103: 2 | K103: 8 | L103: 5 | M103: 6 | N103: 9 | O103: 7 | P103: 1 | Q103: 3 | R103: 4 | S103: 11 | T103: 4 | U103: 6

Sheet <1kWh battery
B2: Batteries with cells assembling without module
B4: Capaciy (Wh) | C4: 500
B5: Your battery Weight (kg) : | D5: let empty if unknown
B6: Casing material | C6: Aluminium
B7: Cell type | C7: NMC622
B9: Battery BOM | C9: Amount (kg) | D9: ECS (Pts) | E9: Modelling
B10: Cells | C10: =$C$4/_xlfn.XLOOKUP($C$7,'GREET input data'!$C$11:$J$11,'GREET input data'!$C$12:$J$12) -> 1.5859981 | D10: =C10*_xlfn.XLOOKUP($E10,'Background data'!$D:$D,'Background data'!J:J) -> 7102.0995 | E10: Cells, LFP Hydro, CN, Ecobalyse
B11: BMS | C11: 0.05 | D11: =C11*_xlfn.XLOOKUP($E11,'Background data'!$D:$D,'Background data'!J:J) -> 727.187 | E11: Electronics
B12: Total excluding Cells and BMS | C12: =IF(ISBLANK($C$5),$C$4/_xlfn.XLOOKUP($C$6,$C$23:$D$23,$C$32:$D$32),C5-C10-C11) -> 1.1111111 | D12: =SUM(D13:D19) -> 1545.3206
B13: Aluminium | C13: =C$12*_xlfn.XLOOKUP($C$6,$C$23:$D$23,$C24:$D24) -> 0.66666667 | D13: =C13*_xlfn.XLOOKUP($E13,'Background data'!$D:$D,'Background data'!J:J) -> 1002.0175 | E13: Aluminium, market mix, CN, Ecobalyse
B14: PC | C14: =C$12*_xlfn.XLOOKUP($C$6,$C$23:$D$23,$C25:$D25) -> 0.27777778 | D14: =C14*_xlfn.XLOOKUP($E14,'Background data'!$D:$D,'Background data'!J:J) -> 352.1316 | E14: Plastique rigide (PC)
B15: ABS | C15: =C$12*_xlfn.XLOOKUP($C$6,$C$23:$D$23,$C26:$D26) -> 0 | D15: =C15*_xlfn.XLOOKUP($E15,'Background data'!$D:$D,'Background data'!J:J) -> 0 | E15: Plastique rigide (ABS)
B16: PA | C16: =C$12*_xlfn.XLOOKUP($C$6,$C$23:$D$23,$C27:$D27) -> 0.11111111 | D16: =C16*_xlfn.XLOOKUP($E16,'Background data'!$D:$D,'Background data'!J:J) -> 21.842421 | E16: Plastique granulé (divers)
B17: Inox | C17: =C$12*_xlfn.XLOOKUP($C$6,$C$23:$D$23,$C28:$D28) -> 0.022222222 | D17: =C17*_xlfn.XLOOKUP($E17,'Background data'!$D:$D,'Background data'!J:J) -> 10.451698 | E17: Chromium steel
B18: Copper (Cables) | C18: =C$12*_xlfn.XLOOKUP($C$6,$C$23:$D$23,$C29:$D29) -> 0.016666667 | D18: =C18*_xlfn.XLOOKUP($E18,'Background data'!$D:$D,'Background data'!J:J) -> 155.41667 | E18: Copper
B19: PVC (Cables) | C19: =C18 -> 0.016666667 | D19: =C19*_xlfn.XLOOKUP($E19,'Background data'!$D:$D,'Background data'!J:J) -> 3.4607284 | E19: Plastique granulé (PVC)
B20: Total Battery weight | C20: =SUM(C10:C12) -> 2.7471092 | D20: =SUM(D10:D12) -> 9374.6072
B22: Data used for calculation :
B23: Pack composition | C23: Aluminium | D23: Plastic
B24: Aluminium | C24: 0.6 | D24: 0.15
B25: PC | C25: 0.25 | D25: 0.45
B26: ABS | D26: 0.15
B27: PA | C27: 0.1 | D27: 0.12
B28: Inox | C28: 0.02 | D28: 0.07
B29: Copper (Cables) | C29: 0.015 | D29: 0.03
B30: PVC (Cables) | C30: 0.015 | D30: 0.03
B31: Total | C31: =SUM(C24:C30) -> 1 | D31: =SUM(D24:D30) -> 1
B32: Specific capacity of casing (Wh/kg) | C32: 450 | D32: 550
B33: Data are estimated based on the following study (see extracted data below):
B34: Batteries in motion: A life cycle assessment and critical resource use analysis of micromobility vehicles with primary Li-ion battery data
B35: https://doi.org/10.1016/j.est.2025.116965
C36: e-bike | D36: e-cargobike | E36: e-scooter | G36: e-bike | H36: e-cargobike | I36: e-scooter
B37: Battery weight (kg) | C37: 2.9854 | D37: 3.26 | E37: 2.8539
B38: Battery capacity (Wh) | C38: 500 | D38: 540 | E38: 360
B39: Specific capacity (Wh/kg) | C39: =C38/C37 -> 167.48174 | D39: =D38/D37 -> 165.64417 | E39: =E38/E37 -> 126.14317
B40: Specific capacity of cells (Wh/kg) | C40: =C38*1000/C60 -> 254.42703 | D40: =D38*1000/D60 -> 238.93805 | E40: =E38*1000/E60 -> 192.71949
B41: Specific capacity of casing (Wh/kg) | C41: =C38*1000/C62 -> 501.90725 | D41: =D38*1000/D62 -> 553.27869 | E41: =E38*1000/E62 -> 394.04553
B42: Weight per cell | C42: 49.13 | D42: 45.2 | E42: 46.7
B43: nb cell | C43: 40 | D43: 50 | E43: 40
B44: Battery composition
B45: Aluminium | C45: 520.2 | D45: 112.8 | E45: 666.2 | G45: =C45/C$61 -> 0.17424801 | H45: =D45/D$61 -> 0.034605473 | I45: =E45/E$61 -> 0.23476759
B46: PC | C46: 111.7 | D46: 316.33 | E46: 144.6 | G46: =C46/C$61 -> 0.037415422 | H46: =D46/D$61 -> 0.09704565 | I46: =E46/E$61 -> 0.050956761
B47: ABS | D47: 135.57 | E47: 0 | G47: =C47/C$61 -> 0 | H47: =D47/D$61 -> 0.041590993 | I47: =E47/E$61 -> 0
B48: Plastique renforcé fibre de verre | D48: 3.5 | E48: 0 | G48: =C48/C$61 -> 0 | H48: =D48/D$61 -> 0.0010737514 | I48: =E48/E$61 -> 0
B49: Silicone | C49: 32.9 | D49: 1 | E49: 0 | G49: =C49/C$61 -> 0.011020299 | H49: =D49/D$61 -> 0.00030678611 | I49: =E49/E$61 -> 0
B50: PUR | C50: 7.4 | D50: 0 | E50: 2 | G50: =C50/C$61 -> 0.0024787298 | H50: =D50/D$61 -> 0 | I50: =E50/E$61 -> 0.00070479614
B51: PA | C51: 94.2 | D51: 105.3 | E51: 0 | G51: =C51/C$61 -> 0.031553561 | H51: =D51/D$61 -> 0.032304577 | I51: =E51/E$61 -> 0
B52: Inox | C52: 17.4 | D52: 65.2 | E52: 8.7 | G52: =C52/C$61 -> 0.0058283647 | H52: =D52/D$61 -> 0.020002454 | I52: =E52/E$61 -> 0.0030658632
B53: Cable | C53: 20 | D53: 81.2 | E53: 3.2 | G53: =C53/C$61 -> 0.0066992698 | H53: =D53/D$61 -> 0.024911032 | I53: =E53/E$61 -> 0.0011276738
B54: PWB | D54: 2.8 | E54: 0 | G54: =C54/C$61 -> 0 | H54: =D54/D$61 -> 0.0008590011 | I54: =E54/E$61 -> 0
B55: Paper | D55: 27.6 | E55: 3.8 | G55: =C55/C$61 -> 0 | H55: =D55/D$61 -> 0.0084672966 | I55: =E55/E$61 -> 0.0013391127
B56: BMS | C56: 24 | D56: 23.6 | E56: 56.1 | G56: =C56/C$61 -> 0.0080391237 | H56: =D56/D$61 -> 0.0072401522 | I56: =E56/E$61 -> 0.019769532
B57: battery pack | C57: 2157.6 | D57: 2384.7 | E57: =SUM(E58:E60) -> 1953.1 | G57: =C57/C$61 -> 0.72271722 | H57: =D57/D$61 -> 0.73159283 | I57: =E57/E$61 -> 0.68826867
B58: PC (cells pack) | C58: =80%*($C$57-$C$60) -> 153.92 | D58: 103.6 | E58: 67.9 | G58: =C58/C$61 -> 0.05155758 | H58: =D58/D$61 -> 0.031783041 | I58: =E58/E$61 -> 0.023927829
B59: Aluminium (cells pack) | C59: =20%*($C$57-$C$60) -> 38.48 | D59: 21.1 | E59: 17.2 | G59: =C59/C$61 -> 0.012889395 | H59: =D59/D$61 -> 0.0064731869 | I59: =E59/E$61 -> 0.0060612468
B60: Cells | C60: =C42*C43 -> 1965.2 | D60: =D42*D43 -> 2260 | E60: =E42*E43 -> 1868 | G60: =C60/C$61 -> 0.65827025 | H60: =D60/D$61 -> 0.69333661 | I60: =E60/E$61 -> 0.65827959
B61: Total | C61: =SUM(C45:C57) -> 2985.4 | D61: =SUM(D45:D57) -> 3259.6 | E61: =SUM(E45:E57) -> 2837.7 | G61: =C61/C$61 -> 1 | H61: =D61/D$61 -> 1 | I61: =E61/E$61 -> 1
B62: Total, excluding cells and BMS | C62: =C61-C60-C56 -> 996.2 | D62: =D61-D60-D56 -> 976 | E62: =E61-E60-E56 -> 913.6 | G62: =C62/C$61 -> 0.33369063 | H62: =D62/D$61 -> 0.29942324 | I62: =E62/E$61 -> 0.32195088
B63: Cell composition : NMC622 for the 3 batteries

Sheet cell recycling
A1: Scénario de recyclage | B1: Reglement batterie obj. 2027
A3: LFP cell | B3: Qtty for 1kg | C3: % recovered EoL | D3: Qtty recovered EoL | E3: A | F3: Q | G3: Qtty process | H3: Process selected | I3: Erec CO2 | J3: Erec CE | K3: Ev CO2 | L3: Ev CE | M3: crédit CO2 | N3: crédit CE
A4: Graphite / hard carbon (cell) | B4: ='Cell & CAM'!K66 -> 0.27500378 | C4: =B43 -> 0 | D4: =B4*C4 -> 0 | E4: 0.2 | F4: 0.8 | G4: =$D4*(1-$E4) -> 0 | H4: Graphite, Acheson, EI | K4: =_xlfn.XLOOKUP($H4,'Background data'!$D$1:$D$124,'Background data'!H$1:H$124) -> 0 | L4: =_xlfn.XLOOKUP($H4,'Background data'!$D$1:$D$124,'Background data'!J$1:J$124) -> 0 | M4: =$D4*(1-$E4)*(I4-$F4*K4) -> 0 | N4: =$D4*(1-$E4)*(J4-$F4*L4) -> 0
A5: Al | B5: ='Cell & CAM'!K67 -> 0.021387998 | C5: =B44 -> 0 | D5: =B5*C5 -> 0 | E5: 0.2 | F5: 1 | G5: =$D5*(1-$E5) -> 0 | H5: Aluminium, virgin, RER, Ecobalyse | K5: =_xlfn.XLOOKUP($H5,'Background data'!$D$1:$D$124,'Background data'!H$1:H$124) -> 767 | L5: =_xlfn.XLOOKUP($H5,'Background data'!$D$1:$D$124,'Background data'!J$1:J$124) -> 767 | M5: =$D5*(1-$E5)*(I5-$F5*K5) -> 0 | N5: =$D5*(1-$E5)*(J5-$F5*L5) -> 0
A6: Cu | B6: ='Cell & CAM'!K68 -> 0.11984524 | C6: =B45 -> 0.9 | D6: =B6*C6 -> 0.10786071 | E6: 0.2 | F6: 1 | G6: =$D6*(1-$E6) -> 0.086288571 | H6: Copper | K6: =_xlfn.XLOOKUP($H6,'Background data'!$D$1:$D$124,'Background data'!H$1:H$124) -> 9325 | L6: =_xlfn.XLOOKUP($H6,'Background data'!$D$1:$D$124,'Background data'!J$1:J$124) -> 9325 | M6: =$D6*(1-$E6)*(I6-$F6*K6) -> -804.64092 | N6: =$D6*(1-$E6)*(J6-$F6*L6) -> -804.64092
A7: Fe | B7: ='Cell & CAM'!K69 -> 0 | C7: =B46 -> 0 | D7: =B7*C7 -> 0 | E7: 0.2 | F7: 1 | G7: =$D7*(1-$E7) -> 0 | H7: Steel, virgin | K7: =_xlfn.XLOOKUP($H7,'Background data'!$D$1:$D$124,'Background data'!H$1:H$124) -> 111 | L7: =_xlfn.XLOOKUP($H7,'Background data'!$D$1:$D$124,'Background data'!J$1:J$124) -> 111 | M7: =$D7*(1-$E7)*(I7-$F7*K7) -> 0 | N7: =$D7*(1-$E7)*(J7-$F7*L7) -> 0
A8: Co (cell) salt | B8: ='Cell & CAM'!K70 -> 0.15648622 | C8: =B47 -> 0.9 | D8: =B8*C8 -> 0.1408376 | E8: 0.2 | F8: 0.8 | G8: =$D8*(1-$E8) -> 0.11267008 | H8: Cobalt Sulfate (CoSO4), CN | K8: =_xlfn.XLOOKUP($H8,'Background data'!$D$1:$D$124,'Background data'!H$1:H$124) -> 0 | L8: =_xlfn.XLOOKUP($H8,'Background data'!$D$1:$D$124,'Background data'!J$1:J$124) -> 0 | M8: =$D8*(1-$E8)*(I8-$F8*K8) -> 0 | N8: =$D8*(1-$E8)*(J8-$F8*L8) -> 0
A9: Ni salts (cell) | B9: ='Cell & CAM'!K71 -> 0.38813452 | C9: =B48 -> 0.9 | D9: =B9*C9 -> 0.34932107 | E9: 0.2 | F9: 0.8 | G9: =$D9*(1-$E9) -> 0.27945686 | H9: Nickel Sulfate (NiSO4), GLO | K9: =_xlfn.XLOOKUP($H9,'Background data'!$D$1:$D$124,'Background data'!H$1:H$124) -> 0 | L9: =_xlfn.XLOOKUP($H9,'Background data'!$D$1:$D$124,'Background data'!J$1:J$124) -> 0 | M9: =$D9*(1-$E9)*(I9-$F9*K9) -> 0 | N9: =$D9*(1-$E9)*(J9-$F9*L9) -> 0
A10: Mn (cell) salts | B10: ='Cell & CAM'!K72 -> 0.22095769 | C10: =B49 -> 0 | D10: =B10*C10 -> 0 | E10: 0.2 | F10: 0.8 | G10: =$D10*(1-$E10) -> 0 | H10: Manganese Dioxide (MnO2) | K10: =_xlfn.XLOOKUP($H10,'Background data'!$D$1:$D$124,'Background data'!H$1:H$124) -> 0 | L10: =_xlfn.XLOOKUP($H10,'Background data'!$D$1:$D$124,'Background data'!J$1:J$124) -> 0 | M10: =$D10*(1-$E10)*(I10-$F10*K10) -> 0 | N10: =$D10*(1-$E10)*(J10-$F10*L10) -> 0
A11: Li salts (cell) | B11: ='Cell & CAM'!K73 -> 0.17030872 | C11: =B50 -> 0.5 | D11: =B11*C11 -> 0.085154361 | E11: 0.2 | F11: 0.8 | G11: =$D11*(1-$E11) -> 0.068123489 | H11: Lithium Carbonate (Li2CO3), GLO | K11: =_xlfn.XLOOKUP($H11,'Background data'!$D$1:$D$124,'Background data'!H$1:H$124) -> 0 | L11: =_xlfn.XLOOKUP($H11,'Background data'!$D$1:$D$124,'Background data'!J$1:J$124) -> 0 | M11: =$D11*(1-$E11)*(I11-$F11*K11) -> 0 | N11: =$D11*(1-$E11)*(J11-$F11*L11) -> 0
A12: Other metals and metal salts | B12: ='Cell & CAM'!K74 -> 0 | C12: =B51 -> 0 | D12: =B12*C12 -> 0 | E12: 0.2 | F12: 0.8 | G12: =$D12*(1-$E12) -> 0 | H12: Other metals and metal salts | K12: 0 | M12: =$D12*(1-$E12)*(I12-$F12*K12) -> 0 | N12: =$D12*(1-$E12)*(J12-$F12*L12) -> 0
A13: Other materials (cell) | B13: ='Cell & CAM'!K75 -> 0.59273088 | C13: =B52 -> 0 | D13: =D16-SUM(D4:D12) -> 0.31682625 | E13: 0.2 | F13: 0.8 | G13: =$D13*(1-$E13) -> 0.253461 | H13: Other materials (cell) | K13: 0 | M13: =$D13*(1-$E13)*(I13-$F13*K13) -> 0 | N13: =$D13*(1-$E13)*(J13-$F13*L13) -> 0
A14: Cell treatment - Pyrometallurgy | D14: 1 | E14: 0.2 | G14: =$D14*(1-$E14) -> 0.8 | H14: Cell treatment - Pyrometallurgy | J14: ='BOM EOL - DA'!#REF! -> #REF! | M14: =$D14*(1-$E14)*(I14-$F14*K14) -> 0 | N14: =$D14*(1-$E14)*(J14-$F14*L14) -> #REF!
A15: Cell treatment - Hydrometallurgy | D15: 1 | E15: 0.2 | G15: =$D15*(1-$E15) -> 0.8 | H15: Cell treatment - Hydrometallurgy | I15: ='BOM EOL - DA'!F$23+('BOM EOL - DA'!F$45*$B$41) -> 75.093426 | J15: =('BOM EOL - DA'!#REF!)*$B$41 -> #REF! | M15: =$D15*(1-$E15)*(I15-$F15*K15) -> 60.074741 | N15: =$D15*(1-$E15)*(J15-$F15*L15) -> #REF!
A16: TOTAL | B16: =SUM(B4:B13) -> 1.9448551 | C16: =SUMPRODUCT(B4:B13,C4:C13)/B16 -> 0.35127232 | D16: 1 | M16: =SUM(M4:M15) -> -744.56618 | N16: =SUM(N4:N15) -> #REF!
A17: return rate | B17: 0.8 | M17: =M16*$B17 -> -595.65295 | N17: =N16*$B17 -> #REF!
A19: NMC811 cell | B19: Qtté pour 1kg | C19: % recovered EoL | D19: Qtty recovered EoL | E19: A | F19: Q | G19: Qtty process | H19: Process selected | I19: Erec CO2 | J19: Erec CE | K19: Ev CO2 | L19: Ev CE | M19: crédit CO2 | N19: crédit CE
A20: Graphite / hard carbon (cell) | B20: ='Cell & CAM'!P66 -> 0.20166063 | C20: =B43 -> 0 | D20: =B20*C20 -> 0 | E20: 0.2 | F20: 0.8 | G20: =$D20*(1-$E20) -> 0 | H20: Graphite, Acheson, EI | K20: =_xlfn.XLOOKUP($H20,'Background data'!$D$1:$D$124,'Background data'!H$1:H$124) -> 0 | L20: =_xlfn.XLOOKUP($H20,'Background data'!$D$1:$D$124,'Background data'!J$1:J$124) -> 0 | M20: =$D20*(1-$E20)*(I20-$F20*K20) -> 0 | N20: =$D20*(1-$E20)*(J20-$F20*L20) -> 0
A21: Al | B21: ='Cell & CAM'!P67 -> 0.020228002 | C21: =B44 -> 0 | D21: =B21*C21 -> 0 | E21: 0.2 | F21: 1 | G21: =$D21*(1-$E21) -> 0 | H21: Aluminium, virgin, RER, Ecobalyse | K21: =_xlfn.XLOOKUP($H21,'Background data'!$D$1:$D$124,'Background data'!H$1:H$124) -> 767 | L21: =_xlfn.XLOOKUP($H21,'Background data'!$D$1:$D$124,'Background data'!J$1:J$124) -> 767 | M21: =$D21*(1-$E21)*(I21-$F21*K21) -> 0 | N21: =$D21*(1-$E21)*(J21-$F21*L21) -> 0
A22: Cu | B22: ='Cell & CAM'!P68 -> 0.12960023 | C22: =B45 -> 0.9 | D22: =B22*C22 -> 0.1166402 | E22: 0.2 | F22: 1 | G22: =$D22*(1-$E22) -> 0.093312163 | H22: Copper | K22: =_xlfn.XLOOKUP($H22,'Background data'!$D$1:$D$124,'Background data'!H$1:H$124) -> 9325 | L22: =_xlfn.XLOOKUP($H22,'Background data'!$D$1:$D$124,'Background data'!J$1:J$124) -> 9325 | M22: =$D22*(1-$E22)*(I22-$F22*K22) -> -870.13592 | N22: =$D22*(1-$E22)*(J22-$F22*L22) -> -870.13592
A23: Fe | B23: ='Cell & CAM'!P69 -> 0 | C23: =B46 -> 0 | D23: =B23*C23 -> 0 | E23: 0.2 | F23: 1 | G23: =$D23*(1-$E23) -> 0 | H23: Steel, virgin | K23: =_xlfn.XLOOKUP($H23,'Background data'!$D$1:$D$124,'Background data'!H$1:H$124) -> 111 | L23: =_xlfn.XLOOKUP($H23,'Background data'!$D$1:$D$124,'Background data'!J$1:J$124) -> 111 | M23: =$D23*(1-$E23)*(I23-$F23*K23) -> 0 | N23: =$D23*(1-$E23)*(J23-$F23*L23) -> 0
A24: Co (cell) salt | B24: ='Cell & CAM'!P70 -> 0 | C24: =B47 -> 0.9 | D24: =B24*C24 -> 0 | E24: 0.2 | F24: 0.8 | G24: =$D24*(1-$E24) -> 0 | H24: Cobalt Sulfate (CoSO4), CN | K24: =_xlfn.XLOOKUP($H24,'Background data'!$D$1:$D$124,'Background data'!H$1:H$124) -> 0 | L24: =_xlfn.XLOOKUP($H24,'Background data'!$D$1:$D$124,'Background data'!J$1:J$124) -> 0 | M24: =$D24*(1-$E24)*(I24-$F24*K24) -> 0 | N24: =$D24*(1-$E24)*(J24-$F24*L24) -> 0
A25: Ni salts (cell) | B25: ='Cell & CAM'!P71 -> 0 | C25: =B48 -> 0.9 | D25: =B25*C25 -> 0 | E25: 0.2 | F25: 0.8 | G25: =$D25*(1-$E25) -> 0 | H25: Nickel Sulfate (NiSO4), GLO | K25: =_xlfn.XLOOKUP($H25,'Background data'!$D$1:$D$124,'Background data'!H$1:H$124) -> 0 | L25: =_xlfn.XLOOKUP($H25,'Background data'!$D$1:$D$124,'Background data'!J$1:J$124) -> 0 | M25: =$D25*(1-$E25)*(I25-$F25*K25) -> 0 | N25: =$D25*(1-$E25)*(J25-$F25*L25) -> 0
A26: Mn (cell) salts | B26: ='Cell & CAM'!P72 -> 0 | C26: =B49 -> 0 | D26: =B26*C26 -> 0 | E26: 0.2 | F26: 0.8 | G26: =$D26*(1-$E26) -> 0 | H26: Manganese Dioxide (MnO2) | K26: =_xlfn.XLOOKUP($H26,'Background data'!$D$1:$D$124,'Background data'!H$1:H$124) -> 0 | L26: =_xlfn.XLOOKUP($H26,'Background data'!$D$1:$D$124,'Background data'!J$1:J$124) -> 0 | M26: =$D26*(1-$E26)*(I26-$F26*K26) -> 0 | N26: =$D26*(1-$E26)*(J26-$F26*L26) -> 0
A27: Li salts (cell) | B27: ='Cell & CAM'!P73 -> 0.1041033 | C27: =B50 -> 0.5 | D27: =B27*C27 -> 0.052051648 | E27: 0.2 | F27: 0.8 | G27: =$D27*(1-$E27) -> 0.041641318 | H27: Lithium Carbonate (Li2CO3), GLO | K27: =_xlfn.XLOOKUP($H27,'Background data'!$D$1:$D$124,'Background data'!H$1:H$124) -> 0 | L27: =_xlfn.XLOOKUP($H27,'Background data'!$D$1:$D$124,'Background data'!J$1:J$124) -> 0 | M27: =$D27*(1-$E27)*(I27-$F27*K27) -> 0 | N27: =$D27*(1-$E27)*(J27-$F27*L27) -> 0
A28: Other metals and metal salts | B28: ='Cell & CAM'!P74 -> 0 | C28: =B51 -> 0 | D28: =B28*C28 -> 0 | E28: 0.2 | F28: 0.8 | G28: =$D28*(1-$E28) -> 0 | H28: Other metals and metal salts | K28: 0 | M28: =$D28*(1-$E28)*(I28-$F28*K28) -> 0 | N28: =$D28*(1-$E28)*(J28-$F28*L28) -> 0
A29: Other materials (cell) | B29: ='Cell & CAM'!P75 -> 0.58743995 | C29: =B52 -> 0 | D29: =D32-SUM(D20:D28) -> 0.83130815 | E29: 0.2 | F29: 0.8 | G29: =$D29*(1-$E29) -> 0.66504652 | H29: Other materials (cell) | K29: 0 | M29: =$D29*(1-$E29)*(I29-$F29*K29) -> 0 | N29: =$D29*(1-$E29)*(J29-$F29*L29) -> 0
A30: Cell treatment - Pyrometallurgy | D30: 1 | E30: 0.2 | G30: =$D30*(1-$E30) -> 0.8 | H30: Cell treatment - Pyrometallurgy | J30: ='BOM EOL - DA'!#REF! -> #REF! | M30: =$D30*(1-$E30)*(I30-$F30*K30) -> 0 | N30: =$D30*(1-$E30)*(J30-$F30*L30) -> #REF!
A31: Cell treatment - Hydrometallurgy | D31: 1 | E31: 0.2 | G31: =$D31*(1-$E31) -> 0.8 | H31: Cell treatment - Hydrometallurgy | I31: ='BOM EOL - DA'!F$23+('BOM EOL - DA'!F$45*$B$41) -> 75.093426 | J31: =('BOM EOL - DA'!#REF!)*$B$41 -> #REF! | M31: =$D31*(1-$E31)*(I31-$F31*K31) -> 60.074741 | N31: =$D31*(1-$E31)*(J31-$F31*L31) -> #REF!
A32: TOTAL | B32: =SUM(B20:B29) -> 1.0430321 | C32: =SUMPRODUCT(B20:B29,C20:C29)/B32 -> 0.16173218 | D32: 1 | G32: =$D32*(1-$E32) -> 1 | M32: =SUM(M20:M31) -> -810.06118 | N32: =SUM(N20:N31) -> #REF!
A33: return rate | B33: 0.8 | M33: =M32*$B33 -> -648.04894 | N33: =N32*$B33 -> #REF!
B38: Retenu
B39: =_xlfn.XLOOKUP($B$1,$C$39:$E$39,C39:E39) -> Reglement batterie obj. 2027 | C39: Acte Délégué | D39: Reglement batterie obj. 2027 | E39: Reglement batterie ob. 2031
A40: Quantité procédé hydro DA | B40: =_xlfn.XLOOKUP($B$1,$C$39:$E$39,C40:E40) -> Métaux + slag | C40: Métaux seul | D40: Métaux + slag | E40: Métaux + slag
A41: Quantité procédé hydro DA | B41: =_xlfn.XLOOKUP($B$1,$C$39:$E$39,C41:E41) -> 2.9411765 | C41: 1 | D41: =1/0.34 -> 2.9411765 | E41: =1/0.34 -> 2.9411765
A42: Part récupérée
A43: Graphite / hard carbon (cell) | B43: =_xlfn.XLOOKUP($B$1,$C$39:$E$39,C43:E43) -> 0 | C43: 0 | D43: 0 | E43: 0
A44: Al | B44: =_xlfn.XLOOKUP($B$1,$C$39:$E$39,C44:E44) -> 0 | C44: 0 | D44: 0 | E44: 0
A45: Cu | B45: =_xlfn.XLOOKUP($B$1,$C$39:$E$39,C45:E45) -> 0.9 | C45: 0.9 | D45: 0.9 | E45: 0.95
A46: Fe | B46: =_xlfn.XLOOKUP($B$1,$C$39:$E$39,C46:E46) -> 0 | C46: 0 | D46: 0 | E46: 0
A47: Co (cell) salt | B47: =_xlfn.XLOOKUP($B$1,$C$39:$E$39,C47:E47) -> 0.9 | C47: 0.9 | D47: 0.9 | E47: 0.95
A48: Ni salts (cell) | B48: =_xlfn.XLOOKUP($B$1,$C$39:$E$39,C48:E48) -> 0.9 | C48: 0.9 | D48: 0.9 | E48: 0.95
A49: Mn (cell) salts | B49: =_xlfn.XLOOKUP($B$1,$C$39:$E$39,C49:E49) -> 0 | C49: 0 | D49: 0 | E49: 0
A50: Li salts (cell) | B50: =_xlfn.XLOOKUP($B$1,$C$39:$E$39,C50:E50) -> 0.5 | C50: 0 | D50: 0.5 | E50: 0.8
A51: Other metals and metal salts | B51: =_xlfn.XLOOKUP($B$1,$C$39:$E$39,C51:E51) -> 0 | C51: 0 | D51: 0 | E51: 0
A52: Other materials (cell) | B52: =_xlfn.XLOOKUP($B$1,$C$39:$E$39,C52:E52) -> 0 | C52: 0 | D52: 0 | E52: 0

Sheet BOM EOL - DA
A1: 1/ Battery cell recycling process per kg of battery cell : pyrometallurgical step
A2: Source données | B2: Acte délégué Article 7 Battery regulation - Table 4
A4: Inputs
A5: Component | B5: description | C5: Unit | D5: default value | E5: Modelling | F5: ='Background data'!$B$1 -> ECS EI3.9.1 (Pts)
A6: End of life battery cells | B6: from disassembly | C6: kg | D6: 1
A7: Electricity | B7: Electricity mix, RER | C7: kWh | D7: 1 | E7: Electricity mix, RER | F7: =$D7*_xlfn.XLOOKUP($E7,'Background data'!$D:$D,'Background data'!H:H) -> 25.72
A8: process heat | B8: Heat, from natural gas, Europe | C8: MJ | D8: =2.288 -> 2.288 | E8: Heat, from natural gas, Europe | F8: =$D8*_xlfn.XLOOKUP($E8,'Background data'!$D:$D,'Background data'!H:H) -> 0
A9: process heat | B9: Heat from diesel fuel, Europe | C9: MJ | D9: =0.237 -> 0.237 | E9: Heat from diesel fuel, Europe | F9: =$D9*_xlfn.XLOOKUP($E9,'Background data'!$D:$D,'Background data'!H:H) -> 0
A10: limestone washed | B10: Limestone production, technology mix | C10: kg | D10: 0.136 | E10: Limestone | F10: =$D10*_xlfn.XLOOKUP($E10,'Background data'!$D:$D,'Background data'!H:H) -> 0
A11: Silica sand | B11: Silica sand, production mix | C11: kg | D11: 0.119 | E11: Silica sand | F11: =$D11*_xlfn.XLOOKUP($E11,'Background data'!$D:$D,'Background data'!H:H) -> 0
A12: Quicklime (CAO) | B12: Quicklime production, technology mix | C12: kg | D12: 0.085 | E12: Quicklime | F12: =$D12*_xlfn.XLOOKUP($E12,'Background data'!$D:$D,'Background data'!H:H) -> 0
A13: Carbon black | B13: Carbon black production, technology mix | C13: kg | D13: 0.001 | E13: Carbon black | F13: =$D13*_xlfn.XLOOKUP($E13,'Background data'!$D:$D,'Background data'!H:H) -> 0
A14: Transport from the dissembling to the battery cell recycling plant | B14: Transport by truck (>32 t, EURO 4); | C14: t.km | D14: 0.13 | E14: Transport, truck (>32 t, EURO 4); | F14: =$D14*_xlfn.XLOOKUP($E14,'Background data'!$D:$D,'Background data'!H:H) -> 1.1934
A15: Transport from the dissembling to the battery cell recycling plant | B15: Transport by train (average freight train) | C15: t.km | D15: 0.24 | E15: Transport, train | F15: =$D15*_xlfn.XLOOKUP($E15,'Background data'!$D:$D,'Background data'!H:H) -> 1.044
A16: Transport from the dissembling to the battery cell recycling plantf | B16: Transport by ship (barge). | C16: t.km | D16: 0.27 | E16: Transport, ship (barge). | F16: =$D16*_xlfn.XLOOKUP($E16,'Background data'!$D:$D,'Background data'!H:H) -> 1.1988
A18: Outputs
A19: Metal alloy | B19: To hydrometallurgical tretment | C19: kg | D19: 0.209
A20: Slag | B20: Landfill of inert slag | C20: kg | D20: 0.712 | E20: Landfill of inert slag | F20: 0
A21: Emissions | B21: Direct process emissions (all greenhouse gases) | C21: kgCO2eq. | D21: 1.194 | E21: Direct process GHG emissions | F21: =$D21*_xlfn.XLOOKUP($E21,'Background data'!$D:$D,'Background data'!H:H) -> 33.3126
A23: TOTAL IMPACT Erec | F23: =SUM(F7:F21) -> 62.4688
A25: 2/ Default values for battery cell recycling process per kg of battery cell: hydrometallurgical treatment.
A26: Source données | B26: Acte délégué Article 7 Battery regulation - Table 5
A28: Inputs
A29: Component | B29: description | C29: Unit | D29: default value | E29: Modelling | F29: ='Background data'!$B$1 -> ECS EI3.9.1 (Pts)
A30: Metal alloy | B30: To hydrometallurgical treatment | C30: kg | D30: 0.34
A31: Electricity | B31: Electricity mix, RER | C31: kWh | D31: 0.085 | E31: Electricity mix, RER | F31: =$D31*_xlfn.XLOOKUP($E31,'Background data'!$D:$D,'Background data'!H:H) -> 2.1862
A32: Process heat | B32: Heat, from natural gas, Europe | C32: kWh | D32: =1.847 -> 1.847 | E32: Heat, from natural gas, Europe | F32: =$D32*_xlfn.XLOOKUP($E32,'Background data'!$D:$D,'Background data'!H:H) -> 0
A33: Hydrochloric acid (100%) | B33: HCl production, technology mix | C33: kg | D33: 0.017 | E33: Hydrochloric Acid (HCl) | F33: =$D33*_xlfn.XLOOKUP($E33,'Background data'!$D:$D,'Background data'!H:H) -> 0
A34: Hydrogen peroxide (100%) | B34: Hydrogen peroxide, production, technology mix | C34: kg | D34: 0.305 | E34: Hydrogen peroxide | F34: =$D34*_xlfn.XLOOKUP($E34,'Background data'!$D:$D,'Background data'!H:H) -> 0
A35: Soda (sodium carbonate) | B35: Soda production, technology mix | C35: kg | D35: 0.017 | E35: Soda | F35: =$D35*_xlfn.XLOOKUP($E35,'Background data'!$D:$D,'Background data'!H:H) -> 0
A36: Sodium hydroxide (100%; caustic soda) | B36: Sodium hydroxide production, technology mix | C36: kg | D36: 0.458 | E36: Sodium Hydroxide (NaOH), GLO | F36: =$D36*_xlfn.XLOOKUP($E36,'Background data'!$D:$D,'Background data'!H:H) -> 0
A37: Sulphuric acid aq. (96%) | B37: Sulphuric acid production, technology mix | C37: kg | D37: 0.881 | E37: Sulfuric acid (H2SO4) | F37: =$D37*_xlfn.XLOOKUP($E37,'Background data'!$D:$D,'Background data'!H:H) -> 0
A38: Water (tap water) | B38: Water (tap water) | C38: kg | D38: 3 | E38: Water (tap water) | F38: =$D38*_xlfn.XLOOKUP($E38,'Background data'!$D:$D,'Background data'!H:H) -> 0.81
A40: Outputs
A41: Recovered metals | B41: Such as aluminium, copper, steel and stainless steel | C41: kg
A42: Recovered metal salts | B42: Such as cobalt sulphate and nickel sulphate | C42: kg
A43: Wastewater | B43: Wastewater treatment, average | C43: m3 | D43: 0.00864 | E43: Wastewater treatment, average | F43: =$D43*_xlfn.XLOOKUP($E43,'Background data'!$D:$D,'Background data'!H:H) -> 1.2961728
A45: TOTAL IMPACT Erec | F45: =SUM(F30:F43) -> 4.2923728

Sheet Background data
A1: Background data | B1: ECS EI3.9.1 (Pts) | F1: Data hidden pour licence limitation | G1: Data to be completed by Ecobalyse
H2: Retenu
A3: Name, EN | B3: Name, FR | C3: Details, Geography | D3: Reference | E3: unit | F3: EI LCI dataset (or based on EI) | G3: BAFU LCI dataset (or based on BAFU) | H3: =$B$1 -> ECS EI3.9.1 (Pts) | I3: GWP EI3.11 (kgCO2eq) | J3: ECS EI3.9.1 (Pts) | K3: GWP BAFU2 (kgCO2eq) | L3: ECS BAFU3 (Pts)
A4: Cells
A5: Cells, LFP Hydro | C5: CN, Ecobalyse | D5: =IF(ISBLANK(C5),A5,A5&", "&C5) -> Cells, LFP Hydro, CN, Ecobalyse | E5: kg | F5: Battery cell production, LFP Hydrothermal, CN | H5: =_xlfn.XLOOKUP($B$1,$I$3:$L$3,$I5:$L5,,0) -> 4478 | J5: 4478
A6: Cells, LFP Solid | C6: CN, Ecobalyse | D6: =IF(ISBLANK(C6),A6,A6&", "&C6) -> Cells, LFP Solid, CN, Ecobalyse | E6: kg | F6: Battery cell production, LFP Solid State, CN | H6: =_xlfn.XLOOKUP($B$1,$I$3:$L$3,$I6:$L6,,0) -> 4189 | J6: 4189
A7: Cells, NMC811 | C7: CN, Ecobalyse | D7: =IF(ISBLANK(C7),A7,A7&", "&C7) -> Cells, NMC811, CN, Ecobalyse | E7: kg | F7: Battery cell production, NMC811, CN | H7: =_xlfn.XLOOKUP($B$1,$I$3:$L$3,$I7:$L7,,0) -> 6661 | J7: 6661
A8: Cells, NMC811 | C8: FR, Ecobalyse | D8: =IF(ISBLANK(C8),A8,A8&", "&C8) -> Cells, NMC811, FR, Ecobalyse | E8: kg | F8: Battery cell production, NMC811, FR | H8: =_xlfn.XLOOKUP($B$1,$I$3:$L$3,$I8:$L8,,0) -> 5446 | J8: 5446
A9: Cells, NMC622 | C9: CN, Ecobalyse | D9: =IF(ISBLANK(C9),A9,A9&", "&C9) -> Cells, NMC622, CN, Ecobalyse | E9: kg | F9: Battery cell production, LFP Hydrothermal, CN | H9: =_xlfn.XLOOKUP($B$1,$I$3:$L$3,$I9:$L9,,0) -> 5446 | J9: 5446
A11: Casing, steel
A12: Steel, virgin | B12: Acier vierge | D12: =IF(ISBLANK(C12),A12,A12&", "&C12) -> Steel, virgin | E12: kg | F12: steel, unalloyed//[RER] steel production, converter, unalloyed | G12: Steel, converter, low-alloyed, at plant {RER} | H12: =_xlfn.XLOOKUP($B$1,$I$3:$L$3,$I12:$L12,,0) -> 111 | J12: 111 | K12: 2.409987
A13: Steel, market mix | B13: Acier mix marché (Europe) | D13: =IF(ISBLANK(C13),A13,A13&", "&C13) -> Steel, market mix | E13: kg | F13: steel, low-alloyed, market, FR, constructed by Ecobalyse | H13: =_xlfn.XLOOKUP($B$1,$I$3:$L$3,$I13:$L13,,0) -> 90.297396 | J13: 90.297396
A14: Steel, market mix | B14: Acier mix marché (Reste du monde) | D14: =IF(ISBLANK(C14),A14,A14&", "&C14) -> Steel, market mix | E14: kg | F14: steel, low-alloyed, market, CN, constructed by Ecobalyse | H14: =_xlfn.XLOOKUP($B$1,$I$3:$L$3,$I14:$L14,,0) -> 116.10143 | J14: 116.10143
A15: Chromium steel | B15: Acier inoxydable | D15: =IF(ISBLANK(C15),A15,A15&", "&C15) -> Chromium steel | E15: kg | F15: steel, chromium steel 18/8//[GLO] market for steel, chromium steel 18/8 | H15: =_xlfn.XLOOKUP($B$1,$I$3:$L$3,$I15:$L15,,0) -> 470.32639 | J15: 470.32639
A16: Lamination (acier) | B16: Lamination (acier) | D16: =IF(ISBLANK(C16),A16,A16&", "&C16) -> Lamination (acier) | E16: kg | F16: steel sheet rolling, constructed by Ecobalyse | H16: =_xlfn.XLOOKUP($B$1,$I$3:$L$3,$I16:$L16,,0) -> 13.316606 | J16: 13.316606
A17: Lamination (inox) | B17: Lamination (inox) | D17: =IF(ISBLANK(C17),A17,A17&", "&C17) -> Lamination (inox) | E17: kg | F17: chromium steel sheet rolling, constructed by Ecobalyse | H17: =_xlfn.XLOOKUP($B$1,$I$3:$L$3,$I17:$L17,,0) -> 33.166921 | J17: 33.166921
A19: Casing, Aluminium
A20: Aluminium, virgin | B20: Aluminium vierge | C20: RER, Ecobalyse | D20: =IF(ISBLANK(C20),A20,A20&", "&C20) -> Aluminium, virgin, RER, Ecobalyse | E20: kg | F20: aluminium ingot, virgin, market, RER | G20: Aluminium, primary, at plant {RER} | H20: =_xlfn.XLOOKUP($B$1,$I$3:$L$3,$I20:$L20,,0) -> 767 | J20: 767 | K20: 8.9122263
A21: Aluminium, market mix | B21: Aluminium mix marché | C21: CN, Ecobalyse | D21: =IF(ISBLANK(C21),A21,A21&", "&C21) -> Aluminium, market mix, CN, Ecobalyse | E21: kg | F21: aluminium, low-alloyed, virgin, market, CN, constructed by Ecobalyse | H21: =_xlfn.XLOOKUP($B$1,$I$3:$L$3,$I21:$L21,,0) -> 1503.0263 | J21: 1503.0263
A22: Aluminium, market mix | B22: Aluminium mix marché | C22: RER, Ecobalyse | D22: =IF(ISBLANK(C22),A22,A22&", "&C22) -> Aluminium, market mix, RER, Ecobalyse | E22: kg | F22: aluminium, low-alloyed, market, RER, constructed by Ecobalyse | H22: =_xlfn.XLOOKUP($B$1,$I$3:$L$3,$I22:$L22,,0) -> 539.64118 | J22: 539.64118
A23: Aluminium, market mix | B23: Aluminium mix marché | C23: RoW, Ecobalyse | D23: =IF(ISBLANK(C23),A23,A23&", "&C23) -> Aluminium, market mix, RoW, Ecobalyse | E23: kg | F23: aluminium, low-alloyed, market, RoW, constructed by Ecobalyse | H23: =_xlfn.XLOOKUP($B$1,$I$3:$L$3,$I23:$L23,,0) -> 893.80654 | J23: 893.80654
A24: Lamination (aluminium) | B24: Lamination (aluminium) | D24: =IF(ISBLANK(C24),A24,A24&", "&C24) -> Lamination (aluminium) | E24: kg | F24: Aluminium sheeet rolling, constructed by Ecobalyse | H24: =_xlfn.XLOOKUP($B$1,$I$3:$L$3,$I24:$L24,,0) -> 21.538888 | J24: 21.538888
A25: Extrusion (aluminium) | B25: Extrusion (aluminium) | D25: =IF(ISBLANK(C25),A25,A25&", "&C25) -> Extrusion (aluminium) | E25: kg | F25: Aluminium extrusion, constructed by Ecobalyse | H25: =_xlfn.XLOOKUP($B$1,$I$3:$L$3,$I25:$L25,,0) -> 44.464254 | J25: 44.464254
A27: Casing, Plastics
A28: Plastique granulé (PET) | B28: Plastique granulé (PET) | D28: =IF(ISBLANK(C28),A28,A28&", "&C28) -> Plastique granulé (PET) | E28: kg | F28: polyethylene terephthalate, granulate, amorphous//[GLO] market for polyethylene terephthalate, granulate, amorphous | G28: Polyethylene terephthalate, granulate, amorphous, at plant {RER} | H28: =_xlfn.XLOOKUP($B$1,$I$3:$L$3,$I28:$L28,,0) -> 281.47193 | J28: 281.47193 | K28: 2.8007527
A29: Plastique granulé (PVC) | B29: Plastique granulé (PVC) | D29: =IF(ISBLANK(C29),A29,A29&", "&C29) -> Plastique granulé (PVC) | E29: kg | F29: polyvinylchloride, suspension polymerised//[GLO] market for polyvinylchloride, suspension polymerised | H29: =_xlfn.XLOOKUP($B$1,$I$3:$L$3,$I29:$L29,,0) -> 207.6437 | J29: 207.6437 | K29: 0
A30: Plastique granulé (divers) | B30: Plastique granulé (divers) | D30: =IF(ISBLANK(C30),A30,A30&", "&C30) -> Plastique granulé (divers) | E30: kg | F30: polypropylene, granulate//[GLO] market for polypropylene, granulate | G30: Polypropylene, granulate, at plant {RER} | H30: =_xlfn.XLOOKUP($B$1,$I$3:$L$3,$I30:$L30,,0) -> 196.58178 | J30: 196.58178 | K30: 2.1040782
A31: Plastique rigide (ABS) | B31: Plastique rigide (ABS) | D31: =IF(ISBLANK(C31),A31,A31&", "&C31) -> Plastique rigide (ABS) | E31: kg | F31: acrylonitrile-butadiene-styrene copolymer//[GLO] market for acrylonitrile-butadiene-styrene copolymer | H31: =_xlfn.XLOOKUP($B$1,$I$3:$L$3,$I31:$L31,,0) -> 330.83527 | J31: 330.83527 | K31: 0
A32: Plastique rigide (PC) | B32: Plastique rigide (PC) | D32: =IF(ISBLANK(C32),A32,A32&", "&C32) -> Plastique rigide (PC) | E32: kg | F32: polycarbonate//[RER] polycarbonate production | H32: =_xlfn.XLOOKUP($B$1,$I$3:$L$3,$I32:$L32,,0) -> 1267.6738 | J32: 1267.6738
A33: Mousse rigide (PUR) | B33: Mousse rigide (PUR) | D33: =IF(ISBLANK(C33),A33,A33&", "&C33) -> Mousse rigide (PUR) | E33: kg | F33: polyurethane, rigid foam//[RER] polyurethane production, rigid foam | H33: =_xlfn.XLOOKUP($B$1,$I$3:$L$3,$I33:$L33,,0) -> 1302.6421 | J33: 1302.6421
A34: Composé organique | B34: Composé organique | D34: =IF(ISBLANK(C34),A34,A34&", "&C34) -> Composé organique | E34: kg | F34: chemical, organic//[GLO] market for chemical, organic | H34: =_xlfn.XLOOKUP($B$1,$I$3:$L$3,$I34:$L34,,0) -> 179.89213 | J34: 179.89213
A35: Extrusion + thermoforming (plastics) | B35: Extrusion + thermoformage (plastique) | D35: =IF(ISBLANK(C35),A35,A35&", "&C35) -> Extrusion + thermoforming (plastics) | E35: kg | F35: extrusion of plastic sheets and thermoforming, inline//[GLO] market for extrusion of plastic sheets and thermoforming, inline | H35: =_xlfn.XLOOKUP($B$1,$I$3:$L$3,$I35:$L35,,0) -> 70.006392 | J35: 70.006392
A36: Injection moulding | B36: Moulage par injection | D36: =IF(ISBLANK(C36),A36,A36&", "&C36) -> Injection moulding | E36: kg | F36: injection moulding//[RER] injection moulding | H36: =_xlfn.XLOOKUP($B$1,$I$3:$L$3,$I36:$L36,,0) -> 67.738868 | J36: 67.738868
A37: Plastique PA | B37: Plastique PA | E37: kg | F37: nylon 6-6//[RoW] nylon 6-6 production | H37: =_xlfn.XLOOKUP($B$1,$I$3:$L$3,$I37:$L37,,0) -> 558 | J37: 558
A39: Casing, others
A40: Copper | B40: Cuivre | D40: =IF(ISBLANK(C40),A40,A40&", "&C40) -> Copper | E40: kg | F40: copper, cathode//[GLO] market for copper, cathode | H40: =_xlfn.XLOOKUP($B$1,$I$3:$L$3,$I40:$L40,,0) -> 9325 | J40: 9325
A41: Copper foil | B41: Feuille de cuivre | D41: =IF(ISBLANK(C41),A41,A41&", "&C41) -> Copper foil | E41: kg | F41: copper collector foil, for Li-ion battery//[GLO] copper collector foil production, for Li-ion battery | G41: Copper collector foil production, for Li-ion battery {GLO} | H41: =_xlfn.XLOOKUP($B$1,$I$3:$L$3,$I41:$L41,,0) -> 9816.58 | J41: 9816.58 | K41: 4.4768975
A42: Electronics | D42: =IF(ISBLANK(C42),A42,A42&", "&C42) -> Electronics | E42: kg | F42: electronics, for control units//[RoW] electronics production, for control units | G42: Integrated circuit, IC, logic type, at plant {GLO} | H42: =_xlfn.XLOOKUP($B$1,$I$3:$L$3,$I42:$L42,,0) -> 14543.74 | J42: 14543.74 | K42: 31.8
A43: Glycol (Coolant) | D43: =IF(ISBLANK(C43),A43,A43&", "&C43) -> Glycol (Coolant) | E43: kg | F43: propylene glycol, liquid//[RoW] market for propylene glycol, liquid | G43: Propylene glycol, liquid, at plant {RER} | H43: =_xlfn.XLOOKUP($B$1,$I$3:$L$3,$I43:$L43,,0) -> 1049.96 | J43: 1049.96 | K43: 2.9462774
A45: Cell material
A46: Name, EN | B46: Name, FR | C46: Details, Geography | D46: Reference | E46: unit | F46: EI LCI dataset (or based on EI) | G46: BAFU LCI dataset (or based on BAFU) | H46: =$B$1 -> ECS EI3.9.1 (Pts) | J46: ECS EI3.9.1 (Pts) | K46: GWP BAFU2 (kgCO2eq) | L46: ECS BAFU3 (Pts)
A47: Acid tannic./ citric | C47: CN | D47: =IF(ISBLANK(C47),A47,A47&", "&C47) -> Acid tannic./ citric, CN | E47: kg | F47: citric acid//[CN] citric acid production | G47: Sulphuric acid, liquid, at plant {RER} | H47: =_xlfn.XLOOKUP($B$1,$I$3:$L$3,$I47:$L47,,0) -> 0 | K47: 0.15308787
A48: Aluminum sulfate (Al2(SO4)3) | D48: =IF(ISBLANK(C48),A48,A48&", "&C48) -> Aluminum sulfate (Al2(SO4)3) | E48: kg | F48: aluminium sulfate, powder//[RoW] aluminium sulfate production, powder | G48: Aluminium sulphate, powder, at plant {RER} | H48: =_xlfn.XLOOKUP($B$1,$I$3:$L$3,$I48:$L48,,0) -> 0 | K48: 0.37080602
A49: Ammonia (NH3) | C49: CN | D49: =IF(ISBLANK(C49),A49,A49&", "&C49) -> Ammonia (NH3), CN | E49: kg | F49: ammonia, anhydrous, liquid//[CN] ammonia production, steam reforming, liquid | G49: Ammonia, liquid, at regional storehouse {RER} | H49: =_xlfn.XLOOKUP($B$1,$I$3:$L$3,$I49:$L49,,0) -> 0 | K49: 2.2617908
A50: Ammonium Hydroxide (NH4OH) | C50: CN | D50: =IF(ISBLANK(C50),A50,A50&", "&C50) -> Ammonium Hydroxide (NH4OH), CN | E50: kg | F50: ammonia, anhydrous, liquid//[CN] ammonia production, steam reforming, liquid¶ | G50: Ammonia, liquid, at regional storehouse {RER} | H50: =_xlfn.XLOOKUP($B$1,$I$3:$L$3,$I50:$L50,,0) -> 0 | K50: 2.2617908
A51: Brass | B51: Etain | D51: =IF(ISBLANK(C51),A51,A51&", "&C51) -> Brass | E51: kg | F51: brass//[RoW] market for brass | H51: =_xlfn.XLOOKUP($B$1,$I$3:$L$3,$I51:$L51,,0) -> 0
A52: Carbon black | D52: =IF(ISBLANK(C52),A52,A52&", "&C52) -> Carbon black | E52: kg | F52: carbon black//[GLO] carbon black production | G52: Carbon black, at plant {GLO} | H52: =_xlfn.XLOOKUP($B$1,$I$3:$L$3,$I52:$L52,,0) -> 0 | K52: 3.3170104
A53: Cobalt Oxide (Co3O4) | D53: =IF(ISBLANK(C53),A53,A53&", "&C53) -> Cobalt Oxide (Co3O4) | E53: kg | F53: Cobalt production | G53: Cobalt, at plant {GLO} | H53: =_xlfn.XLOOKUP($B$1,$I$3:$L$3,$I53:$L53,,0) -> 0 | K53: 6.92
A54: Cobalt Sulfate (CoSO4) | C54: CN | D54: =IF(ISBLANK(C54),A54,A54&", "&C54) -> Cobalt Sulfate (CoSO4), CN | E54: kg | F54: cobalt sulfate//[CN] cobalt sulfate production | G54: Cobalt sulfate {GLO} | H54: =_xlfn.XLOOKUP($B$1,$I$3:$L$3,$I54:$L54,,0) -> 0 | K54: 2.1873942
A55: Diammonium Phosphate | D55: =IF(ISBLANK(C55),A55,A55&", "&C55) -> Diammonium Phosphate | E55: kg | F55: diammonium phosphate//[CN] diammonium phosphate production | G55: Diammonium phosphate, as N, at regional storehouse {RER} | H55: =_xlfn.XLOOKUP($B$1,$I$3:$L$3,$I55:$L55,,0) -> 0 | K55: 2.9446953
A56: Dimethyl Carbonate | D56: =IF(ISBLANK(C56),A56,A56&", "&C56) -> Dimethyl Carbonate | E56: kg | F56: dimethyl carbonate//[RoW] dimethyl carbonate production | G56: Ethylene carbonate, at plant {CN} | H56: =_xlfn.XLOOKUP($B$1,$I$3:$L$3,$I56:$L56,,0) -> 0 | K56: 1.4951317
A57: Ethylene Carbonate | D57: =IF(ISBLANK(C57),A57,A57&", "&C57) -> Ethylene Carbonate | E57: kg | F57: ethylene carbonate//[CN] ethylene carbonate production | G57: Ethylene carbonate, at plant {CN} | H57: =_xlfn.XLOOKUP($B$1,$I$3:$L$3,$I57:$L57,,0) -> 0 | K57: 1.4951317
A58: Glycol (Coolant) | D58: =IF(ISBLANK(C58),A58,A58&", "&C58) -> Glycol (Coolant) | E58: kg | F58: Propylene glycol RoW | G58: Propylene glycol, liquid, at plant {RER} | H58: =_xlfn.XLOOKUP($B$1,$I$3:$L$3,$I58:$L58,,0) -> 0 | K58: 2.9462774
A59: Graphite | C59: Acheson, EI | D59: =IF(ISBLANK(C59),A59,A59&", "&C59) -> Graphite, Acheson, EI | E59: kg | F59: Synthetic graphite, battery grade//[CN] synthetic graphite production, battery grade, via Acheson powder route | G59: Graphite, battery grade, at plant {CN} | H59: =_xlfn.XLOOKUP($B$1,$I$3:$L$3,$I59:$L59,,0) -> 0 | K59: 1.8525093
A60: Graphite | C60: Calculation, Tokaï | D60: =IF(ISBLANK(C60),A60,A60&", "&C60) -> Graphite, Calculation, Tokaï | E60: kg | F60: Graphite, Calculation, Tokaï | G60: Graphite, Calculation, Tokaï | H60: =_xlfn.XLOOKUP($B$1,$I$3:$L$3,$I60:$L60,,0) -> 0
A61: Graphite | C61: CN | D61: =IF(ISBLANK(C61),A61,A61&", "&C61) -> Graphite, CN | E61: kg | F61: synthetic graphite, battery grade//[CN] synthetic graphite production, battery grade | G61: Graphite, battery grade, at plant {CN} | H61: =_xlfn.XLOOKUP($B$1,$I$3:$L$3,$I61:$L61,,0) -> 0 | K61: 1.8525093
A62: Graphite | C62: RoW | D62: =IF(ISBLANK(C62),A62,A62&", "&C62) -> Graphite, RoW | E62: kg | F62: synthetic graphite, battery grade//[RoW] synthetic graphite production, battery grade | G62: Graphite, battery grade, at plant {CN} | H62: =_xlfn.XLOOKUP($B$1,$I$3:$L$3,$I62:$L62,,0) -> 0 | K62: 1.8525093
A63: Hydrochloric Acid (HCl) | D63: =IF(ISBLANK(C63),A63,A63&", "&C63) -> Hydrochloric Acid (HCl) | E63: kg | F63: hydrochloric acid, without water, in 30% solution state//[RER] Mannheim process | G63: xx Hydrochloric acid, 36% in H2O, from reacting propylene and chlorine, at plant {RER} | H63: =_xlfn.XLOOKUP($B$1,$I$3:$L$3,$I63:$L63,,0) -> 0 | K63: 0.063252002
A64: Hydrogen peroxide | D64: =IF(ISBLANK(C64),A64,A64&", "&C64) -> Hydrogen peroxide | E64: kg | F64: hydrogen peroxide, without water, in 50% solution state//[RER] hydrogen peroxide production, product in 50% solution state | G64: Hydrogen peroxide, 50% in H2O, at plant {RER} | H64: =_xlfn.XLOOKUP($B$1,$I$3:$L$3,$I64:$L64,,0) -> 0 | K64: 1.0165077
A65: Iron Oxide (Fe3O4) | D65: =IF(ISBLANK(C65),A65,A65&", "&C65) -> Iron Oxide (Fe3O4) | E65: kg | F65: iron ore concentrate//[GLO] market for iron ore concentrate | H65: =_xlfn.XLOOKUP($B$1,$I$3:$L$3,$I65:$L65,,0) -> 0
A66: Iron Sulfate (FeSO4) | D66: =IF(ISBLANK(C66),A66,A66&", "&C66) -> Iron Sulfate (FeSO4) | E66: kg | F66: iron sulfate//[RoW] iron sulfate production | G66: Iron sulphate, at plant {RER} | H66: =_xlfn.XLOOKUP($B$1,$I$3:$L$3,$I66:$L66,,0) -> 0 | K66: 0.099471791
A67: Limestone | D67: =IF(ISBLANK(C67),A67,A67&", "&C67) -> Limestone | E67: kg | F67: limestone, crushed, washed//[CH] limestone production, crushed, washed | G67: Limestone, crushed, washed {CH} | H67: =_xlfn.XLOOKUP($B$1,$I$3:$L$3,$I67:$L67,,0) -> 0 | K67: 0.0023529206
A68: Lithium Carbonate (Li2CO3) | C68: GLO | D68: =IF(ISBLANK(C68),A68,A68&", "&C68) -> Lithium Carbonate (Li2CO3), GLO | E68: kg | F68: lithium carbonate//[GLO] market for lithium carbonate | G68: Lithium hydroxide, at plant {GLO} | H68: =_xlfn.XLOOKUP($B$1,$I$3:$L$3,$I68:$L68,,0) -> 0 | K68: 2.452234
A69: Lithium Hexafluorophosphate (LiPF6) | D69: =IF(ISBLANK(C69),A69,A69&", "&C69) -> Lithium Hexafluorophosphate (LiPF6) | E69: kg | F69: lithium hexafluorophosphate//[CN] lithium hexafluorophosphate production | G69: Lithium hexafluorophosphate, at plant {CN} | H69: =_xlfn.XLOOKUP($B$1,$I$3:$L$3,$I69:$L69,,0) -> 0 | K69: 20.851438
A70: Lithium Hydoxide (LiOH) | C70: GLO | D70: =IF(ISBLANK(C70),A70,A70&", "&C70) -> Lithium Hydoxide (LiOH), GLO | E70: kg | F70: lithium hydroxide//[GLO] lithium hydroxide production | G70: Lithium hydroxide, at plant {GLO} | H70: =_xlfn.XLOOKUP($B$1,$I$3:$L$3,$I70:$L70,,0) -> 0 | K70: 2.452234
A71: Manganese Dioxide (MnO2) | D71: =IF(ISBLANK(C71),A71,A71&", "&C71) -> Manganese Dioxide (MnO2) | E71: kg | F71: manganese dioxide//[GLO] manganese dioxide production | G71: Manganese oxide (Mn2O3), at plant {CN} | H71: =_xlfn.XLOOKUP($B$1,$I$3:$L$3,$I71:$L71,,0) -> 0 | K71: 1.7708676
A72: Manganese Oxide (MnO2) | D72: =IF(ISBLANK(C72),A72,A72&", "&C72) -> Manganese Oxide (MnO2) | E72: kg | F72: manganese dioxide//[GLO] manganese dioxide production | G72: Manganese oxide (Mn2O3), at plant {CN} | H72: =_xlfn.XLOOKUP($B$1,$I$3:$L$3,$I72:$L72,,0) -> 0 | K72: 1.7708676
A73: Manganese Sulfate (MnSO4) | C73: GLO | D73: =IF(ISBLANK(C73),A73,A73&", "&C73) -> Manganese Sulfate (MnSO4), GLO | E73: kg | F73: manganese sulfate//[GLO] manganese sulfate production | G73: Manganese, at regional storage {RER} | H73: =_xlfn.XLOOKUP($B$1,$I$3:$L$3,$I73:$L73,,0) -> 0 | K73: 1.5577817
A74: Nickel Sulfate (NiSO4) | C74: GLO | D74: =IF(ISBLANK(C74),A74,A74&", "&C74) -> Nickel Sulfate (NiSO4), GLO | E74: kg | F74: nickel sulfate//[GLO] nickel sulfate production | G74: Nickel, 99.5%, at plant {GLO} | H74: =_xlfn.XLOOKUP($B$1,$I$3:$L$3,$I74:$L74,,0) -> 0 | K74: 9.8241626
A75: NMP | D75: =IF(ISBLANK(C75),A75,A75&", "&C75) -> NMP | E75: kg | F75: N-methyl-2-pyrrolidone//[RoW] N-methyl-2-pyrrolidone production | G75: N-methyl-2-pyrrolidone, at plant {RER} | H75: =_xlfn.XLOOKUP($B$1,$I$3:$L$3,$I75:$L75,,0) -> 0 | K75: 3.8082325
A76: Oxygen (O2) | D76: =IF(ISBLANK(C76),A76,A76&", "&C76) -> Oxygen (O2) | E76: kg | H76: =_xlfn.XLOOKUP($B$1,$I$3:$L$3,$I76:$L76,,0) -> 0
A77: Phosphoric Acid (H3PO4) | D77: =IF(ISBLANK(C77),A77,A77&", "&C77) -> Phosphoric Acid (H3PO4) | E77: kg | F77: phosphoric acid, fertiliser grade, without water, in 70% solution state//[RoW] phosphoric acid production, dihydrate process | G77: Phosphoric acid, industrial grade, 85% in H2O, at plant {RER} | H77: =_xlfn.XLOOKUP($B$1,$I$3:$L$3,$I77:$L77,,0) -> 0 | K77: 1.4396107
A78: Polyvinylfluoride (PVF) | D78: =IF(ISBLANK(C78),A78,A78&", "&C78) -> Polyvinylfluoride (PVF) | E78: kg | F78: polyvinylfluoride//[RoW] polyvinylfluoride production | G78: rien | H78: =_xlfn.XLOOKUP($B$1,$I$3:$L$3,$I78:$L78,,0) -> 0 | K78: 0
A79: Potassium hydroxide (KOH) | D79: =IF(ISBLANK(C79),A79,A79&", "&C79) -> Potassium hydroxide (KOH) | E79: kg | F79: potassium hydroxide//[GLO] market for potassium hydroxide | H79: =_xlfn.XLOOKUP($B$1,$I$3:$L$3,$I79:$L79,,0) -> 0 | K79: 0
A80: Quicklime | D80: =IF(ISBLANK(C80),A80,A80&", "&C80) -> Quicklime | E80: kg | F80: quicklime, milled, loose//[CH] quicklime production, milled, loose | G80: Quicklime, milled, packed, at plant {CH} | H80: =_xlfn.XLOOKUP($B$1,$I$3:$L$3,$I80:$L80,,0) -> 0 | K80: 1.1713788
A81: Silica sand | D81: =IF(ISBLANK(C81),A81,A81&", "&C81) -> Silica sand | E81: kg | F81: silica sand//[DE] silica sand production | G81: Silica sand, at plant {DE} | H81: =_xlfn.XLOOKUP($B$1,$I$3:$L$3,$I81:$L81,,0) -> 0 | K81: 0.022592246
A82: Soda | D82: =IF(ISBLANK(C82),A82,A82&", "&C82) -> Soda | E82: kg | F82: calcium chloride//[RER] soda production, solvay process | G82: Sodium carbonate from ammonium chloride production, at plant {GLO} | H82: =_xlfn.XLOOKUP($B$1,$I$3:$L$3,$I82:$L82,,0) -> 0 | K82: 0.95629717
A83: Soda ash (Na2CO3) | D83: =IF(ISBLANK(C83),A83,A83&", "&C83) -> Soda ash (Na2CO3) | E83: kg | G83: Sodium carbonate from ammonium chloride production, at plant {GLO} | H83: =_xlfn.XLOOKUP($B$1,$I$3:$L$3,$I83:$L83,,0) -> 0 | K83: 0.95629717
A84: Sodium fluoride (NaF) | D84: =IF(ISBLANK(C84),A84,A84&", "&C84) -> Sodium fluoride (NaF) | E84: kg | F84: Sodium Fluoride production | G84: Sodium hydroxide, 50% in H2O, production mix, at plant {RER} | H84: =_xlfn.XLOOKUP($B$1,$I$3:$L$3,$I84:$L84,,0) -> 0 | K84: 0.61969547
A85: Sodium Hydroxide (NaOH) | C85: GLO | D85: =IF(ISBLANK(C85),A85,A85&", "&C85) -> Sodium Hydroxide (NaOH), GLO | E85: kg | F85: sodium hydroxide, without water, in 50% solution state//[GLO] market for sodium hydroxide, without water, in 50% solution state | G85: Sodium hydroxide, 50% in H2O, production mix, at plant {RER} | H85: =_xlfn.XLOOKUP($B$1,$I$3:$L$3,$I85:$L85,,0) -> 0 | K85: 0.61969547
A86: Sulfuric acid (H2SO4) | D86: =IF(ISBLANK(C86),A86,A86&", "&C86) -> Sulfuric acid (H2SO4) | E86: kg | F86: Sulfuric acid (H2SO4) | G86: Sulphuric acid, liquid, at plant {RER} | H86: =_xlfn.XLOOKUP($B$1,$I$3:$L$3,$I86:$L86,,0) -> 0 | K86: 0.15308787
A87: Sulfuric acid (H2SO4) | C87: from viscose production | D87: =IF(ISBLANK(C87),A87,A87&", "&C87) -> Sulfuric acid (H2SO4), from viscose production | E87: kg | F87: Sulfuric acid (H2SO4) | G87: Sulphuric acid from viscose production, at plant {GLO} | H87: =_xlfn.XLOOKUP($B$1,$I$3:$L$3,$I87:$L87,,0) -> 0 | K87: 0.16733709
A88: Zinc | B88: Zinc | D88: =IF(ISBLANK(C88),A88,A88&", "&C88) -> Zinc | E88: kg | F88: zinc//[RoW] primary zinc production from concentrate | H88: =_xlfn.XLOOKUP($B$1,$I$3:$L$3,$I88:$L88,,0) -> 0
A90: Energy, Transport, direct emissions
A91: Name, EN | B91: Name, FR | C91: Details, Geography | D91: Reference | E91: unit | F91: EI LCI dataset (or based on EI) | G91: BAFU LCI dataset (or based on BAFU) | H91: =$B$1 -> ECS EI3.9.1 (Pts) | J91: ECS EI3.9.1 (Pts) | K91: GWP BAFU2 (kgCO2eq) | L91: ECS BAFU3 (Pts)
A92: Heat | C92: Europe | D92: =IF(ISBLANK(C92),A92,A92&", "&C92) -> Heat, Europe | E92: MJ | H92: =_xlfn.XLOOKUP($B$1,$I$3:$L$3,$I92:$L92,,0) -> 3.92 | J92: 3.92 | K92: 0
A93: Heat | C93: RoW | D93: =IF(ISBLANK(C93),A93,A93&", "&C93) -> Heat, RoW | E93: MJ | H93: =_xlfn.XLOOKUP($B$1,$I$3:$L$3,$I93:$L93,,0) -> 6.79 | J93: 6.79 | K93: 0
A94: Heat, from natural gas | C94: Europe | D94: =IF(ISBLANK(C94),A94,A94&", "&C94) -> Heat, from natural gas, Europe | E94: MJ | F94: heat, district or industrial, natural gas//[RER] market group for heat, district or industrial, natural gas | G94: Heat, from natural gas {AT} | H94: =_xlfn.XLOOKUP($B$1,$I$3:$L$3,$I94:$L94,,0) -> 0 | K94: 0.055524476
A95: Heat, from natural gas | C95: RoW | D95: =IF(ISBLANK(C95),A95,A95&", "&C95) -> Heat, from natural gas, RoW | E95: MJ | F95: heat, district or industrial, natural gas//[RoW] market group for heat, district or industrial, natural gas | H95: =_xlfn.XLOOKUP($B$1,$I$3:$L$3,$I95:$L95,,0) -> 0 | K95: 0
A96: Heat from diesel fuel | C96: Europe | D96: =IF(ISBLANK(C96),A96,A96&", "&C96) -> Heat from diesel fuel, Europe | E96: MJ | F96: heat, district or industrial, other than natural gas//[RER] market group for heat, district or industrial, other than natural gas | H96: =_xlfn.XLOOKUP($B$1,$I$3:$L$3,$I96:$L96,,0) -> 0 | K96: 0
A97: Heat from diesel fuel | C97: RoW | D97: =IF(ISBLANK(C97),A97,A97&", "&C97) -> Heat from diesel fuel, RoW | E97: MJ | F97: heat, district or industrial, other than natural gas//[RoW] market group for heat, district or industrial, other than natural gas | H97: =_xlfn.XLOOKUP($B$1,$I$3:$L$3,$I97:$L97,,0) -> 0 | K97: 0
A98: Electricity mix | C98: RER | D98: =IF(ISBLANK(C98),A98,A98&", "&C98) -> Electricity mix, RER | E98: kwh | F98: electricity, medium voltage//[RER] market group for electricity, medium voltage | H98: =_xlfn.XLOOKUP($B$1,$I$3:$L$3,$I98:$L98,,0) -> 25.72 | J98: 25.72 | K98: 0
A99: Electricity mix | C99: FR | D99: =IF(ISBLANK(C99),A99,A99&", "&C99) -> Electricity mix, FR | E99: kwh | F99: electricity, medium voltage//[FR] market for electricity, medium voltage | G99: Electricity mix {FR} | H99: =_xlfn.XLOOKUP($B$1,$I$3:$L$3,$I99:$L99,,0) -> 14.06018 | J99: 14.06018 | K99: 0.064445161
A100: Electricity mix | C100: CN | D100: =IF(ISBLANK(C100),A100,A100&", "&C100) -> Electricity mix, CN | E100: kwh | F100: electricity, medium voltage//[CN] market group for electricity, medium voltage | G100: Electricity mix {CN} | H100: =_xlfn.XLOOKUP($B$1,$I$3:$L$3,$I100:$L100,,0) -> 61.802363 | J100: 61.802363 | K100: 0.6978736
A101: Electricity mix | C101: RAF | D101: =IF(ISBLANK(C101),A101,A101&", "&C101) -> Electricity mix, RAF | E101: kwh | F101: electricity, medium voltage//[RAF] market group for electricity, medium voltage | H101: =_xlfn.XLOOKUP($B$1,$I$3:$L$3,$I101:$L101,,0) -> 47.556034 | J101: 47.556034
A102: Electricity mix | C102: RNA | D102: =IF(ISBLANK(C102),A102,A102&", "&C102) -> Electricity mix, RNA | E102: kwh | F102: electricity, medium voltage//[RNA] market group for electricity, medium voltage | H102: =_xlfn.XLOOKUP($B$1,$I$3:$L$3,$I102:$L102,,0) -> 27.719243 | J102: 27.719243
A103: Electricity mix | C103: RLA | D103: =IF(ISBLANK(C103),A103,A103&", "&C103) -> Electricity mix, RLA | E103: kwh | F103: electricity, medium voltage//[RLA] market group for electricity, medium voltage | H103: =_xlfn.XLOOKUP($B$1,$I$3:$L$3,$I103:$L103,,0) -> 26.780145 | J103: 26.780145
A104: Electricity mix | C104: RAS | D104: =IF(ISBLANK(C104),A104,A104&", "&C104) -> Electricity mix, RAS | E104: kwh | F104: electricity, medium voltage//[RAS] market group for electricity, medium voltage | H104: =_xlfn.XLOOKUP($B$1,$I$3:$L$3,$I104:$L104,,0) -> 58.220356 | J104: 58.220356
A105: Electricity mix | C105: IN | D105: =IF(ISBLANK(C105),A105,A105&", "&C105) -> Electricity mix, IN | E105: kwh | F105: electricity, medium voltage//[IN] market group for electricity, medium voltage | G105: Electricity mix {IN} | H105: =_xlfn.XLOOKUP($B$1,$I$3:$L$3,$I105:$L105,,0) -> 78.243295 | J105: 78.243295 | K105: 0.91113627
A106: Electricity mix | C106: MA | D106: =IF(ISBLANK(C106),A106,A106&", "&C106) -> Electricity mix, MA | E106: kwh | F106: electricity, medium voltage//[MA] market for electricity, medium voltage | H106: =_xlfn.XLOOKUP($B$1,$I$3:$L$3,$I106:$L106,,0) -> 57.611568 | J106: 57.611568
...

Sheet BOM & cycles
B1: BATTERY
B2: material | C2: weight (kg) | E2: Cells | F2: Module | G2: Pack | I2: LFP | J2: NMC111 | K2: NMC532 | L2: NMC622 | M2: NMC811 | N2: NMC955 | O2: NCA | P2: LMO | Q2: LFP (Hydrothermal) | R2: LMFP | S2: Na-ion Tiamat | T2: LFP - LiM BS | U2: NMC811 - LiM BS
B3: Cathode Active Material | C3: =_xlfn.XLOOKUP('EV Battery'!$C$6,$I$2:$U$2,I3:U3)*'EV Battery'!$C$5 -> 62.840178 | E3: 1 | G3: =1-E3-F3 -> 0 | I3: =OFFSET('GREET input data'!$C18,_xlfn.XLOOKUP('EV Battery'!$C$7,'GREET input data'!$B$3:$B$9,'GREET input data'!$D$3:$D$9),I$29-1) -> 0.259 | J3: =OFFSET('GREET input data'!$C18,_xlfn.XLOOKUP('EV Battery'!$C$7,'GREET input data'!$B$3:$B$9,'GREET input data'!$D$3:$D$9),J$29-1) -> 0.257 | K3: =OFFSET('GREET input data'!$C18,_xlfn.XLOOKUP('EV Battery'!$C$7,'GREET input data'!$B$3:$B$9,'GREET input data'!$D$3:$D$9),K$29-1) -> 0.2463 | L3: =OFFSET('GREET input data'!$C18,_xlfn.XLOOKUP('EV Battery'!$C$7,'GREET input data'!$B$3:$B$9,'GREET input data'!$D$3:$D$9),L$29-1) -> 0.2433 | M3: =OFFSET('GREET input data'!$C18,_xlfn.XLOOKUP('EV Battery'!$C$7,'GREET input data'!$B$3:$B$9,'GREET input data'!$D$3:$D$9),M$29-1) -> 0.2286 | N3: =OFFSET('GREET input data'!$C18,_xlfn.XLOOKUP('EV Battery'!$C$7,'GREET input data'!$B$3:$B$9,'GREET input data'!$D$3:$D$9),N$29-1) -> 0.2188 | O3: =OFFSET('GREET input data'!$C18,_xlfn.XLOOKUP('EV Battery'!$C$7,'GREET input data'!$B$3:$B$9,'GREET input data'!$D$3:$D$9),O$29-1) -> 0.2367 | P3: =OFFSET('GREET input data'!$C18,_xlfn.XLOOKUP('EV Battery'!$C$7,'GREET input data'!$B$3:$B$9,'GREET input data'!$D$3:$D$9),P$29-1) -> 0.2944 | ... R3: =OFFSET('GREET input data'!$C18,_xlfn.XLOOKUP('EV Battery'!$C$7,'GREET input data'!$B$3:$B$9,'GREET input data'!$D$3:$D$9),R$29-1) -> 0.259 | S3: 0.28111898 | T3: 0.33258745 | U3: 0.36380514
B4: Graphite/Carbon | C4: =_xlfn.XLOOKUP('EV Battery'!$C$6,$I$2:$U$2,I4:U4)*'EV Battery'!$C$5 -> 44.010116 | E4: 1 | G4: =1-E4-F4 -> 0 | I4: =OFFSET('GREET input data'!$C19,_xlfn.XLOOKUP('EV Battery'!$C$7,'GREET input data'!$B$3:$B$9,'GREET input data'!$D$3:$D$9),I$29-1) -> 0.1335 | J4: =OFFSET('GREET input data'!$C19,_xlfn.XLOOKUP('EV Battery'!$C$7,'GREET input data'!$B$3:$B$9,'GREET input data'!$D$3:$D$9),J$29-1) -> 0.1452 | K4: =OFFSET('GREET input data'!$C19,_xlfn.XLOOKUP('EV Battery'!$C$7,'GREET input data'!$B$3:$B$9,'GREET input data'!$D$3:$D$9),K$29-1) -> 0.1516 | L4: =OFFSET('GREET input data'!$C19,_xlfn.XLOOKUP('EV Battery'!$C$7,'GREET input data'!$B$3:$B$9,'GREET input data'!$D$3:$D$9),L$29-1) -> 0.1527 | M4: =OFFSET('GREET input data'!$C19,_xlfn.XLOOKUP('EV Battery'!$C$7,'GREET input data'!$B$3:$B$9,'GREET input data'!$D$3:$D$9),M$29-1) -> 0.1601 | N4: =OFFSET('GREET input data'!$C19,_xlfn.XLOOKUP('EV Battery'!$C$7,'GREET input data'!$B$3:$B$9,'GREET input data'!$D$3:$D$9),N$29-1) -> 0.1649 | O4: =OFFSET('GREET input data'!$C19,_xlfn.XLOOKUP('EV Battery'!$C$7,'GREET input data'!$B$3:$B$9,'GREET input data'!$D$3:$D$9),O$29-1) -> 0.1571 | P4: =OFFSET('GREET input data'!$C19,_xlfn.XLOOKUP('EV Battery'!$C$7,'GREET input data'!$B$3:$B$9,'GREET input data'!$D$3:$D$9),P$29-1) -> 0.1165 | ... R4: =OFFSET('GREET input data'!$C19,_xlfn.XLOOKUP('EV Battery'!$C$7,'GREET input data'!$B$3:$B$9,'GREET input data'!$D$3:$D$9),R$29-1) -> 0.1335 | S4: 0.11338466 | T4: 0.013348279 | U4: 0.019311252
B5: Silicon | C5: =_xlfn.XLOOKUP('EV Battery'!$C$6,$I$2:$U$2,I5:U5)*'EV Battery'!$C$5 -> 0 | E5: 1 | G5: =1-E5-F5 -> 0 | I5: =OFFSET('GREET input data'!$C20,_xlfn.XLOOKUP('EV Battery'!$C$7,'GREET input data'!$B$3:$B$9,'GREET input data'!$D$3:$D$9),I$29-1) -> 0 | J5: =OFFSET('GREET input data'!$C20,_xlfn.XLOOKUP('EV Battery'!$C$7,'GREET input data'!$B$3:$B$9,'GREET input data'!$D$3:$D$9),J$29-1) -> 0 | K5: =OFFSET('GREET input data'!$C20,_xlfn.XLOOKUP('EV Battery'!$C$7,'GREET input data'!$B$3:$B$9,'GREET input data'!$D$3:$D$9),K$29-1) -> 0 | L5: =OFFSET('GREET input data'!$C20,_xlfn.XLOOKUP('EV Battery'!$C$7,'GREET input data'!$B$3:$B$9,'GREET input data'!$D$3:$D$9),L$29-1) -> 0 | M5: =OFFSET('GREET input data'!$C20,_xlfn.XLOOKUP('EV Battery'!$C$7,'GREET input data'!$B$3:$B$9,'GREET input data'!$D$3:$D$9),M$29-1) -> 0 | N5: =OFFSET('GREET input data'!$C20,_xlfn.XLOOKUP('EV Battery'!$C$7,'GREET input data'!$B$3:$B$9,'GREET input data'!$D$3:$D$9),N$29-1) -> 0 | O5: =OFFSET('GREET input data'!$C20,_xlfn.XLOOKUP('EV Battery'!$C$7,'GREET input data'!$B$3:$B$9,'GREET input data'!$D$3:$D$9),O$29-1) -> 0 | P5: =OFFSET('GREET input data'!$C20,_xlfn.XLOOKUP('EV Battery'!$C$7,'GREET input data'!$B$3:$B$9,'GREET input data'!$D$3:$D$9),P$29-1) -> 0 | ... R5: =OFFSET('GREET input data'!$C20,_xlfn.XLOOKUP('EV Battery'!$C$7,'GREET input data'!$B$3:$B$9,'GREET input data'!$D$3:$D$9),R$29-1) -> 0 | S5: 0 | T5: 0 | U5: 0
B6: Binder | C6: =_xlfn.XLOOKUP('EV Battery'!$C$6,$I$2:$U$2,I6:U6)*'EV Battery'!$C$5 -> 2.1991313 | E6: 1 | G6: =1-E6-F6 -> 0 | I6: =OFFSET('GREET input data'!$C21,_xlfn.XLOOKUP('EV Battery'!$C$7,'GREET input data'!$B$3:$B$9,'GREET input data'!$D$3:$D$9),I$29-1) -> 0.0081 | J6: =OFFSET('GREET input data'!$C21,_xlfn.XLOOKUP('EV Battery'!$C$7,'GREET input data'!$B$3:$B$9,'GREET input data'!$D$3:$D$9),J$29-1) -> 0.0083 | K6: =OFFSET('GREET input data'!$C21,_xlfn.XLOOKUP('EV Battery'!$C$7,'GREET input data'!$B$3:$B$9,'GREET input data'!$D$3:$D$9),K$29-1) -> 0.0082 | L6: =OFFSET('GREET input data'!$C21,_xlfn.XLOOKUP('EV Battery'!$C$7,'GREET input data'!$B$3:$B$9,'GREET input data'!$D$3:$D$9),L$29-1) -> 0.0081 | M6: =OFFSET('GREET input data'!$C21,_xlfn.XLOOKUP('EV Battery'!$C$7,'GREET input data'!$B$3:$B$9,'GREET input data'!$D$3:$D$9),M$29-1) -> 0.008 | N6: =OFFSET('GREET input data'!$C21,_xlfn.XLOOKUP('EV Battery'!$C$7,'GREET input data'!$B$3:$B$9,'GREET input data'!$D$3:$D$9),N$29-1) -> 0.0079 | O6: =OFFSET('GREET input data'!$C21,_xlfn.XLOOKUP('EV Battery'!$C$7,'GREET input data'!$B$3:$B$9,'GREET input data'!$D$3:$D$9),O$29-1) -> 0.0081 | P6: =OFFSET('GREET input data'!$C21,_xlfn.XLOOKUP('EV Battery'!$C$7,'GREET input data'!$B$3:$B$9,'GREET input data'!$D$3:$D$9),P$29-1) -> 0.0084 | ... R6: =OFFSET('GREET input data'!$C21,_xlfn.XLOOKUP('EV Battery'!$C$7,'GREET input data'!$B$3:$B$9,'GREET input data'!$D$3:$D$9),R$29-1) -> 0.0081 | S6: 0.0087102142 | T6: 0.050784168 | U6: 0.055776744
B7: Copper | C7: =_xlfn.XLOOKUP('EV Battery'!$C$6,$I$2:$U$2,I7:U7)*'EV Battery'!$C$5 -> 21.13915 | E7: 0.83748536 | F7: 0.029409826 | G7: =1-E7-F7 -> 0.13310482 | I7: =OFFSET('GREET input data'!$C22,_xlfn.XLOOKUP('EV Battery'!$C$7,'GREET input data'!$B$3:$B$9,'GREET input data'!$D$3:$D$9),I$29-1) -> 0.0942 | J7: =OFFSET('GREET input data'!$C22,_xlfn.XLOOKUP('EV Battery'!$C$7,'GREET input data'!$B$3:$B$9,'GREET input data'!$D$3:$D$9),J$29-1) -> 0.0791 | K7: =OFFSET('GREET input data'!$C22,_xlfn.XLOOKUP('EV Battery'!$C$7,'GREET input data'!$B$3:$B$9,'GREET input data'!$D$3:$D$9),K$29-1) -> 0.0777 | L7: =OFFSET('GREET input data'!$C22,_xlfn.XLOOKUP('EV Battery'!$C$7,'GREET input data'!$B$3:$B$9,'GREET input data'!$D$3:$D$9),L$29-1) -> 0.0775 | M7: =OFFSET('GREET input data'!$C22,_xlfn.XLOOKUP('EV Battery'!$C$7,'GREET input data'!$B$3:$B$9,'GREET input data'!$D$3:$D$9),M$29-1) -> 0.0769 | N7: =OFFSET('GREET input data'!$C22,_xlfn.XLOOKUP('EV Battery'!$C$7,'GREET input data'!$B$3:$B$9,'GREET input data'!$D$3:$D$9),N$29-1) -> 0.0767 | O7: =OFFSET('GREET input data'!$C22,_xlfn.XLOOKUP('EV Battery'!$C$7,'GREET input data'!$B$3:$B$9,'GREET input data'!$D$3:$D$9),O$29-1) -> 0.0767 | P7: =OFFSET('GREET input data'!$C22,_xlfn.XLOOKUP('EV Battery'!$C$7,'GREET input data'!$B$3:$B$9,'GREET input data'!$D$3:$D$9),P$29-1) -> 0.0906 | ... R7: =OFFSET('GREET input data'!$C22,_xlfn.XLOOKUP('EV Battery'!$C$7,'GREET input data'!$B$3:$B$9,'GREET input data'!$D$3:$D$9),R$29-1) -> 0.0942 | S7: 0.016899069 | T7: 0.072916445 | U7: 0.072695381
B8: Wrought Aluminum | C8: =_xlfn.XLOOKUP('EV Battery'!$C$6,$I$2:$U$2,I8:U8)*'EV Battery'!$C$5 -> 34.169003 | E8: 0.09399105 | F8: 0.21973285 | G8: =1-E8-F8 -> 0.6862761 | I8: =OFFSET('GREET input data'!$C23,_xlfn.XLOOKUP('EV Battery'!$C$7,'GREET input data'!$B$3:$B$9,'GREET input data'!$D$3:$D$9),I$29-1) -> 0.1274 | J8: =OFFSET('GREET input data'!$C23,_xlfn.XLOOKUP('EV Battery'!$C$7,'GREET input data'!$B$3:$B$9,'GREET input data'!$D$3:$D$9),J$29-1) -> 0.1227 | K8: =OFFSET('GREET input data'!$C23,_xlfn.XLOOKUP('EV Battery'!$C$7,'GREET input data'!$B$3:$B$9,'GREET input data'!$D$3:$D$9),K$29-1) -> 0.1232 | L8: =OFFSET('GREET input data'!$C23,_xlfn.XLOOKUP('EV Battery'!$C$7,'GREET input data'!$B$3:$B$9,'GREET input data'!$D$3:$D$9),L$29-1) -> 0.1234 | M8: =OFFSET('GREET input data'!$C23,_xlfn.XLOOKUP('EV Battery'!$C$7,'GREET input data'!$B$3:$B$9,'GREET input data'!$D$3:$D$9),M$29-1) -> 0.1243 | N8: =OFFSET('GREET input data'!$C23,_xlfn.XLOOKUP('EV Battery'!$C$7,'GREET input data'!$B$3:$B$9,'GREET input data'!$D$3:$D$9),N$29-1) -> 0.1249 | O8: =OFFSET('GREET input data'!$C23,_xlfn.XLOOKUP('EV Battery'!$C$7,'GREET input data'!$B$3:$B$9,'GREET input data'!$D$3:$D$9),O$29-1) -> 0.1234 | P8: =OFFSET('GREET input data'!$C23,_xlfn.XLOOKUP('EV Battery'!$C$7,'GREET input data'!$B$3:$B$9,'GREET input data'!$D$3:$D$9),P$29-1) -> 0.1236 | ... R8: =OFFSET('GREET input data'!$C23,_xlfn.XLOOKUP('EV Battery'!$C$7,'GREET input data'!$B$3:$B$9,'GREET input data'!$D$3:$D$9),R$29-1) -> 0.1274 | S8: 0.17728162 | T8: 0.16232648 | U8: 0.13377141
B9: Cast Aluminum | C9: =_xlfn.XLOOKUP('EV Battery'!$C$6,$I$2:$U$2,I9:U9)*'EV Battery'!$C$5 -> 0 | G9: =1-E9-F9 -> 1 | I9: =OFFSET('GREET input data'!$C24,_xlfn.XLOOKUP('EV Battery'!$C$7,'GREET input data'!$B$3:$B$9,'GREET input data'!$D$3:$D$9),I$29-1) -> 0 | J9: =OFFSET('GREET input data'!$C24,_xlfn.XLOOKUP('EV Battery'!$C$7,'GREET input data'!$B$3:$B$9,'GREET input data'!$D$3:$D$9),J$29-1) -> 0 | K9: =OFFSET('GREET input data'!$C24,_xlfn.XLOOKUP('EV Battery'!$C$7,'GREET input data'!$B$3:$B$9,'GREET input data'!$D$3:$D$9),K$29-1) -> 0 | L9: =OFFSET('GREET input data'!$C24,_xlfn.XLOOKUP('EV Battery'!$C$7,'GREET input data'!$B$3:$B$9,'GREET input data'!$D$3:$D$9),L$29-1) -> 0 | M9: =OFFSET('GREET input data'!$C24,_xlfn.XLOOKUP('EV Battery'!$C$7,'GREET input data'!$B$3:$B$9,'GREET input data'!$D$3:$D$9),M$29-1) -> 0 | N9: =OFFSET('GREET input data'!$C24,_xlfn.XLOOKUP('EV Battery'!$C$7,'GREET input data'!$B$3:$B$9,'GREET input data'!$D$3:$D$9),N$29-1) -> 0 | O9: =OFFSET('GREET input data'!$C24,_xlfn.XLOOKUP('EV Battery'!$C$7,'GREET input data'!$B$3:$B$9,'GREET input data'!$D$3:$D$9),O$29-1) -> 0 | P9: =OFFSET('GREET input data'!$C24,_xlfn.XLOOKUP('EV Battery'!$C$7,'GREET input data'!$B$3:$B$9,'GREET input data'!$D$3:$D$9),P$29-1) -> 0 | ... R9: =OFFSET('GREET input data'!$C24,_xlfn.XLOOKUP('EV Battery'!$C$7,'GREET input data'!$B$3:$B$9,'GREET input data'!$D$3:$D$9),R$29-1) -> 0 | S9: 0 | T9: 0 | U9: 0
B10: Electrolyte: LiPF6 | C10: =_xlfn.XLOOKUP('EV Battery'!$C$6,$I$2:$U$2,I10:U10)*'EV Battery'!$C$5 -> 2.721425 | E10: 1 | G10: =1-E10-F10 -> 0 | I10: =OFFSET('GREET input data'!$C25,_xlfn.XLOOKUP('EV Battery'!$C$7,'GREET input data'!$B$3:$B$9,'GREET input data'!$D$3:$D$9),I$29-1) -> 0.0118 | J10: =OFFSET('GREET input data'!$C25,_xlfn.XLOOKUP('EV Battery'!$C$7,'GREET input data'!$B$3:$B$9,'GREET input data'!$D$3:$D$9),J$29-1) -> 0.0101 | K10: =OFFSET('GREET input data'!$C25,_xlfn.XLOOKUP('EV Battery'!$C$7,'GREET input data'!$B$3:$B$9,'GREET input data'!$D$3:$D$9),K$29-1) -> 0.0101 | L10: =OFFSET('GREET input data'!$C25,_xlfn.XLOOKUP('EV Battery'!$C$7,'GREET input data'!$B$3:$B$9,'GREET input data'!$D$3:$D$9),L$29-1) -> 0.01 | M10: =OFFSET('GREET input data'!$C25,_xlfn.XLOOKUP('EV Battery'!$C$7,'GREET input data'!$B$3:$B$9,'GREET input data'!$D$3:$D$9),M$29-1) -> 0.0099 | N10: =OFFSET('GREET input data'!$C25,_xlfn.XLOOKUP('EV Battery'!$C$7,'GREET input data'!$B$3:$B$9,'GREET input data'!$D$3:$D$9),N$29-1) -> 0.0099 | O10: =OFFSET('GREET input data'!$C25,_xlfn.XLOOKUP('EV Battery'!$C$7,'GREET input data'!$B$3:$B$9,'GREET input data'!$D$3:$D$9),O$29-1) -> 0.0099 | P10: =OFFSET('GREET input data'!$C25,_xlfn.XLOOKUP('EV Battery'!$C$7,'GREET input data'!$B$3:$B$9,'GREET input data'!$D$3:$D$9),P$29-1) -> 0.0108 | ... R10: =OFFSET('GREET input data'!$C25,_xlfn.XLOOKUP('EV Battery'!$C$7,'GREET input data'!$B$3:$B$9,'GREET input data'!$D$3:$D$9),R$29-1) -> 0.0118 | S10: 0.012688954 | T10: 0.0056426854 | U10: 0.006197416
B11: Electrolyte: Ethylene Carbonate | C11: =_xlfn.XLOOKUP('EV Battery'!$C$6,$I$2:$U$2,I11:U11)*'EV Battery'!$C$5 -> 7.5870031 | E11: 1 | G11: =1-E11-F11 -> 0 | I11: =OFFSET('GREET input data'!$C26,_xlfn.XLOOKUP('EV Battery'!$C$7,'GREET input data'!$B$3:$B$9,'GREET input data'!$D$3:$D$9),I$29-1) -> 0.0328 | J11: =OFFSET('GREET input data'!$C26,_xlfn.XLOOKUP('EV Battery'!$C$7,'GREET input data'!$B$3:$B$9,'GREET input data'!$D$3:$D$9),J$29-1) -> 0.0281 | K11: =OFFSET('GREET input data'!$C26,_xlfn.XLOOKUP('EV Battery'!$C$7,'GREET input data'!$B$3:$B$9,'GREET input data'!$D$3:$D$9),K$29-1) -> 0.0279 | L11: =OFFSET('GREET input data'!$C26,_xlfn.XLOOKUP('EV Battery'!$C$7,'GREET input data'!$B$3:$B$9,'GREET input data'!$D$3:$D$9),L$29-1) -> 0.0279 | M11: =OFFSET('GREET input data'!$C26,_xlfn.XLOOKUP('EV Battery'!$C$7,'GREET input data'!$B$3:$B$9,'GREET input data'!$D$3:$D$9),M$29-1) -> 0.0276 | N11: =OFFSET('GREET input data'!$C26,_xlfn.XLOOKUP('EV Battery'!$C$7,'GREET input data'!$B$3:$B$9,'GREET input data'!$D$3:$D$9),N$29-1) -> 0.0274 | O11: =OFFSET('GREET input data'!$C26,_xlfn.XLOOKUP('EV Battery'!$C$7,'GREET input data'!$B$3:$B$9,'GREET input data'!$D$3:$D$9),O$29-1) -> 0.0275 | P11: =OFFSET('GREET input data'!$C26,_xlfn.XLOOKUP('EV Battery'!$C$7,'GREET input data'!$B$3:$B$9,'GREET input data'!$D$3:$D$9),P$29-1) -> 0.0301 | ... R11: =OFFSET('GREET input data'!$C26,_xlfn.XLOOKUP('EV Battery'!$C$7,'GREET input data'!$B$3:$B$9,'GREET input data'!$D$3:$D$9),R$29-1) -> 0.0328 | S11: 0.035163457 | T11: 0 | U11: 0
B12: Electrolyte: Dimethyl Carbonate | C12: =_xlfn.XLOOKUP('EV Battery'!$C$6,$I$2:$U$2,I12:U12)*'EV Battery'!$C$5 -> 7.5870031 | E12: 1 | G12: =1-E12-F12 -> 0 | I12: =OFFSET('GREET input data'!$C27,_xlfn.XLOOKUP('EV Battery'!$C$7,'GREET input data'!$B$3:$B$9,'GREET input data'!$D$3:$D$9),I$29-1) -> 0.0328 | J12: =OFFSET('GREET input data'!$C27,_xlfn.XLOOKUP('EV Battery'!$C$7,'GREET input data'!$B$3:$B$9,'GREET input data'!$D$3:$D$9),J$29-1) -> 0.0281 | K12: =OFFSET('GREET input data'!$C27,_xlfn.XLOOKUP('EV Battery'!$C$7,'GREET input data'!$B$3:$B$9,'GREET input data'!$D$3:$D$9),K$29-1) -> 0.0279 | L12: =OFFSET('GREET input data'!$C27,_xlfn.XLOOKUP('EV Battery'!$C$7,'GREET input data'!$B$3:$B$9,'GREET input data'!$D$3:$D$9),L$29-1) -> 0.0279 | M12: =OFFSET('GREET input data'!$C27,_xlfn.XLOOKUP('EV Battery'!$C$7,'GREET input data'!$B$3:$B$9,'GREET input data'!$D$3:$D$9),M$29-1) -> 0.0276 | N12: =OFFSET('GREET input data'!$C27,_xlfn.XLOOKUP('EV Battery'!$C$7,'GREET input data'!$B$3:$B$9,'GREET input data'!$D$3:$D$9),N$29-1) -> 0.0274 | O12: =OFFSET('GREET input data'!$C27,_xlfn.XLOOKUP('EV Battery'!$C$7,'GREET input data'!$B$3:$B$9,'GREET input data'!$D$3:$D$9),O$29-1) -> 0.0275 | P12: =OFFSET('GREET input data'!$C27,_xlfn.XLOOKUP('EV Battery'!$C$7,'GREET input data'!$B$3:$B$9,'GREET input data'!$D$3:$D$9),P$29-1) -> 0.0301 | ... R12: =OFFSET('GREET input data'!$C27,_xlfn.XLOOKUP('EV Battery'!$C$7,'GREET input data'!$B$3:$B$9,'GREET input data'!$D$3:$D$9),R$29-1) -> 0.0328 | S12: 0.035163457 | T12: 0 | U12: 0
B13: Plastic: Polypropylene | C13: =_xlfn.XLOOKUP('EV Battery'!$C$6,$I$2:$U$2,I13:U13)*'EV Battery'!$C$5 -> 0.21991313 | E13: 1 | G13: =1-E13-F13 -> 0 | I13: =OFFSET('GREET input data'!$C28,_xlfn.XLOOKUP('EV Battery'!$C$7,'GREET input data'!$B$3:$B$9,'GREET input data'!$D$3:$D$9),I$29-1) -> 0.0008 | J13: =OFFSET('GREET input data'!$C28,_xlfn.XLOOKUP('EV Battery'!$C$7,'GREET input data'!$B$3:$B$9,'GREET input data'!$D$3:$D$9),J$29-1) -> 0.0008 | K13: =OFFSET('GREET input data'!$C28,_xlfn.XLOOKUP('EV Battery'!$C$7,'GREET input data'!$B$3:$B$9,'GREET input data'!$D$3:$D$9),K$29-1) -> 0.0008 | L13: =OFFSET('GREET input data'!$C28,_xlfn.XLOOKUP('EV Battery'!$C$7,'GREET input data'!$B$3:$B$9,'GREET input data'!$D$3:$D$9),L$29-1) -> 0.0008 | M13: =OFFSET('GREET input data'!$C28,_xlfn.XLOOKUP('EV Battery'!$C$7,'GREET input data'!$B$3:$B$9,'GREET input data'!$D$3:$D$9),M$29-1) -> 0.0008 | N13: =OFFSET('GREET input data'!$C28,_xlfn.XLOOKUP('EV Battery'!$C$7,'GREET input data'!$B$3:$B$9,'GREET input data'!$D$3:$D$9),N$29-1) -> 0.0008 | O13: =OFFSET('GREET input data'!$C28,_xlfn.XLOOKUP('EV Battery'!$C$7,'GREET input data'!$B$3:$B$9,'GREET input data'!$D$3:$D$9),O$29-1) -> 0.0008 | P13: =OFFSET('GREET input data'!$C28,_xlfn.XLOOKUP('EV Battery'!$C$7,'GREET input data'!$B$3:$B$9,'GREET input data'!$D$3:$D$9),P$29-1) -> 0.0008 | ... R13: =OFFSET('GREET input data'!$C28,_xlfn.XLOOKUP('EV Battery'!$C$7,'GREET input data'!$B$3:$B$9,'GREET input data'!$D$3:$D$9),R$29-1) -> 0.0008 | S13: 0.00086026807 | T13: 0 | U13: 0
B14: Plastic: Polyethylene | C14: =_xlfn.XLOOKUP('EV Battery'!$C$6,$I$2:$U$2,I14:U14)*'EV Battery'!$C$5 -> 1.5393919 | G14: =1-E14-F14 -> 1 | I14: =OFFSET('GREET input data'!$C29,_xlfn.XLOOKUP('EV Battery'!$C$7,'GREET input data'!$B$3:$B$9,'GREET input data'!$D$3:$D$9),I$29-1) -> 0.0093 | J14: =OFFSET('GREET input data'!$C29,_xlfn.XLOOKUP('EV Battery'!$C$7,'GREET input data'!$B$3:$B$9,'GREET input data'!$D$3:$D$9),J$29-1) -> 0.0064 | K14: =OFFSET('GREET input data'!$C29,_xlfn.XLOOKUP('EV Battery'!$C$7,'GREET input data'!$B$3:$B$9,'GREET input data'!$D$3:$D$9),K$29-1) -> 0.0061 | L14: =OFFSET('GREET input data'!$C29,_xlfn.XLOOKUP('EV Battery'!$C$7,'GREET input data'!$B$3:$B$9,'GREET input data'!$D$3:$D$9),L$29-1) -> 0.006 | M14: =OFFSET('GREET input data'!$C29,_xlfn.XLOOKUP('EV Battery'!$C$7,'GREET input data'!$B$3:$B$9,'GREET input data'!$D$3:$D$9),M$29-1) -> 0.0056 | N14: =OFFSET('GREET input data'!$C29,_xlfn.XLOOKUP('EV Battery'!$C$7,'GREET input data'!$B$3:$B$9,'GREET input data'!$D$3:$D$9),N$29-1) -> 0.0054 | O14: =OFFSET('GREET input data'!$C29,_xlfn.XLOOKUP('EV Battery'!$C$7,'GREET input data'!$B$3:$B$9,'GREET input data'!$D$3:$D$9),O$29-1) -> 0.0057 | P14: =OFFSET('GREET input data'!$C29,_xlfn.XLOOKUP('EV Battery'!$C$7,'GREET input data'!$B$3:$B$9,'GREET input data'!$D$3:$D$9),P$29-1) -> 0.009 | ... R14: =OFFSET('GREET input data'!$C29,_xlfn.XLOOKUP('EV Battery'!$C$7,'GREET input data'!$B$3:$B$9,'GREET input data'!$D$3:$D$9),R$29-1) -> 0.0093 | S14: 0.010000616 | T14: 0 | U14: 0
B15: Plastic: Polymer | C15: =_xlfn.XLOOKUP('EV Battery'!$C$6,$I$2:$U$2,I15:U15)*'EV Battery'!$C$5 -> 2.6664468 | G15: =1-E15-F15 -> 1 | I15: =OFFSET('GREET input data'!$C30,_xlfn.XLOOKUP('EV Battery'!$C$7,'GREET input data'!$B$3:$B$9,'GREET input data'!$D$3:$D$9),I$29-1) -> 0.0088 | J15: =OFFSET('GREET input data'!$C30,_xlfn.XLOOKUP('EV Battery'!$C$7,'GREET input data'!$B$3:$B$9,'GREET input data'!$D$3:$D$9),J$29-1) -> 0.0093 | K15: =OFFSET('GREET input data'!$C30,_xlfn.XLOOKUP('EV Battery'!$C$7,'GREET input data'!$B$3:$B$9,'GREET input data'!$D$3:$D$9),K$29-1) -> 0.0094 | L15: =OFFSET('GREET input data'!$C30,_xlfn.XLOOKUP('EV Battery'!$C$7,'GREET input data'!$B$3:$B$9,'GREET input data'!$D$3:$D$9),L$29-1) -> 0.0095 | M15: =OFFSET('GREET input data'!$C30,_xlfn.XLOOKUP('EV Battery'!$C$7,'GREET input data'!$B$3:$B$9,'GREET input data'!$D$3:$D$9),M$29-1) -> 0.0097 | N15: =OFFSET('GREET input data'!$C30,_xlfn.XLOOKUP('EV Battery'!$C$7,'GREET input data'!$B$3:$B$9,'GREET input data'!$D$3:$D$9),N$29-1) -> 0.0098 | O15: =OFFSET('GREET input data'!$C30,_xlfn.XLOOKUP('EV Battery'!$C$7,'GREET input data'!$B$3:$B$9,'GREET input data'!$D$3:$D$9),O$29-1) -> 0.0096 | P15: =OFFSET('GREET input data'!$C30,_xlfn.XLOOKUP('EV Battery'!$C$7,'GREET input data'!$B$3:$B$9,'GREET input data'!$D$3:$D$9),P$29-1) -> 0.0086 | ... R15: =OFFSET('GREET input data'!$C30,_xlfn.XLOOKUP('EV Battery'!$C$7,'GREET input data'!$B$3:$B$9,'GREET input data'!$D$3:$D$9),R$29-1) -> 0.0088 | S15: 0.0096780158 | T15: 0.011360329 | U15: 0.01051061
B16: Plastic: Polyethylene Terephthalate | C16: =_xlfn.XLOOKUP('EV Battery'!$C$6,$I$2:$U$2,I16:U16)*'EV Battery'!$C$5 -> 0.46731541 | G16: =1-E16-F16 -> 1 | I16: =OFFSET('GREET input data'!$C31,_xlfn.XLOOKUP('EV Battery'!$C$7,'GREET input data'!$B$3:$B$9,'GREET input data'!$D$3:$D$9),I$29-1) -> 0.0017 | J16: =OFFSET('GREET input data'!$C31,_xlfn.XLOOKUP('EV Battery'!$C$7,'GREET input data'!$B$3:$B$9,'GREET input data'!$D$3:$D$9),J$29-1) -> 0.0016 | K16: =OFFSET('GREET input data'!$C31,_xlfn.XLOOKUP('EV Battery'!$C$7,'GREET input data'!$B$3:$B$9,'GREET input data'!$D$3:$D$9),K$29-1) -> 0.0017 | L16: =OFFSET('GREET input data'!$C31,_xlfn.XLOOKUP('EV Battery'!$C$7,'GREET input data'!$B$3:$B$9,'GREET input data'!$D$3:$D$9),L$29-1) -> 0.0016 | M16: =OFFSET('GREET input data'!$C31,_xlfn.XLOOKUP('EV Battery'!$C$7,'GREET input data'!$B$3:$B$9,'GREET input data'!$D$3:$D$9),M$29-1) -> 0.0017 | N16: =OFFSET('GREET input data'!$C31,_xlfn.XLOOKUP('EV Battery'!$C$7,'GREET input data'!$B$3:$B$9,'GREET input data'!$D$3:$D$9),N$29-1) -> 0.0017 | O16: =OFFSET('GREET input data'!$C31,_xlfn.XLOOKUP('EV Battery'!$C$7,'GREET input data'!$B$3:$B$9,'GREET input data'!$D$3:$D$9),O$29-1) -> 0.0016 | P16: =OFFSET('GREET input data'!$C31,_xlfn.XLOOKUP('EV Battery'!$C$7,'GREET input data'!$B$3:$B$9,'GREET input data'!$D$3:$D$9),P$29-1) -> 0.0016 | ... R16: =OFFSET('GREET input data'!$C31,_xlfn.XLOOKUP('EV Battery'!$C$7,'GREET input data'!$B$3:$B$9,'GREET input data'!$D$3:$D$9),R$29-1) -> 0.0017 | S16: 0.0018280697 | T16: 0.0021458399 | U16: 0.0018048523
B17: Steel | C17: =_xlfn.XLOOKUP('EV Battery'!$C$6,$I$2:$U$2,I17:U17)*'EV Battery'!$C$5 -> 50.717467 | G17: =1-E17-F17 -> 1 | I17: =OFFSET('GREET input data'!$C32,_xlfn.XLOOKUP('EV Battery'!$C$7,'GREET input data'!$B$3:$B$9,'GREET input data'!$D$3:$D$9),I$29-1) -> 0.1599 | J17: =OFFSET('GREET input data'!$C32,_xlfn.XLOOKUP('EV Battery'!$C$7,'GREET input data'!$B$3:$B$9,'GREET input data'!$D$3:$D$9),J$29-1) -> 0.1749 | K17: =OFFSET('GREET input data'!$C32,_xlfn.XLOOKUP('EV Battery'!$C$7,'GREET input data'!$B$3:$B$9,'GREET input data'!$D$3:$D$9),K$29-1) -> 0.1783 | L17: =OFFSET('GREET input data'!$C32,_xlfn.XLOOKUP('EV Battery'!$C$7,'GREET input data'!$B$3:$B$9,'GREET input data'!$D$3:$D$9),L$29-1) -> 0.1796 | M17: =OFFSET('GREET input data'!$C32,_xlfn.XLOOKUP('EV Battery'!$C$7,'GREET input data'!$B$3:$B$9,'GREET input data'!$D$3:$D$9),M$29-1) -> 0.1845 | N17: =OFFSET('GREET input data'!$C32,_xlfn.XLOOKUP('EV Battery'!$C$7,'GREET input data'!$B$3:$B$9,'GREET input data'!$D$3:$D$9),N$29-1) -> 0.1879 | O17: =OFFSET('GREET input data'!$C32,_xlfn.XLOOKUP('EV Battery'!$C$7,'GREET input data'!$B$3:$B$9,'GREET input data'!$D$3:$D$9),O$29-1) -> 0.1824 | P17: =OFFSET('GREET input data'!$C32,_xlfn.XLOOKUP('EV Battery'!$C$7,'GREET input data'!$B$3:$B$9,'GREET input data'!$D$3:$D$9),P$29-1) -> 0.1578 | ... R17: =OFFSET('GREET input data'!$C32,_xlfn.XLOOKUP('EV Battery'!$C$7,'GREET input data'!$B$3:$B$9,'GREET input data'!$D$3:$D$9),R$29-1) -> 0.1599 | S17: 0.16990294 | T17: 0.19943688 | U17: 0.19503022
B18: Stainless Steel | C18: =_xlfn.XLOOKUP('EV Battery'!$C$6,$I$2:$U$2,I18:U18)*'EV Battery'!$C$5 -> 19.049975 | G18: =1-E18-F18 -> 1 | I18: =OFFSET('GREET input data'!$C33,_xlfn.XLOOKUP('EV Battery'!$C$7,'GREET input data'!$B$3:$B$9,'GREET input data'!$D$3:$D$9),I$29-1) -> 0.0634 | J18: =OFFSET('GREET input data'!$C33,_xlfn.XLOOKUP('EV Battery'!$C$7,'GREET input data'!$B$3:$B$9,'GREET input data'!$D$3:$D$9),J$29-1) -> 0.0667 | K18: =OFFSET('GREET input data'!$C33,_xlfn.XLOOKUP('EV Battery'!$C$7,'GREET input data'!$B$3:$B$9,'GREET input data'!$D$3:$D$9),K$29-1) -> 0.0676 | L18: =OFFSET('GREET input data'!$C33,_xlfn.XLOOKUP('EV Battery'!$C$7,'GREET input data'!$B$3:$B$9,'GREET input data'!$D$3:$D$9),L$29-1) -> 0.068 | M18: =OFFSET('GREET input data'!$C33,_xlfn.XLOOKUP('EV Battery'!$C$7,'GREET input data'!$B$3:$B$9,'GREET input data'!$D$3:$D$9),M$29-1) -> 0.0693 | N18: =OFFSET('GREET input data'!$C33,_xlfn.XLOOKUP('EV Battery'!$C$7,'GREET input data'!$B$3:$B$9,'GREET input data'!$D$3:$D$9),N$29-1) -> 0.0702 | O18: =OFFSET('GREET input data'!$C33,_xlfn.XLOOKUP('EV Battery'!$C$7,'GREET input data'!$B$3:$B$9,'GREET input data'!$D$3:$D$9),O$29-1) -> 0.0687 | P18: =OFFSET('GREET input data'!$C33,_xlfn.XLOOKUP('EV Battery'!$C$7,'GREET input data'!$B$3:$B$9,'GREET input data'!$D$3:$D$9),P$29-1) -> 0.0619 | ... R18: =OFFSET('GREET input data'!$C33,_xlfn.XLOOKUP('EV Battery'!$C$7,'GREET input data'!$B$3:$B$9,'GREET input data'!$D$3:$D$9),R$29-1) -> 0.0634 | S18: 0.068713912 | T18: 0.080658335 | U18: 0.074529783
B19: Ceramic | C19: =_xlfn.XLOOKUP('EV Battery'!$C$6,$I$2:$U$2,I19:U19)*'EV Battery'!$C$5 -> 0.13744571 | G19: =1-E19-F19 -> 1 | I19: =OFFSET('GREET input data'!$C34,_xlfn.XLOOKUP('EV Battery'!$C$7,'GREET input data'!$B$3:$B$9,'GREET input data'!$D$3:$D$9),I$29-1) -> 0.0004 | J19: =OFFSET('GREET input data'!$C34,_xlfn.XLOOKUP('EV Battery'!$C$7,'GREET input data'!$B$3:$B$9,'GREET input data'!$D$3:$D$9),J$29-1) -> 0.0004 | K19: =OFFSET('GREET input data'!$C34,_xlfn.XLOOKUP('EV Battery'!$C$7,'GREET input data'!$B$3:$B$9,'GREET input data'!$D$3:$D$9),K$29-1) -> 0.0005 | L19: =OFFSET('GREET input data'!$C34,_xlfn.XLOOKUP('EV Battery'!$C$7,'GREET input data'!$B$3:$B$9,'GREET input data'!$D$3:$D$9),L$29-1) -> 0.0005 | M19: =OFFSET('GREET input data'!$C34,_xlfn.XLOOKUP('EV Battery'!$C$7,'GREET input data'!$B$3:$B$9,'GREET input data'!$D$3:$D$9),M$29-1) -> 0.0005 | N19: =OFFSET('GREET input data'!$C34,_xlfn.XLOOKUP('EV Battery'!$C$7,'GREET input data'!$B$3:$B$9,'GREET input data'!$D$3:$D$9),N$29-1) -> 0.0005 | O19: =OFFSET('GREET input data'!$C34,_xlfn.XLOOKUP('EV Battery'!$C$7,'GREET input data'!$B$3:$B$9,'GREET input data'!$D$3:$D$9),O$29-1) -> 0.0005 | P19: =OFFSET('GREET input data'!$C34,_xlfn.XLOOKUP('EV Battery'!$C$7,'GREET input data'!$B$3:$B$9,'GREET input data'!$D$3:$D$9),P$29-1) -> 0.0004 | ... R19: =OFFSET('GREET input data'!$C34,_xlfn.XLOOKUP('EV Battery'!$C$7,'GREET input data'!$B$3:$B$9,'GREET input data'!$D$3:$D$9),R$29-1) -> 0.0004 | S19: 0.00032260053 | T19: 0.00037867763 | U19: 0.00042467113
B20: Thermal Insulation | C20: =_xlfn.XLOOKUP('EV Battery'!$C$6,$I$2:$U$2,I20:U20)*'EV Battery'!$C$5 -> 1.0720765 | G20: =1-E20-F20 -> 1 | I20: =OFFSET('GREET input data'!$C35,_xlfn.XLOOKUP('EV Battery'!$C$7,'GREET input data'!$B$3:$B$9,'GREET input data'!$D$3:$D$9),I$29-1) -> 0.0034 | J20: =OFFSET('GREET input data'!$C35,_xlfn.XLOOKUP('EV Battery'!$C$7,'GREET input data'!$B$3:$B$9,'GREET input data'!$D$3:$D$9),J$29-1) -> 0.0037 | K20: =OFFSET('GREET input data'!$C35,_xlfn.XLOOKUP('EV Battery'!$C$7,'GREET input data'!$B$3:$B$9,'GREET input data'!$D$3:$D$9),K$29-1) -> 0.0038 | L20: =OFFSET('GREET input data'!$C35,_xlfn.XLOOKUP('EV Battery'!$C$7,'GREET input data'!$B$3:$B$9,'GREET input data'!$D$3:$D$9),L$29-1) -> 0.0038 | M20: =OFFSET('GREET input data'!$C35,_xlfn.XLOOKUP('EV Battery'!$C$7,'GREET input data'!$B$3:$B$9,'GREET input data'!$D$3:$D$9),M$29-1) -> 0.0039 | N20: =OFFSET('GREET input data'!$C35,_xlfn.XLOOKUP('EV Battery'!$C$7,'GREET input data'!$B$3:$B$9,'GREET input data'!$D$3:$D$9),N$29-1) -> 0.004 | O20: =OFFSET('GREET input data'!$C35,_xlfn.XLOOKUP('EV Battery'!$C$7,'GREET input data'!$B$3:$B$9,'GREET input data'!$D$3:$D$9),O$29-1) -> 0.0039 | P20: =OFFSET('GREET input data'!$C35,_xlfn.XLOOKUP('EV Battery'!$C$7,'GREET input data'!$B$3:$B$9,'GREET input data'!$D$3:$D$9),P$29-1) -> 0.0034 | ... R20: =OFFSET('GREET input data'!$C35,_xlfn.XLOOKUP('EV Battery'!$C$7,'GREET input data'!$B$3:$B$9,'GREET input data'!$D$3:$D$9),R$29-1) -> 0.0034 | S20: 0.0037636728 | T20: 0.0044179057 | U20: 0.0042467113
B21: Coolant: Glycol | C21: =_xlfn.XLOOKUP('EV Battery'!$C$6,$I$2:$U$2,I21:U21)*'EV Battery'!$C$5 -> 12.287646 | G21: =1-E21-F21 -> 1 | I21: =OFFSET('GREET input data'!$C36,_xlfn.XLOOKUP('EV Battery'!$C$7,'GREET input data'!$B$3:$B$9,'GREET input data'!$D$3:$D$9),I$29-1) -> 0.0409 | J21: =OFFSET('GREET input data'!$C36,_xlfn.XLOOKUP('EV Battery'!$C$7,'GREET input data'!$B$3:$B$9,'GREET input data'!$D$3:$D$9),J$29-1) -> 0.043 | K21: =OFFSET('GREET input data'!$C36,_xlfn.XLOOKUP('EV Battery'!$C$7,'GREET input data'!$B$3:$B$9,'GREET input data'!$D$3:$D$9),K$29-1) -> 0.0437 | L21: =OFFSET('GREET input data'!$C36,_xlfn.XLOOKUP('EV Battery'!$C$7,'GREET input data'!$B$3:$B$9,'GREET input data'!$D$3:$D$9),L$29-1) -> 0.0439 | M21: =OFFSET('GREET input data'!$C36,_xlfn.XLOOKUP('EV Battery'!$C$7,'GREET input data'!$B$3:$B$9,'GREET input data'!$D$3:$D$9),M$29-1) -> 0.0447 | N21: =OFFSET('GREET input data'!$C36,_xlfn.XLOOKUP('EV Battery'!$C$7,'GREET input data'!$B$3:$B$9,'GREET input data'!$D$3:$D$9),N$29-1) -> 0.0452 | O21: =OFFSET('GREET input data'!$C36,_xlfn.XLOOKUP('EV Battery'!$C$7,'GREET input data'!$B$3:$B$9,'GREET input data'!$D$3:$D$9),O$29-1) -> 0.0442 | P21: =OFFSET('GREET input data'!$C36,_xlfn.XLOOKUP('EV Battery'!$C$7,'GREET input data'!$B$3:$B$9,'GREET input data'!$D$3:$D$9),P$29-1) -> 0.0399 | ... R21: =OFFSET('GREET input data'!$C36,_xlfn.XLOOKUP('EV Battery'!$C$7,'GREET input data'!$B$3:$B$9,'GREET input data'!$D$3:$D$9),R$29-1) -> 0.0409 | S21: 0.043981205 | T21: 0.051626383 | U21: 0.047350831
B22: Electronic Parts | C22: =_xlfn.XLOOKUP('EV Battery'!$C$6,$I$2:$U$2,I22:U22)*'EV Battery'!$C$5 -> 4.4807301 | G22: =1-E22-F22 -> 1 | I22: =OFFSET('GREET input data'!$C37,_xlfn.XLOOKUP('EV Battery'!$C$7,'GREET input data'!$B$3:$B$9,'GREET input data'!$D$3:$D$9),I$29-1) -> 0.0118 | J22: =OFFSET('GREET input data'!$C37,_xlfn.XLOOKUP('EV Battery'!$C$7,'GREET input data'!$B$3:$B$9,'GREET input data'!$D$3:$D$9),J$29-1) -> 0.0146 | K22: =OFFSET('GREET input data'!$C37,_xlfn.XLOOKUP('EV Battery'!$C$7,'GREET input data'!$B$3:$B$9,'GREET input data'!$D$3:$D$9),K$29-1) -> 0.0152 | L22: =OFFSET('GREET input data'!$C37,_xlfn.XLOOKUP('EV Battery'!$C$7,'GREET input data'!$B$3:$B$9,'GREET input data'!$D$3:$D$9),L$29-1) -> 0.0155 | M22: =OFFSET('GREET input data'!$C37,_xlfn.XLOOKUP('EV Battery'!$C$7,'GREET input data'!$B$3:$B$9,'GREET input data'!$D$3:$D$9),M$29-1) -> 0.0163 | N22: =OFFSET('GREET input data'!$C37,_xlfn.XLOOKUP('EV Battery'!$C$7,'GREET input data'!$B$3:$B$9,'GREET input data'!$D$3:$D$9),N$29-1) -> 0.0166 | O22: =OFFSET('GREET input data'!$C37,_xlfn.XLOOKUP('EV Battery'!$C$7,'GREET input data'!$B$3:$B$9,'GREET input data'!$D$3:$D$9),O$29-1) -> 0.0157 | P22: =OFFSET('GREET input data'!$C37,_xlfn.XLOOKUP('EV Battery'!$C$7,'GREET input data'!$B$3:$B$9,'GREET input data'!$D$3:$D$9),P$29-1) -> 0.0121 | ... R22: =OFFSET('GREET input data'!$C37,_xlfn.XLOOKUP('EV Battery'!$C$7,'GREET input data'!$B$3:$B$9,'GREET input data'!$D$3:$D$9),R$29-1) -> 0.0118 | S22: 0.010538284 | T22: 0.012370136 | U22: 0.014544986
B24: Total | C24: 1 | I24: =SUM(I3:I22) -> 1 | J24: =SUM(J3:J22) -> 1 | K24: =SUM(K3:K22) -> 1 | L24: =SUM(L3:L22) -> 1 | M24: =SUM(M3:M22) -> 1 | N24: =SUM(N3:N22) -> 1 | O24: =SUM(O3:O22) -> 1 | P24: =SUM(P3:P22) -> 1 | ... U24: =SUM(U3:U22) -> 1
B25: Cell mass | C25: =_xlfn.XLOOKUP('EV Battery'!$C$6,$I$2:$U$2,$I25:$U25)*'EV Battery'!$C$5 -> 148.08008 | I25: =SUMPRODUCT($E$3:$E$22,I3:I22) -> 0.56966558 | J25: =SUMPRODUCT($E$3:$E$22,J3:J22) -> 0.55537779 | K25: =SUMPRODUCT($E$3:$E$22,K3:K22) -> 0.54945231 | L25: =SUMPRODUCT($E$3:$E$22,L3:L22) -> 0.54720361 | M25: =SUMPRODUCT($E$3:$E$22,M3:M22) -> 0.53868571 | N25: =SUMPRODUCT($E$3:$E$22,N3:N22) -> 0.53307461 | O25: =SUMPRODUCT($E$3:$E$22,O3:O22) -> 0.54343362 | P25: =SUMPRODUCT($E$3:$E$22,P3:P22) -> 0.57859347 | ... U25: =SUMPRODUCT($E$3:$E$22,U3:U22) -> 0.51854519
B26: Module mass minus cell | C26: =_xlfn.XLOOKUP('EV Battery'!$C$6,$I$2:$U$2,$I26:$U26)*'EV Battery'!$C$5 -> 8.1297511 | I26: =SUMPRODUCT($F$3:$F$22,I3:I22) -> 0.03076437 | J26: =SUMPRODUCT($F$3:$F$22,J3:J22) -> 0.029287538 | K26: =SUMPRODUCT($F$3:$F$22,K3:K22) -> 0.02935623 | L26: =SUMPRODUCT($F$3:$F$22,L3:L22) -> 0.029394295 | M26: =SUMPRODUCT($F$3:$F$22,M3:M22) -> 0.029574409 | N26: =SUMPRODUCT($F$3:$F$22,N3:N22) -> 0.029700366 | O26: =SUMPRODUCT($F$3:$F$22,O3:O22) -> 0.029370767 | P26: =SUMPRODUCT($F$3:$F$22,P3:P22) -> 0.02982351 | ... U26: =SUMPRODUCT($F$3:$F$22,U3:U22) -> 0.03153193
B27: Pack mass minus Module | C27: =_xlfn.XLOOKUP('EV Battery'!$C$6,$I$2:$U$2,$I27:$U27)*'EV Battery'!$C$5 -> 118.68159 | I27: =SUMPRODUCT($G$3:$G$22,I3:I22) -> 0.39957005 | J27: =SUMPRODUCT($G$3:$G$22,J3:J22) -> 0.41533467 | K27: =SUMPRODUCT($G$3:$G$22,K3:K22) -> 0.42119146 | L27: =SUMPRODUCT($G$3:$G$22,L3:L22) -> 0.42340209 | M27: =SUMPRODUCT($G$3:$G$22,M3:M22) -> 0.43173988 | N27: =SUMPRODUCT($G$3:$G$22,N3:N22) -> 0.43722502 | O27: =SUMPRODUCT($G$3:$G$22,O3:O22) -> 0.42719561 | P27: =SUMPRODUCT($G$3:$G$22,P3:P22) -> 0.39158302 | ... U27: =SUMPRODUCT($G$3:$G$22,U3:U22) -> 0.44992288
B28: Specific energy (Wh/kgBattery) | C28: =_xlfn.XLOOKUP('EV Battery'!$C$6,$I$2:$U$2,$I28:$U28) -> 181.89 | I28: =OFFSET('GREET input data'!$C42,_xlfn.XLOOKUP('EV Battery'!$C$7,'GREET input data'!$B$3:$B$9,'GREET input data'!$D$3:$D$9),I$29-1) -> 134.08 | J28: =OFFSET('GREET input data'!$C42,_xlfn.XLOOKUP('EV Battery'!$C$7,'GREET input data'!$B$3:$B$9,'GREET input data'!$D$3:$D$9),J$29-1) -> 164.37 | K28: =OFFSET('GREET input data'!$C42,_xlfn.XLOOKUP('EV Battery'!$C$7,'GREET input data'!$B$3:$B$9,'GREET input data'!$D$3:$D$9),K$29-1) -> 171.96 | L28: =OFFSET('GREET input data'!$C42,_xlfn.XLOOKUP('EV Battery'!$C$7,'GREET input data'!$B$3:$B$9,'GREET input data'!$D$3:$D$9),L$29-1) -> 172.99 | M28: =OFFSET('GREET input data'!$C42,_xlfn.XLOOKUP('EV Battery'!$C$7,'GREET input data'!$B$3:$B$9,'GREET input data'!$D$3:$D$9),M$29-1) -> 181.89 | N28: =OFFSET('GREET input data'!$C42,_xlfn.XLOOKUP('EV Battery'!$C$7,'GREET input data'!$B$3:$B$9,'GREET input data'!$D$3:$D$9),N$29-1) -> 187.14 | O28: =OFFSET('GREET input data'!$C42,_xlfn.XLOOKUP('EV Battery'!$C$7,'GREET input data'!$B$3:$B$9,'GREET input data'!$D$3:$D$9),O$29-1) -> 176.8 | P28: =OFFSET('GREET input data'!$C42,_xlfn.XLOOKUP('EV Battery'!$C$7,'GREET input data'!$B$3:$B$9,'GREET input data'!$D$3:$D$9),P$29-1) -> 136.99 | ... R28: =OFFSET('GREET input data'!$C42,_xlfn.XLOOKUP('EV Battery'!$C$7,'GREET input data'!$B$3:$B$9,'GREET input data'!$D$3:$D$9),R$29-1) -> 134.08
B29: Ref GREET | I29: 3 | J29: 2 | K29: 7 | L29: 4 | M29: 5 | N29: 8 | O29: 6 | P29: 1 | Q29: 3 | R29: 3
B31: nb of cycles | I31: LFP | J31: NMC111 | K31: NMC532 | L31: NMC622 | M31: NMC811 | N31: NMC955 | O31: NCA | P31: LMO | Q31: LFP (Hydrothermal) | R31: LMFP | S31: Na-ion Tiamat | T31: LFP - LiM BS | U31: NMC811 - LiM BS
I32: 4000 | J32: 1500 | K32: 1500 | L32: 1500 | M32: 1500 | N32: 1500 | O32: 1500 | P32: 4000 | Q32: 4000 | R32: 4000 | S32: 1500 | T32: 4000 | U32: 1500

Sheet GREET input data
B2: Application | C2: Données Greet - range | D2: decalage | E2: km | F2: kWh | G2: kW
B3: <7 kWh | C3: =OFFSET($B$16,D3,0) -> HEV | D3: 0 | F3: =G3*0.05 -> 1.65 | G3: 33
B4: 7-14 kWh | C4: =OFFSET($B$16,D4,0) -> PHEV (35-mile) | D4: =A47 -> 29 | E4: =35*1.6 -> 56 | F4: 11.499473
B5: 14-25 kWh | C5: =OFFSET($B$16,D5,0) -> PHEV (50-mile) | D5: =D4+$D$4 -> 58 | E5: =50*1.6 -> 80 | F5: 16.453392
B6: 25-40 kWh | C6: =OFFSET($B$16,D6,0) -> EV: 150 miles | D6: =D5+$D$4 -> 87 | E6: =150*1.6 -> 240 | F6: 34.093855
B7: 40-60 kWh | C7: =OFFSET($B$16,D7,0) -> EV: 200 miles | D7: =D6+$D$4 -> 116 | E7: =200*1.6 -> 320 | F7: 45.283147
B8: 60-90 kWh | C8: =OFFSET($B$16,D8,0) -> EV: 300 miles | D8: =D7+$D$4 -> 145 | E8: =300*1.6 -> 480 | F8: 70.778396
B9: >90 kWh | C9: =OFFSET($B$16,D9,0) -> EV: 400 miles | D9: =D8+$D$4 -> 174 | E9: =400*1.6 -> 640 | F9: 110.36204
B11: % weight | C11: LMO | D11: NMC111 | E11: LFP | F11: NMC622 | G11: NMC811 | H11: NCA | I11: NMC532 | J11: NMC955
B12: Specific energy (Wh/kgCell) | C12: =SUMIF($B$46:$B$500,$B$12,C$46:C$500)/6 -> 237.10314 | D12: =SUMIF($B$46:$B$500,$B$12,D$46:D$500)/6 -> 295.51969 | E12: =SUMIF($B$46:$B$500,$B$12,E$46:E$500)/6 -> 235.48768 | F12: =SUMIF($B$46:$B$500,$B$12,F$46:F$500)/6 -> 315.25889 | G12: =SUMIF($B$46:$B$500,$B$12,G$46:G$500)/6 -> 336.57649 | H12: =SUMIF($B$46:$B$500,$B$12,H$46:H$500)/6 -> 324.44572 | I12: =SUMIF($B$46:$B$500,$B$12,I$46:I$500)/6 -> 312.15681 | J12: =SUMIF($B$46:$B$500,$B$12,J$46:J$500)/6 -> 350.09094
B13: Specific energy (kW/kgBattery) | C13: 2069.76 | D13: 2156.11 | E13: 1928.92 | F13: 2199.37 | G13: 2247.99 | H13: 2211.03 | I13: 2188.25 | J13: 2267.48
B14: ratio théorique kWh/kW | C14: =C42/C13 -> 0.046291191 | D14: =D42/D13 -> 0.053044455 | E14: =E42/E13 -> 0.049399731 | F14: =F42/F13 -> 0.054746215 | G14: =G42/G13 -> 0.056401637 | H14: =H42/H13 -> 0.055698603 | I14: =I42/I13 -> 0.054551279 | J14: =J42/J13 -> 0.057494413
B16: HEV
B17: % weight | C17: LMO | D17: NMC111 | E17: LFP | F17: NMC622 | G17: NMC811 | H17: NCA | I17: NMC532 | J17: NMC955
A18: 0 | B18: Cathode Active Material | C18: 0.1454 | D18: 0.1098 | E18: 0.1217 | F18: 0.1007 | G18: 0.0918 | H18: 0.0963 | I18: 0.102 | J18: 0.0861
A19: =A18+1 -> 1 | B19: Graphite/Carbon | C19: 0.0637 | D19: 0.0677 | E19: 0.0685 | F19: 0.0687 | G19: 0.0698 | H19: 0.0694 | I19: 0.0684 | J19: 0.0703
A20: =A19+1 -> 2 | B20: Silicon | C20: 0 | D20: 0 | E20: 0 | F20: 0 | G20: 0 | H20: 0 | I20: 0 | J20: 0
A21: =A20+1 -> 3 | B21: Binder | C21: 0.0043 | D21: 0.0037 | E21: 0.0039 | F21: 0.0035 | G21: 0.0033 | H21: 0.0034 | I21: 0.0035 | J21: 0.0032
A22: =A21+1 -> 4 | B22: Copper | C22: 0.145 | D22: 0.1676 | E22: 0.1633 | F22: 0.1721 | G22: 0.1762 | H22: 0.1747 | I22: 0.1715 | J22: 0.1781
A23: =A22+1 -> 5 | B23: Wrought Aluminum | C23: 0.1602 | D23: 0.1665 | E23: 0.1647 | F23: 0.1681 | G23: 0.1696 | H23: 0.1688 | I23: 0.1679 | J23: 0.1705
A24: =A23+1 -> 6 | B24: Cast Aluminum | C24: 0 | D24: 0 | E24: 0 | F24: 0 | G24: 0 | H24: 0 | I24: 0 | J24: 0
A25: =A24+1 -> 7 | B25: Electrolyte: LiPF6 | C25: 0.0081 | D25: 0.0075 | E25: 0.0087 | F25: 0.0074 | G25: 0.0072 | H25: 0.0072 | I25: 0.0074 | J25: 0.0071
A26: =A25+1 -> 8 | B26: Electrolyte: Ethylene Carbonate | C26: 0.0226 | D26: 0.0207 | E26: 0.0243 | F26: 0.0204 | G26: 0.0201 | H26: 0.0201 | I26: 0.0204 | J26: 0.0198
A27: =A26+1 -> 9 | B27: Electrolyte: Dimethyl Carbonate | C27: 0.0226 | D27: 0.0207 | E27: 0.0243 | F27: 0.0204 | G27: 0.0201 | H27: 0.0201 | I27: 0.0204 | J27: 0.0198
A28: =A27+1 -> 10 | B28: Plastic: Polypropylene | C28: 0.0009 | D28: 0.0009 | E28: 0.001 | F28: 0.0009 | G28: 0.0009 | H28: 0.0009 | I28: 0.0009 | J28: 0.0009
A29: =A28+1 -> 11 | B29: Plastic: Polyethylene | C29: 0.0057 | D29: 0.0072 | E29: 0.0072 | F29: 0.0075 | G29: 0.0077 | H29: 0.0076 | I29: 0.0074 | J29: 0.0078
A30: =A29+1 -> 12 | B30: Plastic: Polymer | C30: 0.0131 | D30: 0.0132 | E30: 0.0128 | F30: 0.0133 | G30: 0.0133 | H30: 0.0133 | I30: 0.0133 | J30: 0.0134
... A37: =A36+1 -> 19 | B37: Electronic Parts | C37: 0.0558 | D37: 0.058 | E37: 0.0519 | F37: 0.0591 | G37: 0.0607 | H37: 0.0595 | I37: 0.0587 | J37: 0.061
A38: =A37+1 -> 20 | B38: Total | C38: =SUM(C18:C37) -> 1 | D38: =SUM(D18:D37) -> 1 | E38: =SUM(E18:E37) -> 1 | F38: =SUM(F18:F37) -> 1 | G38: =SUM(G18:G37) -> 1 | H38: =SUM(H18:H37) -> 1 | I38: =SUM(I18:I37) -> 1 | J38: =SUM(J18:J37) -> 1
A39: =A38+1 -> 21 | B39: Cell mass | C39: =SUMPRODUCT('BOM & cycles'!$E$3:$E$22,C18:C37) -> 0.40409274 | D39: =SUMPRODUCT('BOM & cycles'!$E$3:$E$22,D18:D37) -> 0.38701206 | E39: =SUMPRODUCT('BOM & cycles'!$E$3:$E$22,E18:E37) -> 0.40464168 | F39: =SUMPRODUCT('BOM & cycles'!$E$3:$E$22,F18:F37) -> 0.38193113 | G39: =SUMPRODUCT('BOM & cycles'!$E$3:$E$22,G18:G37) -> 0.3767058 | H39: =SUMPRODUCT('BOM & cycles'!$E$3:$E$22,H18:H37) -> 0.37957438 | I39: =SUMPRODUCT('BOM & cycles'!$E$3:$E$22,I18:I37) -> 0.38240984 | J39: =SUMPRODUCT('BOM & cycles'!$E$3:$E$22,J18:J37) -> 0.37238162
A40: =A39+1 -> 22 | B40: Module mass minus cell | C40: =SUMPRODUCT('BOM & cycles'!$F$3:$F$22,C18:C37) -> 0.039465627 | D40: =SUMPRODUCT('BOM & cycles'!$F$3:$F$22,D18:D37) -> 0.041514606 | E40: =SUMPRODUCT('BOM & cycles'!$F$3:$F$22,E18:E37) -> 0.040992625 | F40: =SUMPRODUCT('BOM & cycles'!$F$3:$F$22,F18:F37) -> 0.041998523 | G40: =SUMPRODUCT('BOM & cycles'!$F$3:$F$22,G18:G37) -> 0.042448702 | H40: =SUMPRODUCT('BOM & cycles'!$F$3:$F$22,H18:H37) -> 0.042228801 | I40: =SUMPRODUCT('BOM & cycles'!$F$3:$F$22,I18:I37) -> 0.04193693 | J40: =SUMPRODUCT('BOM & cycles'!$F$3:$F$22,J18:J37) -> 0.04270234
A41: =A40+1 -> 23 | B41: Pack mass minus Module | C41: =SUMPRODUCT('BOM & cycles'!$G$3:$G$22,C18:C37) -> 0.55644163 | D41: =SUMPRODUCT('BOM & cycles'!$G$3:$G$22,D18:D37) -> 0.57147334 | E41: =SUMPRODUCT('BOM & cycles'!$G$3:$G$22,E18:E37) -> 0.55436569 | F41: =SUMPRODUCT('BOM & cycles'!$G$3:$G$22,F18:F37) -> 0.57607035 | G41: =SUMPRODUCT('BOM & cycles'!$G$3:$G$22,G18:G37) -> 0.5808455 | H41: =SUMPRODUCT('BOM & cycles'!$G$3:$G$22,H18:H37) -> 0.57819682 | I41: =SUMPRODUCT('BOM & cycles'!$G$3:$G$22,I18:I37) -> 0.57565323 | J41: =SUMPRODUCT('BOM & cycles'!$G$3:$G$22,J18:J37) -> 0.58491604
A42: =A41+1 -> 24 | B42: Specific energy (Wh/kgBattery) | C42: =C43*C39 -> 95.811656 | D42: =D43*D39 -> 114.36968 | E42: =E43*E39 -> 95.28813 | F42: =F43*F39 -> 120.40718 | G42: =G43*G39 -> 126.79032 | H42: =H43*H39 -> 123.15128 | I42: =I43*I39 -> 119.37184 | J42: =J43*J39 -> 130.36743
A43: =A42+1 -> 25 | B43: Specific energy (Wh/kgCell) | C43: =C12 -> 237.10314 | D43: =D12 -> 295.51969 | E43: =E12 -> 235.48768 | F43: =F12 -> 315.25889 | G43: =G12 -> 336.57649 | H43: =H12 -> 324.44572 | I43: =I12 -> 312.15681 | J43: =J12 -> 350.09094
A44: =A43+1 -> 26
A45: =A44+1 -> 27 | B45: PHEV (35-mile)
A46: =A45+1 -> 28 | B46: % weight | C46: LMO | D46: NMC111 | E46: LFP | F46: NMC622 | G46: NMC811 | H46: NCA | I46: NMC532 | J46: NMC955
A47: =A46+1 -> 29 | B47: Cathode Active Material | C47: 0.2727 | D47: 0.2327 | E47: 0.2387 | F47: 0.2186 | G47: 0.2023 | H47: 0.2107 | I47: 0.2211 | J47: 0.1931
A48: =A47+1 -> 30 | B48: Graphite/Carbon | C48: 0.108 | D48: 0.1315 | E48: 0.1231 | F48: 0.1372 | G48: 0.1418 | H48: 0.1398 | I48: 0.1361 | J48: 0.1455
A49: =A48+1 -> 31 | B49: Silicon | C49: 0 | D49: 0 | E49: 0 | F49: 0 | G49: 0 | H49: 0 | I49: 0 | J49: 0
A50: =A49+1 -> 32 | B50: Binder | C50: 0.0078 | D50: 0.0075 | E50: 0.0074 | F50: 0.0073 | G50: 0.0071 | H50: 0.0072 | I50: 0.0073 | J50: 0.007
A51: =A50+1 -> 33 | B51: Copper | C51: 0.0837 | D51: 0.0781 | E51: 0.0893 | F51: 0.0788 | G51: 0.0808 | H51: 0.0806 | I51: 0.0781 | J51: 0.0819
A52: =A51+1 -> 34 | B52: Wrought Aluminum | C52: 0.1228 | D52: 0.1225 | E52: 0.1268 | F52: 0.1236 | G52: 0.1253 | H52: 0.1244 | I52: 0.1232 | J52: 0.1262
A53: =A52+1 -> 35 | B53: Cast Aluminum | C53: 0 | D53: 0 | E53: 0 | F53: 0 | G53: 0 | H53: 0 | I53: 0 | J53: 0
A54: =A53+1 -> 36 | B54: Electrolyte: LiPF6 | C54: 0.01 | D54: 0.0093 | E54: 0.0108 | F54: 0.0092 | G54: 0.0091 | H54: 0.0091 | I54: 0.0092 | J54: 0.0091
A55: =A54+1 -> 37 | B55: Electrolyte: Ethylene Carbonate | C55: 0.0278 | D55: 0.0258 | E55: 0.0301 | F55: 0.0255 | G55: 0.0252 | H55: 0.0252 | I55: 0.0255 | J55: 0.0251
A56: =A55+1 -> 38 | B56: Electrolyte: Dimethyl Carbonate | C56: 0.0278 | D56: 0.0258 | E56: 0.0301 | F56: 0.0255 | G56: 0.0252 | H56: 0.0252 | I56: 0.0255 | J56: 0.0251
A57: =A56+1 -> 39 | B57: Plastic: Polypropylene | C57: 0.0008 | D57: 0.0008 | E57: 0.0009 | F57: 0.0008 | G57: 0.0008 | H57: 0.0008 | I57: 0.0008 | J57: 0.0008
A58: =A57+1 -> 40 | B58: Plastic: Polyethylene | C58: 0.008 | D58: 0.0063 | E58: 0.0085 | F58: 0.0062 | G58: 0.0063 | H58: 0.0064 | I58: 0.0061 | J58: 0.0064
... A66: =A65+1 -> 48 | B66: Electronic Parts | C66: 0.0405 | D66: 0.0476 | E66: 0.0393 | F66: 0.0499 | G66: 0.0515 | H66: 0.0506 | I66: 0.0495 | J66: 0.0533
A67: =A66+1 -> 49 | B67: Total | C67: =SUM(C47:C66) -> 1 | D67: =SUM(D47:D66) -> 1 | E67: =SUM(E47:E66) -> 1 | F67: =SUM(F47:F66) -> 1 | G67: =SUM(G47:G66) -> 1 | H67: =SUM(H47:H66) -> 1 | I67: =SUM(I47:I66) -> 1 | J67: =SUM(J47:J66) -> 1
A68: =A67+1 -> 50 | B68: Cell mass | C68: =SUMPRODUCT('BOM & cycles'!$E$3:$E$22,C47:C66) -> 0.53653963 | D68: =SUMPRODUCT('BOM & cycles'!$E$3:$E$22,D47:D66) -> 0.51032151 | E68: =SUMPRODUCT('BOM & cycles'!$E$3:$E$22,E47:E66) -> 0.52780551 | F68: =SUMPRODUCT('BOM & cycles'!$E$3:$E$22,F47:F66) -> 0.50171114 | G68: =SUMPRODUCT('BOM & cycles'!$E$3:$E$22,G47:G66) -> 0.4909459 | H68: =SUMPRODUCT('BOM & cycles'!$E$3:$E$22,H47:H66) -> 0.49719381 | I68: =SUMPRODUCT('BOM & cycles'!$E$3:$E$22,I47:I66) -> 0.5024873 | J68: =SUMPRODUCT('BOM & cycles'!$E$3:$E$22,J47:J66) -> 0.48615172
A69: =A68+1 -> 51 | B69: Module mass minus cell | C69: =SUMPRODUCT('BOM & cycles'!$F$3:$F$22,C47:C66) -> 0.029444796 | D69: =SUMPRODUCT('BOM & cycles'!$F$3:$F$22,D47:D66) -> 0.029214181 | E69: =SUMPRODUCT('BOM & cycles'!$F$3:$F$22,E47:E66) -> 0.030488423 | F69: =SUMPRODUCT('BOM & cycles'!$F$3:$F$22,F47:F66) -> 0.029476474 | G69: =SUMPRODUCT('BOM & cycles'!$F$3:$F$22,G47:G66) -> 0.02990884 | H69: =SUMPRODUCT('BOM & cycles'!$F$3:$F$22,H47:H66) -> 0.029705198 | I69: =SUMPRODUCT('BOM & cycles'!$F$3:$F$22,I47:I66) -> 0.029367994 | J69: =SUMPRODUCT('BOM & cycles'!$F$3:$F$22,J47:J66) -> 0.03013895
A70: =A69+1 -> 52 | B70: Pack mass minus Module | C70: =SUMPRODUCT('BOM & cycles'!$G$3:$G$22,C47:C66) -> 0.43401558 | D70: =SUMPRODUCT('BOM & cycles'!$G$3:$G$22,D47:D66) -> 0.46046431 | E70: =SUMPRODUCT('BOM & cycles'!$G$3:$G$22,E47:E66) -> 0.44170607 | F70: =SUMPRODUCT('BOM & cycles'!$G$3:$G$22,F47:F66) -> 0.46881239 | G70: =SUMPRODUCT('BOM & cycles'!$G$3:$G$22,G47:G66) -> 0.47914526 | H70: =SUMPRODUCT('BOM & cycles'!$G$3:$G$22,H47:H66) -> 0.473101 | I70: =SUMPRODUCT('BOM & cycles'!$G$3:$G$22,I47:I66) -> 0.4681447 | J70: =SUMPRODUCT('BOM & cycles'!$G$3:$G$22,J47:J66) -> 0.48370933
A71: =A70+1 -> 53 | B71: Specific energy (Wh/kgBattery) | C71: 126.9 | D71: 148.92 | E71: 123.6 | F71: 155.61 | G71: 161.29 | H71: 157.69 | I71: 154.52 | J71: 165.64
A72: =A71+1 -> 54 | B72: Specific energy (Wh/kgCell) | C72: =C71/C68 -> 236.51562 | D72: =D71/D68 -> 291.81604 | E72: =E71/E68 -> 234.17717 | F72: =F71/F68 -> 310.15855 | G72: =G71/G68 -> 328.52907 | H72: =H71/H68 -> 317.16002 | I72: =I71/I68 -> 307.51026 | J72: =J71/J68 -> 340.71668
A73: =A72+1 -> 55
A74: =A73+1 -> 56 | B74: PHEV (50-mile)
A75: =A74+1 -> 57 | B75: % weight | C75: LMO | D75: NMC111 | E75: LFP | F75: NMC622 | G75: NMC811 | H75: NCA | I75: NMC532 | J75: NMC955
A76: =A75+1 -> 58 | B76: Cathode Active Material | C76: 0.2904 | D76: 0.2497 | E76: 0.2487 | F76: 0.2358 | G76: 0.2207 | H76: 0.2298 | I76: 0.2386 | J76: 0.2126
A77: =A76+1 -> 59 | B77: Graphite/Carbon | C77: 0.1149 | D77: 0.1409 | E77: 0.1281 | F77: 0.1479 | G77: 0.1545 | H77: 0.1523 | I77: 0.1467 | J77: 0.16
A78: =A77+1 -> 60 | B78: Silicon | C78: 0 | D78: 0 | E78: 0 | F78: 0 | G78: 0 | H78: 0 | I78: 0 | J78: 0
A79: =A78+1 -> 61 | B79: Binder | C79: 0.0083 | D79: 0.008 | E79: 0.0077 | F79: 0.0079 | G79: 0.0077 | H79: 0.0078 | I79: 0.0079 | J79: 0.0077
A80: =A79+1 -> 62 | B80: Copper | C80: 0.0817 | D80: 0.0741 | E80: 0.0841 | F80: 0.0729 | G80: 0.0716 | H80: 0.0716 | I80: 0.073 | J80: 0.0708
A81: =A80+1 -> 63 | B81: Wrought Aluminum | C81: 0.1227 | D81: 0.1228 | E81: 0.1241 | F81: 0.1236 | G81: 0.1242 | H81: 0.1233 | I81: 0.1235 | J81: 0.1245
A82: =A81+1 -> 64 | B82: Cast Aluminum | C82: 0 | D82: 0 | E82: 0 | F82: 0 | G82: 0 | H82: 0 | I82: 0 | J82: 0
A83: =A82+1 -> 65 | B83: Electrolyte: LiPF6 | C83: 0.0106 | D83: 0.0099 | E83: 0.0113 | F83: 0.0098 | G83: 0.0097 | H83: 0.0097 | I83: 0.0099 | J83: 0.0097
A84: =A83+1 -> 66 | B84: Electrolyte: Ethylene Carbonate | C84: 0.0295 | D84: 0.0276 | E84: 0.0314 | F84: 0.0274 | G84: 0.027 | H84: 0.027 | I84: 0.0274 | J84: 0.0269
A85: =A84+1 -> 67 | B85: Electrolyte: Dimethyl Carbonate | C85: 0.0295 | D85: 0.0276 | E85: 0.0314 | F85: 0.0274 | G85: 0.027 | H85: 0.027 | I85: 0.0274 | J85: 0.0269
A86: =A85+1 -> 68 | B86: Plastic: Polypropylene | C86: 0.0009 | D86: 0.0009 | E86: 0.0009 | F86: 0.0009 | G86: 0.0009 | H86: 0.0009 | I86: 0.0009 | J86: 0.0009
A87: =A86+1 -> 69 | B87: Plastic: Polyethylene | C87: 0.0085 | D87: 0.0068 | E87: 0.0088 | F87: 0.0064 | G87: 0.006 | H87: 0.0061 | I87: 0.0065 | J87: 0.0058
... A95: =A94+1 -> 77 | B95: Electronic Parts | C95: 0.0304 | D95: 0.036 | E95: 0.0287 | F95: 0.0377 | G95: 0.0398 | H95: 0.0387 | I95: 0.0375 | J95: 0.041
A96: =A95+1 -> 78 | B96: Total | C96: =SUM(C76:C95) -> 1 | D96: =SUM(D76:D95) -> 1 | E96: =SUM(E76:E95) -> 1 | F96: =SUM(F76:F95) -> 1 | G96: =SUM(G76:G95) -> 1 | H96: =SUM(H76:H95) -> 1 | I96: =SUM(I76:I95) -> 1 | J96: =SUM(J76:J95) -> 1
A97: =A96+1 -> 79 | B97: Cell mass | C97: =SUMPRODUCT('BOM & cycles'!$E$3:$E$22,C76:C95) -> 0.56405526 | D97: =SUMPRODUCT('BOM & cycles'!$E$3:$E$22,D76:D95) -> 0.53819977 | E97: =SUMPRODUCT('BOM & cycles'!$E$3:$E$22,E76:E95) -> 0.54159681 | F97: =SUMPRODUCT('BOM & cycles'!$E$3:$E$22,F76:F95) -> 0.52976998 | G97: =SUMPRODUCT('BOM & cycles'!$E$3:$E$22,G76:G95) -> 0.51913764 | H97: =SUMPRODUCT('BOM & cycles'!$E$3:$E$22,H76:H95) -> 0.52605305 | I97: =SUMPRODUCT('BOM & cycles'!$E$3:$E$22,I76:I95) -> 0.53154433 | J97: =SUMPRODUCT('BOM & cycles'!$E$3:$E$22,J76:J95) -> 0.51569585
A98: =A97+1 -> 80 | B98: Module mass minus cell | C98: =SUMPRODUCT('BOM & cycles'!$F$3:$F$22,C76:C95) -> 0.029364003 | D98: =SUMPRODUCT('BOM & cycles'!$F$3:$F$22,D76:D95) -> 0.029162462 | E98: =SUMPRODUCT('BOM & cycles'!$F$3:$F$22,E76:E95) -> 0.029742213 | F98: =SUMPRODUCT('BOM & cycles'!$F$3:$F$22,F76:F95) -> 0.029302956 | G98: =SUMPRODUCT('BOM & cycles'!$F$3:$F$22,G76:G95) -> 0.029396563 | H98: =SUMPRODUCT('BOM & cycles'!$F$3:$F$22,H76:H95) -> 0.029198804 | I98: =SUMPRODUCT('BOM & cycles'!$F$3:$F$22,I76:I95) -> 0.029283924 | J98: =SUMPRODUCT('BOM & cycles'!$F$3:$F$22,J76:J95) -> 0.029438955
A99: =A98+1 -> 81 | B99: Pack mass minus Module | C99: =SUMPRODUCT('BOM & cycles'!$G$3:$G$22,C76:C95) -> 0.40658074 | D99: =SUMPRODUCT('BOM & cycles'!$G$3:$G$22,D76:D95) -> 0.43263777 | E99: =SUMPRODUCT('BOM & cycles'!$G$3:$G$22,E76:E95) -> 0.42866098 | F99: =SUMPRODUCT('BOM & cycles'!$G$3:$G$22,F76:F95) -> 0.44092707 | G99: =SUMPRODUCT('BOM & cycles'!$G$3:$G$22,G76:G95) -> 0.4514658 | H99: =SUMPRODUCT('BOM & cycles'!$G$3:$G$22,H76:H95) -> 0.44474815 | I99: =SUMPRODUCT('BOM & cycles'!$G$3:$G$22,I76:I95) -> 0.43917175 | J99: =SUMPRODUCT('BOM & cycles'!$G$3:$G$22,J76:J95) -> 0.4548652
A100: =A99+1 -> 82 | B100: Specific energy (Wh/kgBattery) | C100: 135.15 | D100: 159.79 | E100: 128.75 | F100: 167.82 | G100: 175.83 | H100: 171.79 | I100: 166.76 | J100: 182.06
A101: =A100+1 -> 83 | B101: Specific energy (Wh/kgCell) | C101: =C100/C97 -> 239.60419 | D101: =D100/D97 -> 296.89719 | E101: =E100/E97 -> 237.72297 | F101: =F100/F97 -> 316.77899 | G101: =G100/G97 -> 338.6963 | H101: =H100/H97 -> 326.56402 | I101: =I100/I97 -> 313.72736 | J101: =J100/J97 -> 353.03755
A102: =A101+1 -> 84
A103: =A102+1 -> 85 | B103: EV: 150 miles
A104: =A103+1 -> 86 | B104: % weight | C104: LMO | D104: NMC111 | E104: LFP | F104: NMC622 | G104: NMC811 | H104: NCA | I104: NMC532 | J104: NMC955
A105: =A104+1 -> 87 | B105: Cathode Active Material | C105: 0.2777 | D105: 0.2399 | E105: 0.2441 | F105: 0.2258 | G105: 0.2116 | H105: 0.2194 | I105: 0.2287 | J105: 0.2022
A106: =A105+1 -> 88 | B106: Graphite/Carbon | C106: 0.1103 | D106: 0.1359 | E106: 0.1262 | F106: 0.1422 | G106: 0.1488 | H106: 0.1461 | I106: 0.1412 | J106: 0.1529
A107: =A106+1 -> 89 | B107: Silicon | C107: 0 | D107: 0 | E107: 0 | F107: 0 | G107: 0 | H107: 0 | I107: 0 | J107: 0
A108: =A107+1 -> 90 | B108: Binder | C108: 0.008 | D108: 0.0077 | E108: 0.0076 | F108: 0.0076 | G108: 0.0074 | H108: 0.0075 | I108: 0.0076 | J108: 0.0073
A109: =A108+1 -> 91 | B109: Copper | C109: 0.091 | D109: 0.0825 | E109: 0.0947 | F109: 0.0821 | G109: 0.082 | H109: 0.0817 | I109: 0.0821 | J109: 0.0823
A110: =A109+1 -> 92 | B110: Wrought Aluminum | C110: 0.1256 | D110: 0.1252 | E110: 0.1291 | F110: 0.1262 | G110: 0.127 | H110: 0.1262 | I110: 0.126 | J110: 0.1275
A111: =A110+1 -> 93 | B111: Cast Aluminum | C111: 0 | D111: 0 | E111: 0 | F111: 0 | G111: 0 | H111: 0 | I111: 0 | J111: 0
A112: =A111+1 -> 94 | B112: Electrolyte: LiPF6 | C112: 0.0102 | D112: 0.0094 | E112: 0.011 | F112: 0.0093 | G112: 0.0092 | H112: 0.0092 | I112: 0.0094 | J112: 0.0091
A113: =A112+1 -> 95 | B113: Electrolyte: Ethylene Carbonate | C113: 0.0283 | D113: 0.0262 | E113: 0.0307 | F113: 0.0259 | G113: 0.0256 | H113: 0.0255 | I113: 0.026 | J113: 0.0254
A114: =A113+1 -> 96 | B114: Electrolyte: Dimethyl Carbonate | C114: 0.0283 | D114: 0.0262 | E114: 0.0307 | F114: 0.0259 | G114: 0.0256 | H114: 0.0255 | I114: 0.026 | J114: 0.0254
A115: =A114+1 -> 97 | B115: Plastic: Polypropylene | C115: 0.0008 | D115: 0.0008 | E115: 0.0008 | F115: 0.0008 | G115: 0.0008 | H115: 0.0008 | I115: 0.0008 | J115: 0.0008
A116: =A115+1 -> 98 | B116: Plastic: Polyethylene | C116: 0.0082 | D116: 0.0059 | E116: 0.0084 | F116: 0.0056 | G116: 0.0052 | H116: 0.0053 | I116: 0.0056 | J116: 0.005
... A124: =A123+1 -> 106 | B124: Electronic Parts | C124: 0.0155 | D124: 0.019 | E124: 0.0155 | F124: 0.0199 | G124: 0.021 | H124: 0.0202 | I124: 0.0197 | J124: 0.0213
A125: =A124+1 -> 107 | B125: Total | C125: =SUM(C105:C124) -> 1 | D125: =SUM(D105:D124) -> 1 | E125: =SUM(E105:E124) -> 1 | F125: =SUM(F105:F124) -> 1 | G125: =SUM(G105:G124) -> 1 | H125: =SUM(H105:H124) -> 1 | I125: =SUM(I105:I124) -> 1 | J125: =SUM(J105:J124) -> 1
A126: =A125+1 -> 108 | B126: Cell mass | C126: =SUMPRODUCT('BOM & cycles'!$E$3:$E$22,C105:C124) -> 0.55161644 | D126: =SUMPRODUCT('BOM & cycles'!$E$3:$E$22,D105:D124) -> 0.52696022 | E126: =SUMPRODUCT('BOM & cycles'!$E$3:$E$22,E105:E124) -> 0.54254411 | F126: =SUMPRODUCT('BOM & cycles'!$E$3:$E$22,F105:F124) -> 0.51811922 | G126: =SUMPRODUCT('BOM & cycles'!$E$3:$E$22,G105:G124) -> 0.50961066 | H126: =SUMPRODUCT('BOM & cycles'!$E$3:$E$22,H105:H124) -> 0.51428422 | I126: =SUMPRODUCT('BOM & cycles'!$E$3:$E$22,I105:I124) -> 0.52030042 | J126: =SUMPRODUCT('BOM & cycles'!$E$3:$E$22,J105:J124) -> 0.5040089
A127: =A126+1 -> 109 | B127: Module mass minus cell | C127: =SUMPRODUCT('BOM & cycles'!$F$3:$F$22,C105:C124) -> 0.03027474 | D127: =SUMPRODUCT('BOM & cycles'!$F$3:$F$22,D105:D124) -> 0.029936863 | E127: =SUMPRODUCT('BOM & cycles'!$F$3:$F$22,E105:E124) -> 0.031152621 | F127: =SUMPRODUCT('BOM & cycles'!$F$3:$F$22,F105:F124) -> 0.030144832 | G127: =SUMPRODUCT('BOM & cycles'!$F$3:$F$22,G105:G124) -> 0.030317677 | H127: =SUMPRODUCT('BOM & cycles'!$F$3:$F$22,H105:H124) -> 0.030133068 | I127: =SUMPRODUCT('BOM & cycles'!$F$3:$F$22,I105:I124) -> 0.030100885 | J127: =SUMPRODUCT('BOM & cycles'!$F$3:$F$22,J105:J124) -> 0.030436367
A128: =A127+1 -> 110 | B128: Pack mass minus Module | C128: =SUMPRODUCT('BOM & cycles'!$G$3:$G$22,C105:C124) -> 0.41810882 | D128: =SUMPRODUCT('BOM & cycles'!$G$3:$G$22,D105:D124) -> 0.44310292 | E128: =SUMPRODUCT('BOM & cycles'!$G$3:$G$22,E105:E124) -> 0.42630327 | F128: =SUMPRODUCT('BOM & cycles'!$G$3:$G$22,F105:F124) -> 0.45173595 | G128: =SUMPRODUCT('BOM & cycles'!$G$3:$G$22,G105:G124) -> 0.46007166 | H128: =SUMPRODUCT('BOM & cycles'!$G$3:$G$22,H105:H124) -> 0.45558271 | I128: =SUMPRODUCT('BOM & cycles'!$G$3:$G$22,I105:I124) -> 0.44959869 | J128: =SUMPRODUCT('BOM & cycles'!$G$3:$G$22,J105:J124) -> 0.46555473
A129: =A128+1 -> 111 | B129: Specific energy (Wh/kgBattery) | C129: 129.21 | D129: 153.41 | E129: 126.34 | F129: 160.55 | G129: 168.38 | H129: 163.84 | I129: 159.67 | J129: 172.92
A130: =A129+1 -> 112 | B130: Specific energy (Wh/kgCell) | C130: =C129/C126 -> 234.23885 | D130: =D129/D126 -> 291.12254 | E130: =E129/E126 -> 232.86586 | F130: =F129/F126 -> 309.87077 | G130: =G129/G126 -> 330.4091 | H130: =H129/H126 -> 318.5787 | I130: =I129/I126 -> 306.8804 | J130: =J129/J126 -> 343.08918
...
