Workbook

Sheet VAE L1e-A
A1: Sujets liés à la durabilité | C1: Leviers pour améliorer la réparabilité des produits | D1: Critères | E1: A | F1: B | G1: C | H1: D | I1: Pondération VAE et L1e-A | L1: Coefficient de durabilité : | M1: =SUMPRODUCT(I3:I8,M3:M8)/10+0.5 -> 0.5
E2: 10 | F2: 6 | G2: 3 | H2: 0 | I2: Du sujet | J2: Du critère, dans le sujet | K2: Du critère, finale | L2: Votre note | M2: moyenne par sujet
A3: Je favorise une longue durée de vie et la confiance dans la 2ème main | B3: A1 | C3: =_xlfn.XLOOKUP($B3,'Details Critères'!$B$3:$B$39,'Details Critères'!C$3:C$39,,0) -> Je mets à disposition un passeport digital de mes produits, intégrant : - documentation technique du véhicule - carnet d'entretien et maintenance - empreinte environnementale | D3: =_xlfn.XLOOKUP($B3,'Details Critères'!$B$3:$B$39,'Details Critères'!D$3:D$39,,0) -> Passeport digital | E3: =_xlfn.XLOOKUP($B3,'Details Critères'!$B$3:$B$39,'Details Critères'!E$3:E$39,,0) -> Oui | F3: =_xlfn.XLOOKUP($B3,'Details Critères'!$B$3:$B$39,'Details Critères'!F$3:F$39,,0) | G3: =_xlfn.XLOOKUP($B3,'Details Critères'!$B$3:$B$39,'Details Critères'!G$3:G$39,,0) -> Non | H3: =_xlfn.XLOOKUP($B3,'Details Critères'!$B$3:$B$39,'Details Critères'!H$3:H$39,,0) | I3: 0.5 | J3: 0.1 | K3: =I$3*J3 -> 0.05 | M3: =SUMPRODUCT(J3:J6,L3:L6) -> 0
B4: A2 | C4: =_xlfn.XLOOKUP($B4,'Details Critères'!$B$3:$B$39,'Details Critères'!C$3:C$39,,0) -> Je mets à disposition des consommateurs des informations permettant de jauger l'état de santé de mes batteries | D4: =_xlfn.XLOOKUP($B4,'Details Critères'!$B$3:$B$39,'Details Critères'!D$3:D$39,,0) -> Accès à l'état de santé de la batterie (à définir) | E4: =_xlfn.XLOOKUP($B4,'Details Critères'!$B$3:$B$39,'Details Critères'!E$3:E$39,,0) -> Oui, par tout utilisateur | F4: =_xlfn.XLOOKUP($B4,'Details Critères'!$B$3:$B$39,'Details Critères'!F$3:F$39,,0) | G4: =_xlfn.XLOOKUP($B4,'Details Critères'!$B$3:$B$39,'Details Critères'!G$3:G$39,,0) -> Oui, par un professionel indépendant | H4: =_xlfn.XLOOKUP($B4,'Details Critères'!$B$3:$B$39,'Details Critères'!H$3:H$39,,0) -> Non | J4: 0.3 | K4: =I$3*J4 -> 0.15
B5: A3 | C5: =_xlfn.XLOOKUP($B5,'Details Critères'!$B$3:$B$39,'Details Critères'!C$3:C$39,,0) -> Je garantie une longue durée de vie pour la batterie, pour une capacité restante de 70% ou plus | D5: =_xlfn.XLOOKUP($B5,'Details Critères'!$B$3:$B$39,'Details Critères'!D$3:D$39,,0) -> Durée de garantie de la batterie | E5: =_xlfn.XLOOKUP($B5,'Details Critères'!$B$3:$B$39,'Details Critères'!E$3:E$39,,0) -> garantie à 15 ans ou 2000 cycles | F5: =_xlfn.XLOOKUP($B5,'Details Critères'!$B$3:$B$39,'Details Critères'!F$3:F$39,,0) -> garantie à 10 ans ou 1000 cycles | G5: =_xlfn.XLOOKUP($B5,'Details Critères'!$B$3:$B$39,'Details Critères'!G$3:G$39,,0) -> Garanti à 8 ans ou 500 cycles | H5: =_xlfn.XLOOKUP($B5,'Details Critères'!$B$3:$B$39,'Details Critères'!H$3:H$39,,0) -> Non garanti à 8 ans et 500 cycles | J5: 0.3 | K5: =I$3*J5 -> 0.15
B6: A4 | C6: =_xlfn.XLOOKUP($B6,'Details Critères'!$B$3:$B$39,'Details Critères'!C$3:C$39,,0) -> J'installe un compteur kilométrique sur mon véhicule | D6: =_xlfn.XLOOKUP($B6,'Details Critères'!$B$3:$B$39,'Details Critères'!D$3:D$39,,0) -> Compteur kilométrique véhicule / moteur | E6: =_xlfn.XLOOKUP($B6,'Details Critères'!$B$3:$B$39,'Details Critères'!E$3:E$39,,0) -> Oui, lisible et non réinitialisable | F6: =_xlfn.XLOOKUP($B6,'Details Critères'!$B$3:$B$39,'Details Critères'!F$3:F$39,,0) -> Oui, lisible mais réinitialisable avec un outil constructeur | G6: =_xlfn.XLOOKUP($B6,'Details Critères'!$B$3:$B$39,'Details Critères'!G$3:G$39,,0) -> Oui, lisible mais réinitialisable par un professionnel indépendant | H6: =_xlfn.XLOOKUP($B6,'Details Critères'!$B$3:$B$39,'Details Critères'!H$3:H$39,,0) -> Non lisible ou réinitialisable | J6: 0.3 | K6: =I$3*J6 -> 0.15
A7: Je favorise la réparabilité globale de mon véhicule | B7: C1 | C7: =_xlfn.XLOOKUP($B7,'Details Critères'!$B$3:$B$39,'Details Critères'!C$3:C$39,,0) -> J'assure la disponibilité de la documentation technique, y compris en cas de disparition de ma structure | D7: =_xlfn.XLOOKUP($B7,'Details Critères'!$B$3:$B$39,'Details Critères'!D$3:D$39,,0) -> Durée de disponibilité garantie de la documentation technique, y compris disponibilité des plans pour impression 3D le cas échéant | E7: =_xlfn.XLOOKUP($B7,'Details Critères'!$B$3:$B$39,'Details Critères'!E$3:E$39,,0) -> 12 ans et plus | F7: =_xlfn.XLOOKUP($B7,'Details Critères'!$B$3:$B$39,'Details Critères'!F$3:F$39,,0) -> 11 ans | G7: =_xlfn.XLOOKUP($B7,'Details Critères'!$B$3:$B$39,'Details Critères'!G$3:G$39,,0) -> 10 ans | H7: =_xlfn.XLOOKUP($B7,'Details Critères'!$B$3:$B$39,'Details Critères'!H$3:H$39,,0) -> 9 ans ou moins | I7: =1-I3 -> 0.5 | J7: 0.4 | K7: =I$7*J7 -> 0.2 | M7: =SUMPRODUCT(J7:J8,L7:L8) -> 0
B8: C3 | C8: =_xlfn.XLOOKUP($B8,'Details Critères'!$B$3:$B$39,'Details Critères'!C$3:C$39,,0) -> Je favorise la réparabilité de mon véhicule | D8: =_xlfn.XLOOKUP($B8,'Details Critères'!$B$3:$B$39,'Details Critères'!D$3:D$39,,0) -> Indice de réparabilité VAE (noté de 0 à 10) | E8: =_xlfn.XLOOKUP($B8,'Details Critères'!$B$3:$B$39,'Details Critères'!E$3:E$39,,0) -> Non applicable | J8: 0.6 | K8: =I$7*J8 -> 0.3

Sheet Batterie <25kg, hors VAE L1e-A
A1: Sujets liés à la durabilité | C1: Leviers pour améliorer la réparabilité des produits | D1: Critères | E1: A | F1: B | G1: C | H1: D | I1: Pondération MTL batterie <25kg, hors VAE et L1e-A | L1: Coefficient de durabilité : | M1: =SUMPRODUCT(I3:I9,M3:M9)/10+0.5 -> 0.5
E2: 10 | F2: 6 | G2: 3 | H2: 0 | I2: Du sujet | J2: Du critère, dans le sujet | K2: Du critère, finale | L2: Votre note | M2: moyenne par sujet
A3: Je favorise une longue durée de vie et la confiance dans la 2ème main | B3: A1 | C3: =_xlfn.XLOOKUP($B3,'Details Critères'!$B$3:$B$39,'Details Critères'!C$3:C$39,,0) -> Je mets à disposition un passeport digital de mes produits, intégrant : - documentation technique du véhicule - carnet d'entretien et maintenance - empreinte environnementale | D3: =_xlfn.XLOOKUP($B3,'Details Critères'!$B$3:$B$39,'Details Critères'!D$3:D$39,,0) -> Passeport digital | E3: =_xlfn.XLOOKUP($B3,'Details Critères'!$B$3:$B$39,'Details Critères'!E$3:E$39,,0) -> Oui | F3: =_xlfn.XLOOKUP($B3,'Details Critères'!$B$3:$B$39,'Details Critères'!F$3:F$39,,0) | G3: =_xlfn.XLOOKUP($B3,'Details Critères'!$B$3:$B$39,'Details Critères'!G$3:G$39,,0) -> Non | H3: =_xlfn.XLOOKUP($B3,'Details Critères'!$B$3:$B$39,'Details Critères'!H$3:H$39,,0) | I3: 0.5 | J3: 0.2 | K3: =I$3*J3 -> 0.1 | M3: =SUMPRODUCT(J3:J6,L3:L6) -> 0
B4: A2 | C4: =_xlfn.XLOOKUP($B4,'Details Critères'!$B$3:$B$39,'Details Critères'!C$3:C$39,,0) -> Je mets à disposition des consommateurs des informations permettant de jauger l'état de santé de mes batteries | D4: =_xlfn.XLOOKUP($B4,'Details Critères'!$B$3:$B$39,'Details Critères'!D$3:D$39,,0) -> Accès à l'état de santé de la batterie (à définir) | E4: =_xlfn.XLOOKUP($B4,'Details Critères'!$B$3:$B$39,'Details Critères'!E$3:E$39,,0) -> Oui, par tout utilisateur | F4: =_xlfn.XLOOKUP($B4,'Details Critères'!$B$3:$B$39,'Details Critères'!F$3:F$39,,0) | G4: =_xlfn.XLOOKUP($B4,'Details Critères'!$B$3:$B$39,'Details Critères'!G$3:G$39,,0) -> Oui, par un professionel indépendant | H4: =_xlfn.XLOOKUP($B4,'Details Critères'!$B$3:$B$39,'Details Critères'!H$3:H$39,,0) -> Non | J4: 0.3 | K4: =I$3*J4 -> 0.15
B5: A3 | C5: =_xlfn.XLOOKUP($B5,'Details Critères'!$B$3:$B$39,'Details Critères'!C$3:C$39,,0) -> Je garantie une longue durée de vie pour la batterie, pour une capacité restante de 70% ou plus | D5: =_xlfn.XLOOKUP($B5,'Details Critères'!$B$3:$B$39,'Details Critères'!D$3:D$39,,0) -> Durée de garantie de la batterie | E5: =_xlfn.XLOOKUP($B5,'Details Critères'!$B$3:$B$39,'Details Critères'!E$3:E$39,,0) -> garantie à 15 ans ou 2000 cycles | F5: =_xlfn.XLOOKUP($B5,'Details Critères'!$B$3:$B$39,'Details Critères'!F$3:F$39,,0) -> garantie à 10 ans ou 1000 cycles | G5: =_xlfn.XLOOKUP($B5,'Details Critères'!$B$3:$B$39,'Details Critères'!G$3:G$39,,0) -> Garanti à 8 ans ou 500 cycles | H5: =_xlfn.XLOOKUP($B5,'Details Critères'!$B$3:$B$39,'Details Critères'!H$3:H$39,,0) -> Non garanti à 8 ans et 500 cycles | J5: 0.3 | K5: =I$3*J5 -> 0.15
B6: A5 | C6: =_xlfn.XLOOKUP($B6,'Details Critères'!$B$3:$B$39,'Details Critères'!C$3:C$39,,0) -> Je garantie une évolutivité et une souveraineté logicielle du véhicule pour les fonctions de conduite et de sécurité | D6: =_xlfn.XLOOKUP($B6,'Details Critères'!$B$3:$B$39,'Details Critères'!D$3:D$39,,0) -> L'utilisateur peut mettre à jour les logiciels pour des besoins de sécurités ou de maintenance. Leur opérabilité et la protection des données est garantie | E6: =_xlfn.XLOOKUP($B6,'Details Critères'!$B$3:$B$39,'Details Critères'!E$3:E$39,,0) -> Utilisation de logiciels libres ou absence de logiciels | F6: =_xlfn.XLOOKUP($B6,'Details Critères'!$B$3:$B$39,'Details Critères'!F$3:F$39,,0) -> Les logiciels sont propriétaires, Européens. Les mises à jours sont gratuites et garanties 15 ans ou plus | G6: =_xlfn.XLOOKUP($B6,'Details Critères'!$B$3:$B$39,'Details Critères'!G$3:G$39,,0) -> Les logiciels sont propriétaires, Européens | H6: =_xlfn.XLOOKUP($B6,'Details Critères'!$B$3:$B$39,'Details Critères'!H$3:H$39,,0) -> Les logiciels sont propriétaires, tout ou partie non Européens | J6: 0.2 | K6: =I$3*J6 -> 0.1
A7: Je favorise la réparabilité globale de mon véhicule | B7: C1 | C7: =_xlfn.XLOOKUP($B7,'Details Critères'!$B$3:$B$39,'Details Critères'!C$3:C$39,,0) -> J'assure la disponibilité de la documentation technique, y compris en cas de disparition de ma structure | D7: =_xlfn.XLOOKUP($B7,'Details Critères'!$B$3:$B$39,'Details Critères'!D$3:D$39,,0) -> Durée de disponibilité garantie de la documentation technique, y compris disponibilité des plans pour impression 3D le cas échéant | E7: =_xlfn.XLOOKUP($B7,'Details Critères'!$B$3:$B$39,'Details Critères'!E$3:E$39,,0) -> 12 ans et plus | F7: =_xlfn.XLOOKUP($B7,'Details Critères'!$B$3:$B$39,'Details Critères'!F$3:F$39,,0) -> 11 ans | G7: =_xlfn.XLOOKUP($B7,'Details Critères'!$B$3:$B$39,'Details Critères'!G$3:G$39,,0) -> 10 ans | H7: =_xlfn.XLOOKUP($B7,'Details Critères'!$B$3:$B$39,'Details Critères'!H$3:H$39,,0) -> 9 ans ou moins | I7: =1-I3 -> 0.5 | J7: 0.4 | K7: =I$7*J7 -> 0.2 | M7: =SUMPRODUCT(J7:J9,L7:L9) -> 0
B8: C2 | C8: =_xlfn.XLOOKUP($B8,'Details Critères'!$B$3:$B$39,'Details Critères'!C$3:C$39,,0) -> Je dispose d'un réseau de garages ou ateliers habilités pour la réparation du véhicule | D8: =_xlfn.XLOOKUP($B8,'Details Critères'!$B$3:$B$39,'Details Critères'!D$3:D$39,,0) -> Réseau de garages habilités pour la réparation du véhicule | E8: =_xlfn.XLOOKUP($B8,'Details Critères'!$B$3:$B$39,'Details Critères'!E$3:E$39,,0) -> Plus de 10 garages en France | F8: =_xlfn.XLOOKUP($B8,'Details Critères'!$B$3:$B$39,'Details Critères'!F$3:F$39,,0) -> Au moins un garage en France | G8: =_xlfn.XLOOKUP($B8,'Details Critères'!$B$3:$B$39,'Details Critères'!G$3:G$39,,0) -> Au moins un garage en UE | H8: =_xlfn.XLOOKUP($B8,'Details Critères'!$B$3:$B$39,'Details Critères'!H$3:H$39,,0) -> Pas de garage en UE | J8: 0.3 | K8: =I$7*J8 -> 0.15
B9: C4 | C9: =_xlfn.XLOOKUP($B9,'Details Critères'!$B$3:$B$39,'Details Critères'!C$3:C$39,,0) -> J'assure la disponibilité des pièces détachées dans le temps (hors batterie) | D9: =_xlfn.XLOOKUP($B9,'Details Critères'!$B$3:$B$39,'Details Critères'!D$3:D$39,,0) -> Durée de disponibilité garantie des pièces détachées (hors batterie) (10/10 si pas de pièce propriétaire) | E9: =_xlfn.XLOOKUP($B9,'Details Critères'!$B$3:$B$39,'Details Critères'!E$3:E$39,,0) -> 7 ans ou plus | F9: =_xlfn.XLOOKUP($B9,'Details Critères'!$B$3:$B$39,'Details Critères'!F$3:F$39,,0) -> 5 ou 6 ans | G9: =_xlfn.XLOOKUP($B9,'Details Critères'!$B$3:$B$39,'Details Critères'!G$3:G$39,,0) -> 3 ou 4 ans | H9: =_xlfn.XLOOKUP($B9,'Details Critères'!$B$3:$B$39,'Details Critères'!H$3:H$39,,0) -> 2 ans ou moins | J9: 0.3 | K9: =I$7*J9 -> 0.15

Sheet Batterie >25kg
A1: Sujets liés à la durabilité | C1: Leviers pour améliorer la réparabilité des produits | D1: Critères | E1: A | F1: B | G1: C | H1: D | I1: Pondération VE batterie >25kg | L1: Coefficient de durabilité : | M1: =SUMPRODUCT(I3:I14,M3:M14)/10+0.5 -> 0.5
E2: 10 | F2: 6 | G2: 3 | H2: 0 | I2: Du sujet | J2: Du critère, dans le sujet | K2: Du critère, finale | L2: Votre note | M2: moyenne par sujet
A3: Je favorise une longue durée de vie et la confiance dans la 2ème main | B3: A1 | C3: =_xlfn.XLOOKUP($B3,'Details Critères'!$B$3:$B$39,'Details Critères'!C$3:C$39,,0) -> Je mets à disposition un passeport digital de mes produits, intégrant : - documentation technique du véhicule - carnet d'entretien et maintenance - empreinte environnementale | D3: =_xlfn.XLOOKUP($B3,'Details Critères'!$B$3:$B$39,'Details Critères'!D$3:D$39,,0) -> Passeport digital | E3: =_xlfn.XLOOKUP($B3,'Details Critères'!$B$3:$B$39,'Details Critères'!E$3:E$39,,0) -> Oui | F3: =_xlfn.XLOOKUP($B3,'Details Critères'!$B$3:$B$39,'Details Critères'!F$3:F$39,,0) | G3: =_xlfn.XLOOKUP($B3,'Details Critères'!$B$3:$B$39,'Details Critères'!G$3:G$39,,0) -> Non | H3: =_xlfn.XLOOKUP($B3,'Details Critères'!$B$3:$B$39,'Details Critères'!H$3:H$39,,0) | I3: 0.25 | J3: 0.2 | K3: =I$3*J3 -> 0.05 | M3: =SUMPRODUCT(J3:J6,L3:L6) -> 0
B4: A2 | C4: =_xlfn.XLOOKUP($B4,'Details Critères'!$B$3:$B$39,'Details Critères'!C$3:C$39,,0) -> Je mets à disposition des consommateurs des informations permettant de jauger l'état de santé de mes batteries | D4: =_xlfn.XLOOKUP($B4,'Details Critères'!$B$3:$B$39,'Details Critères'!D$3:D$39,,0) -> Accès à l'état de santé de la batterie (à définir) | E4: =_xlfn.XLOOKUP($B4,'Details Critères'!$B$3:$B$39,'Details Critères'!E$3:E$39,,0) -> Oui, par tout utilisateur | F4: =_xlfn.XLOOKUP($B4,'Details Critères'!$B$3:$B$39,'Details Critères'!F$3:F$39,,0) | G4: =_xlfn.XLOOKUP($B4,'Details Critères'!$B$3:$B$39,'Details Critères'!G$3:G$39,,0) -> Oui, par un professionel indépendant | H4: =_xlfn.XLOOKUP($B4,'Details Critères'!$B$3:$B$39,'Details Critères'!H$3:H$39,,0) -> Non | J4: 0.3 | K4: =I$3*J4 -> 0.075
B5: A3 | C5: =_xlfn.XLOOKUP($B5,'Details Critères'!$B$3:$B$39,'Details Critères'!C$3:C$39,,0) -> Je garantie une longue durée de vie pour la batterie, pour une capacité restante de 70% ou plus | D5: =_xlfn.XLOOKUP($B5,'Details Critères'!$B$3:$B$39,'Details Critères'!D$3:D$39,,0) -> Durée de garantie de la batterie | E5: =_xlfn.XLOOKUP($B5,'Details Critères'!$B$3:$B$39,'Details Critères'!E$3:E$39,,0) -> garantie à 15 ans ou 2000 cycles | F5: =_xlfn.XLOOKUP($B5,'Details Critères'!$B$3:$B$39,'Details Critères'!F$3:F$39,,0) -> garantie à 10 ans ou 1000 cycles | G5: =_xlfn.XLOOKUP($B5,'Details Critères'!$B$3:$B$39,'Details Critères'!G$3:G$39,,0) -> Garanti à 8 ans ou 500 cycles | H5: =_xlfn.XLOOKUP($B5,'Details Critères'!$B$3:$B$39,'Details Critères'!H$3:H$39,,0) -> Non garanti à 8 ans et 500 cycles | J5: 0.3 | K5: =I$3*J5 -> 0.075
B6: A5 | C6: =_xlfn.XLOOKUP($B6,'Details Critères'!$B$3:$B$39,'Details Critères'!C$3:C$39,,0) -> Je garantie une évolutivité et une souveraineté logicielle du véhicule pour les fonctions de conduite et de sécurité | D6: =_xlfn.XLOOKUP($B6,'Details Critères'!$B$3:$B$39,'Details Critères'!D$3:D$39,,0) -> L'utilisateur peut mettre à jour les logiciels pour des besoins de sécurités ou de maintenance. Leur opérabilité et la protection des données est garantie | E6: =_xlfn.XLOOKUP($B6,'Details Critères'!$B$3:$B$39,'Details Critères'!E$3:E$39,,0) -> Utilisation de logiciels libres ou absence de logiciels | F6: =_xlfn.XLOOKUP($B6,'Details Critères'!$B$3:$B$39,'Details Critères'!F$3:F$39,,0) -> Les logiciels sont propriétaires, Européens. Les mises à jours sont gratuites et garanties 15 ans ou plus | G6: =_xlfn.XLOOKUP($B6,'Details Critères'!$B$3:$B$39,'Details Critères'!G$3:G$39,,0) -> Les logiciels sont propriétaires, Européens | H6: =_xlfn.XLOOKUP($B6,'Details Critères'!$B$3:$B$39,'Details Critères'!H$3:H$39,,0) -> Les logiciels sont propriétaires, tout ou partie non Européens | J6: 0.2 | K6: =I$3*J6 -> 0.05
A7: Je favorise la réparabilité et le remplacement de la batterie | B7: B1 | C7: =_xlfn.XLOOKUP($B7,'Details Critères'!$B$3:$B$39,'Details Critères'!C$3:C$39,,0) -> Je permets le retrait de la batterie | D7: =_xlfn.XLOOKUP($B7,'Details Critères'!$B$3:$B$39,'Details Critères'!D$3:D$39,,0) -> Retrait de la batterie et remplacement par une batterie identique possible | E7: =_xlfn.XLOOKUP($B7,'Details Critères'!$B$3:$B$39,'Details Critères'!E$3:E$39,,0) -> Oui, par le propriétaire, sans outil | F7: =_xlfn.XLOOKUP($B7,'Details Critères'!$B$3:$B$39,'Details Critères'!F$3:F$39,,0) -> Oui, par le propriétaire, avec des outils standards, sans perte de garantie | G7: =_xlfn.XLOOKUP($B7,'Details Critères'!$B$3:$B$39,'Details Critères'!G$3:G$39,,0) -> Oui, par un professionnel indépendant | H7: =_xlfn.XLOOKUP($B7,'Details Critères'!$B$3:$B$39,'Details Critères'!H$3:H$39,,0) -> Non, ou par un garage agréé | I7: 0.25 | J7: 0.2 | K7: =$I$7*J7 -> 0.05 | M7: =SUMPRODUCT(J7:J11,L7:L11) -> 0
B8: B2 | C8: =_xlfn.XLOOKUP($B8,'Details Critères'!$B$3:$B$39,'Details Critères'!C$3:C$39,,0) -> Je peux intégrer une batterie d'un autre constructeur | D8: =_xlfn.XLOOKUP($B8,'Details Critères'!$B$3:$B$39,'Details Critères'!D$3:D$39,,0) -> Possibilité d'intégrer une batterie d'un autre constructeur, dans le futur - communication | E8: =_xlfn.XLOOKUP($B8,'Details Critères'!$B$3:$B$39,'Details Critères'!E$3:E$39,,0) -> Protocole de communication batterie-véhicule non spécifique et open source | F8: =_xlfn.XLOOKUP($B8,'Details Critères'!$B$3:$B$39,'Details Critères'!F$3:F$39,,0) -> Protocole de communication batterie-véhicule non spécifique | G8: =_xlfn.XLOOKUP($B8,'Details Critères'!$B$3:$B$39,'Details Critères'!G$3:G$39,,0) -> Protocole de communication batterie-véhicule spécifique, mais en libre usage | H8: =_xlfn.XLOOKUP($B8,'Details Critères'!$B$3:$B$39,'Details Critères'!H$3:H$39,,0) -> Protocole de communication batterie-véhicule propriétaire | J8: 0.2 | K8: =$I$7*J8 -> 0.05
B9: B3 | C9: =_xlfn.XLOOKUP($B9,'Details Critères'!$B$3:$B$39,'Details Critères'!C$3:C$39,,0) -> Je facilite le démontage du couvercle de la batterie, et le remplacement de ses composants | D9: =_xlfn.XLOOKUP($B9,'Details Critères'!$B$3:$B$39,'Details Critères'!D$3:D$39,,0) -> Démontage du couvercle facile, et remplacement possible des composants (BMS, modules, câbles), sans endommagement de pièce | E9: =_xlfn.XLOOKUP($B9,'Details Critères'!$B$3:$B$39,'Details Critères'!E$3:E$39,,0) -> Oui, par un professionnel indépendant | F9: =_xlfn.XLOOKUP($B9,'Details Critères'!$B$3:$B$39,'Details Critères'!F$3:F$39,,0) | G9: =_xlfn.XLOOKUP($B9,'Details Critères'!$B$3:$B$39,'Details Critères'!G$3:G$39,,0) -> Oui, par un garage agréé | H9: =_xlfn.XLOOKUP($B9,'Details Critères'!$B$3:$B$39,'Details Critères'!H$3:H$39,,0) -> Non (soudures, (thermal interface material...) | J9: 0.2 | K9: =$I$7*J9 -> 0.05
B10: B4 | C10: =_xlfn.XLOOKUP($B10,'Details Critères'!$B$3:$B$39,'Details Critères'!C$3:C$39,,0) -> Je permets le remplacement des cellules à l'intérieur d'un module | D10: =_xlfn.XLOOKUP($B10,'Details Critères'!$B$3:$B$39,'Details Critères'!D$3:D$39,,0) -> Remplacement de cellules possible | E10: =_xlfn.XLOOKUP($B10,'Details Critères'!$B$3:$B$39,'Details Critères'!E$3:E$39,,0) -> Oui par un professionnel indépendant | F10: =_xlfn.XLOOKUP($B10,'Details Critères'!$B$3:$B$39,'Details Critères'!F$3:F$39,,0) -> Oui par un garage agréé | G10: =_xlfn.XLOOKUP($B10,'Details Critères'!$B$3:$B$39,'Details Critères'!G$3:G$39,,0) | H10: =_xlfn.XLOOKUP($B10,'Details Critères'!$B$3:$B$39,'Details Critères'!H$3:H$39,,0) -> Non | J10: 0.2 | K10: =$I$7*J10 -> 0.05
B11: B5 | C11: =_xlfn.XLOOKUP($B11,'Details Critères'!$B$3:$B$39,'Details Critères'!C$3:C$39,,0) -> Je dispose d'un réseau de garages habiltés pour la réparation des batteries | D11: =_xlfn.XLOOKUP($B11,'Details Critères'!$B$3:$B$39,'Details Critères'!D$3:D$39,,0) -> Réseau de garages habilités pour la réparation de la batterie | E11: =_xlfn.XLOOKUP($B11,'Details Critères'!$B$3:$B$39,'Details Critères'!E$3:E$39,,0) -> Plus de 10 garages en France, ou absence de recours à un garage agréé (cf critères B1, B5, B6) | F11: =_xlfn.XLOOKUP($B11,'Details Critères'!$B$3:$B$39,'Details Critères'!F$3:F$39,,0) -> Au moins un garage en France | G11: =_xlfn.XLOOKUP($B11,'Details Critères'!$B$3:$B$39,'Details Critères'!G$3:G$39,,0) -> Au moins un garage en UE | H11: =_xlfn.XLOOKUP($B11,'Details Critères'!$B$3:$B$39,'Details Critères'!H$3:H$39,,0) -> Pas de garage en UE | J11: 0.2 | K11: =$I$7*J11 -> 0.05
A12: Je favorise la réparabilité globale de mon véhicule | B12: C1 | C12: =_xlfn.XLOOKUP($B12,'Details Critères'!$B$3:$B$39,'Details Critères'!C$3:C$39,,0) -> J'assure la disponibilité de la documentation technique, y compris en cas de disparition de ma structure | D12: =_xlfn.XLOOKUP($B12,'Details Critères'!$B$3:$B$39,'Details Critères'!D$3:D$39,,0) -> Durée de disponibilité garantie de la documentation technique, y compris disponibilité des plans pour impression 3D le cas échéant | E12: =_xlfn.XLOOKUP($B12,'Details Critères'!$B$3:$B$39,'Details Critères'!E$3:E$39,,0) -> 12 ans et plus | F12: =_xlfn.XLOOKUP($B12,'Details Critères'!$B$3:$B$39,'Details Critères'!F$3:F$39,,0) -> 11 ans | G12: =_xlfn.XLOOKUP($B12,'Details Critères'!$B$3:$B$39,'Details Critères'!G$3:G$39,,0) -> 10 ans | H12: =_xlfn.XLOOKUP($B12,'Details Critères'!$B$3:$B$39,'Details Critères'!H$3:H$39,,0) -> 9 ans ou moins | I12: =1-I3-I7 -> 0.5 | J12: 0.4 | K12: =I$12*J12 -> 0.2 | M12: =SUMPRODUCT(J12:J14,L12:L14) -> 0
B13: C2 | C13: =_xlfn.XLOOKUP($B13,'Details Critères'!$B$3:$B$39,'Details Critères'!C$3:C$39,,0) -> Je dispose d'un réseau de garages ou ateliers habilités pour la réparation du véhicule | D13: =_xlfn.XLOOKUP($B13,'Details Critères'!$B$3:$B$39,'Details Critères'!D$3:D$39,,0) -> Réseau de garages habilités pour la réparation du véhicule | E13: =_xlfn.XLOOKUP($B13,'Details Critères'!$B$3:$B$39,'Details Critères'!E$3:E$39,,0) -> Plus de 10 garages en France | F13: =_xlfn.XLOOKUP($B13,'Details Critères'!$B$3:$B$39,'Details Critères'!F$3:F$39,,0) -> Au moins un garage en France | G13: =_xlfn.XLOOKUP($B13,'Details Critères'!$B$3:$B$39,'Details Critères'!G$3:G$39,,0) -> Au moins un garage en UE | H13: =_xlfn.XLOOKUP($B13,'Details Critères'!$B$3:$B$39,'Details Critères'!H$3:H$39,,0) -> Pas de garage en UE | J13: 0.3 | K13: =I$12*J13 -> 0.15
B14: C4 | C14: =_xlfn.XLOOKUP($B14,'Details Critères'!$B$3:$B$39,'Details Critères'!C$3:C$39,,0) -> J'assure la disponibilité des pièces détachées dans le temps (hors batterie) | D14: =_xlfn.XLOOKUP($B14,'Details Critères'!$B$3:$B$39,'Details Critères'!D$3:D$39,,0) -> Durée de disponibilité garantie des pièces détachées (hors batterie) (10/10 si pas de pièce propriétaire) | E14: =_xlfn.XLOOKUP($B14,'Details Critères'!$B$3:$B$39,'Details Critères'!E$3:E$39,,0) -> 7 ans ou plus | F14: =_xlfn.XLOOKUP($B14,'Details Critères'!$B$3:$B$39,'Details Critères'!F$3:F$39,,0) -> 5 ou 6 ans | G14: =_xlfn.XLOOKUP($B14,'Details Critères'!$B$3:$B$39,'Details Critères'!G$3:G$39,,0) -> 3 ou 4 ans | H14: =_xlfn.XLOOKUP($B14,'Details Critères'!$B$3:$B$39,'Details Critères'!H$3:H$39,,0) -> 2 ans ou moins | J14: 0.3 | K14: =I$12*J14 -> 0.15

Sheet Details Critères
A1: Sujets liés à la durabilité | C1: Leviers pour améliorer la réparabilité des produits | D1: Critères | E1: A | F1: B | G1: C | H1: D | I1: Pourquoi ce critère ? | J1: Commentaires / compléments
E2: 10 | F2: 6 | G2: 3 | H2: 0
A3: Je favorise une longue durée de vie et la confiance dans la 2ème main | B3: A1 | C3: Je mets à disposition un passeport digital de mes produits, intégrant : - documentation technique du véhicule - carnet d'entretien et maintenance - empreinte environnementale | D3: Passeport digital | E3: Oui | G3: Non | I3: Le passeport digital inclut des informations sur les véhicules, dont une identification unique, des données sur les composants, son historique de maintenance…
B4: A2 | C4: Je mets à disposition des consommateurs des informations permettant de jauger l'état de santé de mes batteries | D4: Accès à l'état de santé de la batterie (à définir) | E4: Oui, par tout utilisateur | G4: Oui, par un professionel indépendant | H4: Non | I4: Permet de valoriser la batterie et d'identifier sa durée de vie restante
B5: A3 | C5: Je garantie une longue durée de vie pour la batterie, pour une capacité restante de 70% ou plus | D5: Durée de garantie de la batterie | E5: garantie à 15 ans ou 2000 cycles | F5: garantie à 10 ans ou 1000 cycles | G5: Garanti à 8 ans ou 500 cycles | H5: Non garanti à 8 ans et 500 cycles | I5: Augmente les chance d'une longue durée de vie de la batterie
B6: A4 | C6: J'installe un compteur kilométrique sur mon véhicule | D6: Compteur kilométrique véhicule / moteur | E6: Oui, lisible et non réinitialisable | F6: Oui, lisible mais réinitialisable avec un outil constructeur | G6: Oui, lisible mais réinitialisable par un professionnel indépendant | H6: Non lisible ou réinitialisable | I6: Etre capable de connaitre le nombre de kilomètres parcourus par le véhicule (moteur) | J6: Obligatoire hors VAE et L1e-A Article R317-5 - Code de la route
B7: A5 | C7: Je garantie une évolutivité et une souveraineté logicielle du véhicule pour les fonctions de conduite et de sécurité | D7: L'utilisateur peut mettre à jour les logiciels pour des besoins de sécurités ou de maintenance. Leur opérabilité et la protection des données est garantie | E7: Utilisation de logiciels libres ou absence de logiciels | F7: Les logiciels sont propriétaires, Européens. Les mises à jours sont gratuites et garanties 15 ans ou plus | G7: Les logiciels sont propriétaires, Européens | H7: Les logiciels sont propriétaires, tout ou partie non Européens
A8: Je favorise la réparabilité et le remplacement de la batterie | B8: B1 | C8: Je permets le retrait de la batterie | D8: Retrait de la batterie et remplacement par une batterie identique possible | E8: Oui, par le propriétaire, sans outil | F8: Oui, par le propriétaire, avec des outils standards, sans perte de garantie | G8: Oui, par un professionnel indépendant | H8: Non, ou par un garage agréé | I8: Pouvoir enlever facilement la batterie et la remplacer par une autre identique | J8: règlement batterie (UE) 2023/1542, article 11, MTL: 18/02/2027
B9: B2 | C9: Je peux intégrer une batterie d'un autre constructeur | D9: Possibilité d'intégrer une batterie d'un autre constructeur, dans le futur - communication | E9: Protocole de communication batterie-véhicule non spécifique et open source | F9: Protocole de communication batterie-véhicule non spécifique | G9: Protocole de communication batterie-véhicule spécifique, mais en libre usage | H9: Protocole de communication batterie-véhicule propriétaire | I9: Assure la capacité à maintenir le véhicule en fonctionnement en cas de défaillance de la batterie (et de son fabricant) | J9: règlement batterie (UE) 2023/1542, article 11, MTL: 18/02/2027
B10: B3 | C10: Je facilite le démontage du couvercle de la batterie, et le remplacement de ses composants | D10: Démontage du couvercle facile, et remplacement possible des composants (BMS, modules, câbles), sans endommagement de pièce | E10: Oui, par un professionnel indépendant | G10: Oui, par un garage agréé | H10: Non (soudures, (thermal interface material...) | I10: Permet d'identifier visuellement un problème et d'accéder aux composants. | J10: règlement batterie (UE) 2023/1542, article 11, MTL: 18/02/2027
B11: B4 | C11: Je permets le remplacement des cellules à l'intérieur d'un module | D11: Remplacement de cellules possible | E11: Oui par un professionnel indépendant | F11: Oui par un garage agréé | H11: Non | I11: Remplacement des cellules à l'intérieur d'un module | J11: règlement batterie (UE) 2023/1542, article 11, MTL: 18/02/2027
B12: B5 | C12: Je dispose d'un réseau de garages habiltés pour la réparation des batteries | D12: Réseau de garages habilités pour la réparation de la batterie | E12: Plus de 10 garages en France, ou absence de recours à un garage agréé (cf critères B1, B5, B6) | F12: Au moins un garage en France | G12: Au moins un garage en UE | H12: Pas de garage en UE
C13: J'affiche des informations sur la chimie des batteries | D13: Chimie de la batterie indiquée sur le pack | E13: Oui, éventuellement via un QRCode | H13: Non | I13: Permet au recycleur de mettre en œuvre les bonnes procédures | J13: règlement batterie (UE) 2023/1542, article 13
C14: J'assure la disponibilité de la documentation technique, y compris en cas de disparition du fabricant | D14: Durée de disponibilité garantie de la documentation technique (capacité, tension, cellules, protocole le cas échéant) | E14: 12 ans et plus | F14: 10 ans et plus | I14: Facilite le remplacement de la batterie en cas de défaillance | J14: règlement batterie (UE) 2023/1542, article 38 : 10ans
C15: Je peux intégrer une batterie d'un autre constructeur | D15: Possibilité d'intégrer une batterie d'un autre constructeur, dans le futur - mécanique | E15: Batterie fixée sur le chassis, non intégrée | G15: Batterie intégrée dans le chassis | I15: Assure la capacité à maintenir le véhicule en fonctionnement en cas de défaillance de la batterie (et de son fabricant)
C16: Je peux intégrer une batterie d'un autre constructeur | D16: Possibilité d'intégrer une batterie d'un autre constructeur, dans le futur - connectique électrique | E16: Connectique batterie-véhicule non spécifique et open source | F16: Connectique batterie-véhicule non spécifique | G16: Connectique batterie-véhicule spécifique, mais en libre usage | H16: Connectique batterie-véhicule propriétaire | I16: Assure la capacité à maintenir le véhicule en fonctionnement en cas de défaillance de la batterie (et de son fabricant)
A17: Je favorise la réparabilité globale de mon véhicule | B17: C1 | C17: J'assure la disponibilité de la documentation technique, y compris en cas de disparition de ma structure | D17: Durée de disponibilité garantie de la documentation technique, y compris disponibilité des plans pour impression 3D le cas échéant | E17: 12 ans et plus | F17: 11 ans | G17: 10 ans | H17: 9 ans ou moins | I17: Permettre le démontage / montage du véhicule dans la durée
B18: C2 | C18: Je dispose d'un réseau de garages ou ateliers habilités pour la réparation du véhicule | D18: Réseau de garages habilités pour la réparation du véhicule | E18: Plus de 10 garages en France | F18: Au moins un garage en France | G18: Au moins un garage en UE | H18: Pas de garage en UE | I18: Permet d'améliorer la réparabilité globale du véhicule
B19: C3 | C19: Je favorise la réparabilité de mon véhicule | D19: Indice de réparabilité VAE (noté de 0 à 10) | E19: Non applicable | F19: Non applicable | G19: Non applicable | H19: Non applicable | I19: Permet de remplacer uniquement les pièces endommagées en cas d'accident
B20: C4 | C20: J'assure la disponibilité des pièces détachées dans le temps (hors batterie) | D20: Durée de disponibilité garantie des pièces détachées (hors batterie) (10/10 si pas de pièce propriétaire) | E20: 7 ans ou plus | F20: 5 ou 6 ans | G20: 3 ou 4 ans | H20: 2 ans ou moins | I20: Permet d'assurer la réparabilité du véhicule dans la durée | J20: Echelle de durée à caler selon les retours constructeurs

Sheet Notes
B1: Définitions :
B2: Professionnel indépendant | C2: Professionnel qualifié pour la réparation du type de véhicule concerné, sans qu'il ait à posséder des outils ou habilitations spécifiques au constructeur
B3: Garage habilité | C3: Capable de fournir des pièces spécifiques constructeur, dispose d'outils et d'une expertise spécifique sur le véhicule qui est nécessaire à sa réparation
B5: Grille de conversion | C5: Note | D5: coefficient de durabilité
B6: Minimum | C6: 0 | D6: 0.5
B7: Maximum | C7: 10 | D7: 1.5
B9: calculette nb de cycles batterie
B10: durée de vie (en nb de cycles) | C10: 1000
B11: capacité (en kWh) | C11: 60
B12: durée de vie (en kWh) | C12: =C10*C11 -> 60000
B13: conso. (en kWh/100km) | C13: 17
B14: durée de vie (en km) | C14: =C12*100/C13 -> 352941.18
